scenario_id,time_id,generator_name,demand,previous_demand,next_demand,total_wind_generation_capacity,previous_wind_generation_capacity,next_wind_generation_capacity,residual_demand,previous_residual_demand,next_residual_demand,total_demand_over_horizon,total_wind_over_horizon,total_residual_over_horizon,target_bid_W3_B1
0,0,W3,92.65150575826738,85.14709911983199,93.60685276728195,44.39628504534376,43.955391518149874,41.856780476110345,48.25522071292362,41.19170760168212,51.750072291171605,2405.591816863427,1136.4817131234586,1269.1101037399685,0.5
0,1,W3,93.60685276728195,92.65150575826738,92.7207887203088,41.856780476110345,44.39628504534376,45.53341236463795,51.750072291171605,48.25522071292362,47.18737635567086,2405.591816863427,1136.4817131234586,1269.1101037399685,0.5
0,2,W3,92.7207887203088,93.60685276728195,96.05743829963068,45.53341236463795,41.856780476110345,41.989048489751184,47.18737635567086,51.750072291171605,54.06838980987949,2405.591816863427,1136.4817131234586,1269.1101037399685,0.5
0,3,W3,96.05743829963068,92.7207887203088,99.89333896249862,41.989048489751184,45.53341236463795,44.16891814797721,54.06838980987949,47.18737635567086,55.72442081452141,2405.591816863427,1136.4817131234586,1269.1101037399685,0.5
0,4,W3,99.89333896249862,96.05743829963068,104.35405856071891,44.16891814797721,41.989048489751184,47.123814016550234,55.72442081452141,54.06838980987949,57.23024454416868,2405.591816863427,1136.4817131234586,1269.1101037399685,0.5
0,5,W3,104.35405856071891,99.89333896249862,107.72150919940471,47.123814016550234,44.16891814797721,44.41355599831826,57.23024454416868,55.72442081452141,63.30795320108645,2405.591816863427,1136.4817131234586,1269.1101037399685,0.5
0,6,W3,107.72150919940471,104.35405856071891,110.32688602031646,44.41355599831826,47.123814016550234,44.51467196535303,63.30795320108645,57.23024454416868,65.81221405496343,2405.591816863427,1136.4817131234586,1269.1101037399685,0.5
0,7,W3,110.32688602031646,107.72150919940471,106.6717896946195,44.51467196535303,44.41355599831826,46.69198626700079,65.81221405496343,63.30795320108645,59.97980342761871,2405.591816863427,1136.4817131234586,1269.1101037399685,0.5
0,8,W3,106.6717896946195,110.32688602031646,103.02216917137679,46.69198626700079,44.51467196535303,47.639245283185424,59.97980342761871,65.81221405496343,55.382923888191364,2405.591816863427,1136.4817131234586,1269.1101037399685,0.5
0,9,W3,103.02216917137679,106.6717896946195,99.39924567585562,47.639245283185424,46.69198626700079,48.053484117508816,55.382923888191364,59.97980342761871,51.34576155834681,2405.591816863427,1136.4817131234586,1269.1101037399685,0.5
0,10,W3,99.39924567585562,103.02216917137679,101.66634515060508,48.053484117508816,47.639245283185424,49.36247190316524,51.34576155834681,55.382923888191364,52.30387324743984,2405.591816863427,1136.4817131234586,1269.1101037399685,0.5
0,11,W3,101.66634515060508,99.39924567585562,105.35703928744908,49.36247190316524,48.053484117508816,51.044049205407724,52.30387324743984,51.34576155834681,54.31299008204136,2405.591816863427,1136.4817131234586,1269.1101037399685,0.5
0,12,W3,105.35703928744908,101.66634515060508,109.33958188157504,51.044049205407724,49.36247190316524,52.07525868613818,54.31299008204136,52.30387324743984,57.264323195436866,2405.591816863427,1136.4817131234586,1269.1101037399685,0.5
0,13,W3,109.33958188157504,105.35703928744908,110.81033909233278,52.07525868613818,51.044049205407724,54.46832237326837,57.264323195436866,54.31299008204136,56.34201671906441,2405.591816863427,1136.4817131234586,1269.1101037399685,0.5
0,14,W3,110.81033909233278,109.33958188157504,110.95274436634249,54.46832237326837,52.07525868613818,54.44344457139776,56.34201671906441,57.264323195436866,56.509299794944724,2405.591816863427,1136.4817131234586,1269.1101037399685,0.5
0,15,W3,110.95274436634249,110.81033909233278,108.8130288862966,54.44344457139776,54.46832237326837,51.36049171414221,56.509299794944724,56.34201671906441,57.45253717215439,2405.591816863427,1136.4817131234586,1269.1101037399685,0.5
0,16,W3,108.8130288862966,110.95274436634249,104.04789940532977,51.36049171414221,54.44344457139776,50.56766599521865,57.45253717215439,56.509299794944724,53.480233410111126,2405.591816863427,1136.4817131234586,1269.1101037399685,0.5
0,17,W3,104.04789940532977,108.8130288862966,102.68813904660328,50.56766599521865,51.36049171414221,51.96419398015176,53.480233410111126,57.45253717215439,50.72394506645152,2405.591816863427,1136.4817131234586,1269.1101037399685,0.5
0,18,W3,102.68813904660328,104.04789940532977,100.45754683967189,51.96419398015176,50.56766599521865,46.16384832777189,50.72394506645152,53.480233410111126,54.293698511900004,2405.591816863427,1136.4817131234586,1269.1101037399685,0.5
0,19,W3,100.45754683967189,102.68813904660328,90.08213839357563,46.16384832777189,51.96419398015176,44.75194578019519,54.293698511900004,50.72394506645152,45.33019261338044,2405.591816863427,1136.4817131234586,1269.1101037399685,0.5
0,20,W3,90.08213839357563,100.45754683967189,84.68136099257636,44.75194578019519,46.16384832777189,46.00236160052219,45.33019261338044,54.293698511900004,38.678999392054166,2405.591816863427,1136.4817131234586,1269.1101037399685,0.5
0,21,W3,84.68136099257636,90.08213839357563,85.12297157095783,46.00236160052219,44.75194578019519,43.94106529619252,38.678999392054166,45.33019261338044,41.18190627476531,2405.591816863427,1136.4817131234586,1269.1101037399685,0.5
0,22,W3,85.12297157095783,84.68136099257636,85.14709911983199,43.94106529619252,46.00236160052219,43.955391518149874,41.18190627476531,38.678999392054166,41.19170760168212,2405.591816863427,1136.4817131234586,1269.1101037399685,0.5
0,23,W3,85.14709911983199,85.12297157095783,92.65150575826738,43.955391518149874,43.94106529619252,44.39628504534376,41.19170760168212,41.18190627476531,48.25522071292362,2405.591816863427,1136.4817131234586,1269.1101037399685,0.5
1,0,W3,89.52942459092874,86.2869114572617,90.11419859439859,74.24809949780794,75.93407461088381,71.7809525555277,15.281325093120799,10.352836846377883,18.333246038870882,2314.5333746057645,2011.7583574814362,302.7750171243283,0.5
1,1,W3,90.11419859439859,89.52942459092874,88.51618720181982,71.7809525555277,74.24809949780794,72.55576483340229,18.333246038870882,15.281325093120799,15.960422368417525,2314.5333746057645,2011.7583574814362,302.7750171243283,0.5
1,2,W3,88.51618720181982,90.11419859439859,87.2098386489551,72.55576483340229,71.7809525555277,77.24072173628386,15.960422368417525,18.333246038870882,9.96911691267124,2314.5333746057645,2011.7583574814362,302.7750171243283,0.5
1,3,W3,87.2098386489551,88.51618720181982,95.13375673358438,77.24072173628386,72.55576483340229,76.35832376063253,9.96911691267124,15.960422368417525,18.775432972951847,2314.5333746057645,2011.7583574814362,302.7750171243283,0.5
1,4,W3,95.13375673358438,87.2098386489551,98.6901273144014,76.35832376063253,77.24072173628386,77.85262239094655,18.775432972951847,9.96911691267124,20.837504923454844,2314.5333746057645,2011.7583574814362,302.7750171243283,0.5
1,5,W3,98.6901273144014,95.13375673358438,100.72641824880778,77.85262239094655,76.35832376063253,75.67616303163324,20.837504923454844,18.775432972951847,25.050255217174538,2314.5333746057645,2011.7583574814362,302.7750171243283,0.5
1,6,W3,100.72641824880778,98.6901273144014,102.96241824324443,75.67616303163324,77.85262239094655,80.28699349487967,25.050255217174538,20.837504923454844,22.67542474836476,2314.5333746057645,2011.7583574814362,302.7750171243283,0.5
1,7,W3,102.96241824324443,100.72641824880778,101.45567645502828,80.28699349487967,75.67616303163324,84.2082810809466,22.67542474836476,25.050255217174538,17.247395374081677,2314.5333746057645,2011.7583574814362,302.7750171243283,0.5
1,8,W3,101.45567645502828,102.96241824324443,100.41932967214504,84.2082810809466,80.28699349487967,84.41116444601943,17.247395374081677,22.67542474836476,16.008165226125612,2314.5333746057645,2011.7583574814362,302.7750171243283,0.5
1,9,W3,100.41932967214504,101.45567645502828,97.73647736027256,84.41116444601943,84.2082810809466,86.57344364839211,16.008165226125612,17.247395374081677,11.163033711880445,2314.5333746057645,2011.7583574814362,302.7750171243283,0.5
1,10,W3,97.73647736027256,100.41932967214504,97.99414645736213,86.57344364839211,84.41116444601943,89.60866284374737,11.163033711880445,16.008165226125612,8.385483613614767,2314.5333746057645,2011.7583574814362,302.7750171243283,0.5
1,11,W3,97.99414645736213,97.73647736027256,99.78713488906186,89.60866284374737,86.57344364839211,91.07606463270639,8.385483613614767,11.163033711880445,8.71107025635547,2314.5333746057645,2011.7583574814362,302.7750171243283,0.5
1,12,W3,99.78713488906186,97.99414645736213,105.64031326757835,91.07606463270639,89.60866284374737,96.31131809134871,8.71107025635547,8.385483613614767,9.32899517622964,2314.5333746057645,2011.7583574814362,302.7750171243283,0.5
1,13,W3,105.64031326757835,99.78713488906186,106.41368963426905,96.31131809134871,91.07606463270639,98.64172793856525,9.32899517622964,8.71107025635547,7.771961695703794,2314.5333746057645,2011.7583574814362,302.7750171243283,0.5
1,14,W3,106.41368963426905,105.64031326757835,108.58032332124485,98.64172793856525,96.31131809134871,99.13367438250344,7.771961695703794,9.32899517622964,9.446648938741404,2314.5333746057645,2011.7583574814362,302.7750171243283,0.5
1,15,W3,108.58032332124485,106.41368963426905,109.31418619239966,99.13367438250344,98.64172793856525,97.60141898113183,9.446648938741404,7.771961695703794,11.712767211267831,2314.5333746057645,2011.7583574814362,302.7750171243283,0.5
1,16,W3,109.31418619239966,108.58032332124485,100.82862551029726,97.60141898113183,99.13367438250344,90.85366336040364,11.712767211267831,9.446648938741404,9.974962149893614,2314.5333746057645,2011.7583574814362,302.7750171243283,0.5
1,17,W3,100.82862551029726,109.31418619239966,90.94797754615934,90.85366336040364,97.60141898113183,87.71102920043964,9.974962149893614,11.712767211267831,3.2369483457196964,2314.5333746057645,2011.7583574814362,302.7750171243283,0.5
1,18,W3,90.94797754615934,100.82862551029726,89.75801618231574,87.71102920043964,90.85366336040364,83.69348678477024,3.2369483457196964,9.974962149893614,6.064529397545499,2314.5333746057645,2011.7583574814362,302.7750171243283,0.5
1,19,W3,89.75801618231574,90.94797754615934,93.22242183657198,83.69348678477024,87.71102920043964,82.70773149965565,6.064529397545499,3.2369483457196964,10.514690336916331,2314.5333746057645,2011.7583574814362,302.7750171243283,0.5
1,20,W3,93.22242183657198,89.75801618231574,88.4849210060202,82.70773149965565,83.69348678477024,79.5549039045349,10.514690336916331,6.064529397545499,8.930017101485305,2314.5333746057645,2011.7583574814362,302.7750171243283,0.5
1,21,W3,88.4849210060202,93.22242183657198,84.7808542416361,79.5549039045349,82.70773149965565,77.73807077427337,8.930017101485305,10.514690336916331,7.042783467362739,2314.5333746057645,2011.7583574814362,302.7750171243283,0.5
1,22,W3,84.7808542416361,88.4849210060202,86.2869114572617,77.73807077427337,79.5549039045349,75.93407461088381,7.042783467362739,8.930017101485305,10.352836846377883,2314.5333746057645,2011.7583574814362,302.7750171243283,0.5
1,23,W3,86.2869114572617,84.7808542416361,89.52942459092874,75.93407461088381,77.73807077427337,74.24809949780794,10.352836846377883,7.042783467362739,15.281325093120799,2314.5333746057645,2011.7583574814362,302.7750171243283,0.5
2,0,W3,104.96371633294564,104.1755231098357,105.73897682723133,74.70519159630152,75.46426149359793,73.65401297984567,30.25852473664412,28.711261616237763,32.08496384738565,2791.7837824773014,1963.1138003109563,828.6699821663451,0.5
2,1,W3,105.73897682723133,104.96371633294564,104.8802501407891,73.65401297984567,74.70519159630152,73.26678085935887,32.08496384738565,30.25852473664412,31.613469281430227,2791.7837824773014,1963.1138003109563,828.6699821663451,0.5
2,2,W3,104.8802501407891,105.73897682723133,111.62738117168422,73.26678085935887,73.65401297984567,73.9249215327456,31.613469281430227,32.08496384738565,37.70245963893862,2791.7837824773014,1963.1138003109563,828.6699821663451,0.5
2,3,W3,111.62738117168422,104.8802501407891,113.58898749917898,73.9249215327456,73.26678085935887,74.29665987021238,37.70245963893862,31.613469281430227,39.2923276289666,2791.7837824773014,1963.1138003109563,828.6699821663451,0.5
2,4,W3,113.58898749917898,111.62738117168422,118.36633034704056,74.29665987021238,73.9249215327456,74.21392398815755,39.2923276289666,37.70245963893862,44.15240635888301,2791.7837824773014,1963.1138003109563,828.6699821663451,0.5
2,5,W3,118.36633034704056,113.58898749917898,124.19924795510693,74.21392398815755,74.29665987021238,75.94525691679618,44.15240635888301,39.2923276289666,48.253991038310744,2791.7837824773014,1963.1138003109563,828.6699821663451,0.5
2,6,W3,124.19924795510693,118.36633034704056,125.08457640536945,75.94525691679618,74.21392398815755,78.04778778674245,48.253991038310744,44.15240635888301,47.036788618627,2791.7837824773014,1963.1138003109563,828.6699821663451,0.5
2,7,W3,125.08457640536945,124.19924795510693,123.50962025233841,78.04778778674245,75.94525691679618,79.17585725377012,47.036788618627,48.253991038310744,44.33376299856829,2791.7837824773014,1963.1138003109563,828.6699821663451,0.5
2,8,W3,123.50962025233841,125.08457640536945,119.05696008525479,79.17585725377012,78.04778778674245,83.1049052441073,44.33376299856829,47.036788618627,35.952054841147486,2791.7837824773014,1963.1138003109563,828.6699821663451,0.5
2,9,W3,119.05696008525479,123.50962025233841,116.36913725612479,83.1049052441073,79.17585725377012,85.47240328293483,35.952054841147486,44.33376299856829,30.896733973189953,2791.7837824773014,1963.1138003109563,828.6699821663451,0.5
2,10,W3,116.36913725612479,119.05696008525479,115.25578448169158,85.47240328293483,83.1049052441073,87.80442870336634,30.896733973189953,35.952054841147486,27.451355778325237,2791.7837824773014,1963.1138003109563,828.6699821663451,0.5
2,11,W3,115.25578448169158,116.36913725612479,119.68028547281389,87.80442870336634,85.47240328293483,90.52483183350881,27.451355778325237,30.896733973189953,29.15545363930508,2791.7837824773014,1963.1138003109563,828.6699821663451,0.5
2,12,W3,119.68028547281389,115.25578448169158,125.78177925519786,90.52483183350881,87.80442870336634,92.17293037787127,29.15545363930508,27.451355778325237,33.608848877326594,2791.7837824773014,1963.1138003109563,828.6699821663451,0.5
2,13,W3,125.78177925519786,119.68028547281389,129.7106592628005,92.17293037787127,90.52483183350881,93.12324372403529,33.608848877326594,29.15545363930508,36.587415538765214,2791.7837824773014,1963.1138003109563,828.6699821663451,0.5
2,14,W3,129.7106592628005,125.78177925519786,130.7886303562231,93.12324372403529,92.17293037787127,92.68633856439611,36.587415538765214,33.608848877326594,38.102291791827,2791.7837824773014,1963.1138003109563,828.6699821663451,0.5
2,15,W3,130.7886303562231,129.7106592628005,127.5690503996495,92.68633856439611,93.12324372403529,92.39469863739697,38.102291791827,36.587415538765214,35.17435176225253,2791.7837824773014,1963.1138003109563,828.6699821663451,0.5
2,16,W3,127.5690503996495,130.7886303562231,124.18176843308338,92.39469863739697,92.68633856439611,89.42711575511096,35.17435176225253,38.102291791827,34.754652677972416,2791.7837824773014,1963.1138003109563,828.6699821663451,0.5
2,17,W3,124.18176843308338,127.5690503996495,117.8536148942381,89.42711575511096,92.39469863739697,85.57265145891841,34.754652677972416,35.17435176225253,32.28096343531969,2791.7837824773014,1963.1138003109563,828.6699821663451,0.5
2,18,W3,117.8536148942381,124.18176843308338,112.83599087630547,85.57265145891841,89.42711575511096,83.16835853242071,32.28096343531969,34.754652677972416,29.667632343884762,2791.7837824773014,1963.1138003109563,828.6699821663451,0.5
2,19,W3,112.83599087630547,117.8536148942381,108.26802101547976,83.16835853242071,85.57265145891841,79.0042510380045,29.667632343884762,32.28096343531969,29.263769977475263,2791.7837824773014,1963.1138003109563,828.6699821663451,0.5
2,20,W3,108.26802101547976,112.83599087630547,105.5955445936083,79.0042510380045,83.16835853242071,78.7384913351022,29.263769977475263,29.667632343884762,26.8570532585061,2791.7837824773014,1963.1138003109563,828.6699821663451,0.5
2,21,W3,105.5955445936083,108.26802101547976,102.70194605331004,78.7384913351022,79.0042510380045,77.22449754625426,26.8570532585061,29.263769977475263,25.477448507055783,2791.7837824773014,1963.1138003109563,828.6699821663451,0.5
2,22,W3,102.70194605331004,105.5955445936083,104.1755231098357,77.22449754625426,78.7384913351022,75.46426149359793,25.477448507055783,26.8570532585061,28.711261616237763,2791.7837824773014,1963.1138003109563,828.6699821663451,0.5
2,23,W3,104.1755231098357,102.70194605331004,104.96371633294564,75.46426149359793,77.22449754625426,74.70519159630152,28.711261616237763,25.477448507055783,30.25852473664412,2791.7837824773014,1963.1138003109563,828.6699821663451,0.5
3,0,W3,91.67178745136377,87.3263663595889,92.87572448780888,61.73217067882395,63.85954030125272,63.037499878670545,29.93961677253982,23.46682605833618,29.838224609138337,2462.334708742887,1743.9119503310508,718.4227584118362,0.5
3,1,W3,92.87572448780888,91.67178745136377,93.50253399875163,63.037499878670545,61.73217067882395,65.71179247076623,29.838224609138337,29.93961677253982,27.790741527985404,2462.334708742887,1743.9119503310508,718.4227584118362,0.5
3,2,W3,93.50253399875163,92.87572448780888,99.54017839858156,65.71179247076623,63.037499878670545,67.00735324973344,27.790741527985404,29.838224609138337,32.53282514884812,2462.334708742887,1743.9119503310508,718.4227584118362,0.5
3,3,W3,99.54017839858156,93.50253399875163,102.49458791748829,67.00735324973344,65.71179247076623,67.02290390280841,32.53282514884812,27.790741527985404,35.47168401467988,2462.334708742887,1743.9119503310508,718.4227584118362,0.5
3,4,W3,102.49458791748829,99.54017839858156,107.30090808151994,67.02290390280841,67.00735324973344,68.66483343908769,35.47168401467988,32.53282514884812,38.63607464243225,2462.334708742887,1743.9119503310508,718.4227584118362,0.5
3,5,W3,107.30090808151994,102.49458791748829,113.10105087352828,68.66483343908769,67.02290390280841,68.01070507596603,38.63607464243225,35.47168401467988,45.09034579756225,2462.334708742887,1743.9119503310508,718.4227584118362,0.5
3,6,W3,113.10105087352828,107.30090808151994,113.22847444157553,68.01070507596603,68.66483343908769,70.4403524139672,45.09034579756225,38.63607464243225,42.788122027608324,2462.334708742887,1743.9119503310508,718.4227584118362,0.5
3,7,W3,113.22847444157553,113.10105087352828,114.89390019732507,70.4403524139672,68.01070507596603,72.36653982962625,42.788122027608324,45.09034579756225,42.52736036769882,2462.334708742887,1743.9119503310508,718.4227584118362,0.5
3,8,W3,114.89390019732507,113.22847444157553,108.7887888300808,72.36653982962625,70.4403524139672,74.54472994154325,42.52736036769882,42.788122027608324,34.24405888853755,2462.334708742887,1743.9119503310508,718.4227584118362,0.5
3,9,W3,108.7887888300808,114.89390019732507,103.65530007477044,74.54472994154325,72.36653982962625,79.36438441003347,34.24405888853755,42.52736036769882,24.29091566473697,2462.334708742887,1743.9119503310508,718.4227584118362,0.5
3,10,W3,103.65530007477044,108.7887888300808,103.36189674347102,79.36438441003347,74.54472994154325,77.81984374271138,24.29091566473697,34.24405888853755,25.542053000759637,2462.334708742887,1743.9119503310508,718.4227584118362,0.5
3,11,W3,103.36189674347102,103.65530007477044,107.17777663647215,77.81984374271138,79.36438441003347,81.6725528749532,25.542053000759637,24.29091566473697,25.50522376151895,2462.334708742887,1743.9119503310508,718.4227584118362,0.5
3,12,W3,107.17777663647215,103.36189674347102,108.99528521541492,81.6725528749532,77.81984374271138,82.46575864607209,25.50522376151895,25.542053000759637,26.529526569342835,2462.334708742887,1743.9119503310508,718.4227584118362,0.5
3,13,W3,108.99528521541492,107.17777663647215,113.30281687531338,82.46575864607209,81.6725528749532,84.02094343874117,26.529526569342835,25.50522376151895,29.281873436572212,2462.334708742887,1743.9119503310508,718.4227584118362,0.5
3,14,W3,113.30281687531338,108.99528521541492,110.30284423228996,84.02094343874117,82.46575864607209,83.18945792767659,29.281873436572212,26.529526569342835,27.11338630461337,2462.334708742887,1743.9119503310508,718.4227584118362,0.5
3,15,W3,110.30284423228996,113.30281687531338,112.48741712966248,83.18945792767659,84.02094343874117,80.3102192144996,27.11338630461337,29.281873436572212,32.17719791516288,2462.334708742887,1743.9119503310508,718.4227584118362,0.5
3,16,W3,112.48741712966248,110.30284423228996,107.9972607679331,80.3102192144996,83.18945792767659,78.56897280161533,32.17719791516288,27.11338630461337,29.428287966317768,2462.334708742887,1743.9119503310508,718.4227584118362,0.5
3,17,W3,107.9972607679331,112.48741712966248,101.70028101582318,78.56897280161533,80.3102192144996,76.87449212153896,29.428287966317768,32.17719791516288,24.825788894284216,2462.334708742887,1743.9119503310508,718.4227584118362,0.5
3,18,W3,101.70028101582318,107.9972607679331,95.78960302866012,76.87449212153896,78.56897280161533,75.8650080896818,24.825788894284216,29.428287966317768,19.92459493897833,2462.334708742887,1743.9119503310508,718.4227584118362,0.5
3,19,W3,95.78960302866012,101.70028101582318,92.77946032810853,75.8650080896818,76.87449212153896,68.19676678459507,19.92459493897833,24.825788894284216,24.582693543513457,2462.334708742887,1743.9119503310508,718.4227584118362,0.5
3,20,W3,92.77946032810853,95.78960302866012,91.34890659482953,68.19676678459507,75.8650080896818,65.73386043933397,24.582693543513457,19.92459493897833,25.615046155495563,2462.334708742887,1743.9119503310508,718.4227584118362,0.5
3,21,W3,91.34890659482953,92.77946032810853,88.71155906252542,65.73386043933397,68.19676678459507,67.4312686573525,25.615046155495563,24.582693543513457,21.28029040517292,2462.334708742887,1743.9119503310508,718.4227584118362,0.5
3,22,W3,88.71155906252542,91.34890659482953,87.3263663595889,67.4312686573525,65.73386043933397,63.85954030125272,21.28029040517292,25.615046155495563,23.46682605833618,2462.334708742887,1743.9119503310508,718.4227584118362,0.5
3,23,W3,87.3263663595889,88.71155906252542,91.67178745136377,63.85954030125272,67.4312686573525,61.73217067882395,23.46682605833618,21.28029040517292,29.93961677253982,2462.334708742887,1743.9119503310508,718.4227584118362,0.5
4,0,W3,78.95881963800292,78.30728208662337,77.49709718572156,70.50194711195832,72.07787251149155,70.37267038511261,8.456872526044606,6.229409575131825,7.124426800608944,2063.1759369475662,1906.0804366400412,157.09550030752507,0.5
4,1,W3,77.49709718572156,78.95881963800292,78.91855875842631,70.37267038511261,70.50194711195832,70.2195267688345,7.124426800608944,8.456872526044606,8.699031989591816,2063.1759369475662,1906.0804366400412,157.09550030752507,0.5
4,2,W3,78.91855875842631,77.49709718572156,81.45852875071257,70.2195267688345,70.37267038511261,71.07917420131734,8.699031989591816,7.124426800608944,10.37935454939523,2063.1759369475662,1906.0804366400412,157.09550030752507,0.5
4,3,W3,81.45852875071257,78.91855875842631,84.44864072705866,71.07917420131734,70.2195267688345,70.56914633078017,10.37935454939523,8.699031989591816,13.879494396278488,2063.1759369475662,1906.0804366400412,157.09550030752507,0.5
4,4,W3,84.44864072705866,81.45852875071257,88.88783425755197,70.56914633078017,71.07917420131734,72.20671500037452,13.879494396278488,10.37935454939523,16.681119257177457,2063.1759369475662,1906.0804366400412,157.09550030752507,0.5
4,5,W3,88.88783425755197,84.44864072705866,90.86870834166345,72.20671500037452,70.56914633078017,74.45612202664103,16.681119257177457,13.879494396278488,16.412586315022423,2063.1759369475662,1906.0804366400412,157.09550030752507,0.5
4,6,W3,90.86870834166345,88.88783425755197,90.2540557036174,74.45612202664103,72.20671500037452,76.04487475174156,16.412586315022423,16.681119257177457,14.209180951875837,2063.1759369475662,1906.0804366400412,157.09550030752507,0.5
4,7,W3,90.2540557036174,90.86870834166345,90.27394347213243,76.04487475174156,74.45612202664103,78.3112572259412,14.209180951875837,16.412586315022423,11.962686246191225,2063.1759369475662,1906.0804366400412,157.09550030752507,0.5
4,8,W3,90.27394347213243,90.2540557036174,86.63499015396489,78.3112572259412,76.04487475174156,83.08688797955347,11.962686246191225,14.209180951875837,3.548102174411426,2063.1759369475662,1906.0804366400412,157.09550030752507,0.5
4,9,W3,86.63499015396489,90.27394347213243,84.55757977609287,83.08688797955347,78.3112572259412,85.06120744962881,3.548102174411426,11.962686246191225,-0.5036276735359451,2063.1759369475662,1906.0804366400412,157.09550030752507,0.5
4,10,W3,84.55757977609287,86.63499015396489,84.31221889755142,85.06120744962881,83.08688797955347,88.06067072855504,-0.5036276735359451,3.548102174411426,-3.748451831003621,2063.1759369475662,1906.0804366400412,157.09550030752507,9.99
4,11,W3,84.31221889755142,84.55757977609287,88.91058072161711,88.06067072855504,85.06120744962881,90.294791232126,-3.748451831003621,-0.5036276735359451,-1.3842105105088933,2063.1759369475662,1906.0804366400412,157.09550030752507,9.99
4,12,W3,88.91058072161711,84.31221889755142,93.90728884605308,90.294791232126,88.06067072855504,90.74764746615001,-1.3842105105088933,-3.748451831003621,3.1596413799030643,2063.1759369475662,1906.0804366400412,157.09550030752507,9.99
4,13,W3,93.90728884605308,88.91058072161711,95.97164793249534,90.74764746615001,90.294791232126,90.33240429853309,3.1596413799030643,-1.3842105105088933,5.639243633962252,2063.1759369475662,1906.0804366400412,157.09550030752507,0.5
4,14,W3,95.97164793249534,93.90728884605308,97.05134256110107,90.33240429853309,90.74764746615001,89.55681591010679,5.639243633962252,3.1596413799030643,7.494526650994274,2063.1759369475662,1906.0804366400412,157.09550030752507,0.5
4,15,W3,97.05134256110107,95.97164793249534,94.72205774223256,89.55681591010679,90.33240429853309,88.4268909255986,7.494526650994274,5.639243633962252,6.295166816633966,2063.1759369475662,1906.0804366400412,157.09550030752507,0.5
4,16,W3,94.72205774223256,97.05134256110107,90.62722411798278,88.4268909255986,89.55681591010679,86.57403269064689,6.295166816633966,7.494526650994274,4.053191427335889,2063.1759369475662,1906.0804366400412,157.09550030752507,0.5
4,17,W3,90.62722411798278,94.72205774223256,86.4278742846949,86.57403269064689,88.4268909255986,83.59371842139377,4.053191427335889,6.295166816633966,2.8341558633011203,2063.1759369475662,1906.0804366400412,157.09550030752507,0.5
4,18,W3,86.4278742846949,90.62722411798278,82.60188037840722,83.59371842139377,86.57403269064689,80.28974041297839,2.8341558633011203,4.053191427335889,2.312139965428827,2063.1759369475662,1906.0804366400412,157.09550030752507,0.5
4,19,W3,82.60188037840722,86.4278742846949,80.57449656499865,80.28974041297839,83.59371842139377,76.63893140560968,2.312139965428827,2.8341558633011203,3.935565159388972,2063.1759369475662,1906.0804366400412,157.09550030752507,0.5
4,20,W3,80.57449656499865,82.60188037840722,79.14908169655874,76.63893140560968,80.28974041297839,75.1360377246155,3.935565159388972,2.312139965428827,4.013043971943233,2063.1759369475662,1906.0804366400412,157.09550030752507,0.5
4,21,W3,79.14908169655874,80.57449656499865,77.85420435230506,75.1360377246155,76.63893140560968,72.44135368035244,4.013043971943233,3.935565159388972,5.412850671952626,2063.1759369475662,1906.0804366400412,157.09550030752507,0.5
4,22,W3,77.85420435230506,79.14908169655874,78.30728208662337,72.44135368035244,75.1360377246155,72.07787251149155,5.412850671952626,4.013043971943233,6.229409575131825,2063.1759369475662,1906.0804366400412,157.09550030752507,0.5
4,23,W3,78.30728208662337,77.85420435230506,78.95881963800292,72.07787251149155,72.44135368035244,70.50194711195832,6.229409575131825,5.412850671952626,8.456872526044606,2063.1759369475662,1906.0804366400412,157.09550030752507,0.5
5,0,W3,76.91575231286821,81.2099809262434,75.53104114050296,58.08123952074597,59.042438605212205,57.14699802582912,18.83451279212224,22.1675423210312,18.384043114673844,2104.975474024581,1541.3927171557843,563.5827568687969,0.5
5,1,W3,75.53104114050296,76.91575231286821,79.50681898006641,57.14699802582912,58.08123952074597,56.411627577847426,18.384043114673844,18.83451279212224,23.095191402218987,2104.975474024581,1541.3927171557843,563.5827568687969,0.5
5,2,W3,79.50681898006641,75.53104114050296,79.87845393105279,56.411627577847426,57.14699802582912,56.85893417874275,23.095191402218987,18.384043114673844,23.01951975231004,2104.975474024581,1541.3927171557843,563.5827568687969,0.5
5,3,W3,79.87845393105279,79.50681898006641,84.71360864762748,56.85893417874275,56.411627577847426,57.63395402789764,23.01951975231004,23.095191402218987,27.079654619729844,2104.975474024581,1541.3927171557843,563.5827568687969,0.5
5,4,W3,84.71360864762748,79.87845393105279,89.71466812581511,57.63395402789764,56.85893417874275,58.5205421690236,27.079654619729844,23.01951975231004,31.19412595679151,2104.975474024581,1541.3927171557843,563.5827568687969,0.5
5,5,W3,89.71466812581511,84.71360864762748,93.41673785994172,58.5205421690236,57.63395402789764,59.60476056714934,31.19412595679151,27.079654619729844,33.81197729279238,2104.975474024581,1541.3927171557843,563.5827568687969,0.5
5,6,W3,93.41673785994172,89.71466812581511,92.22309688813363,59.60476056714934,58.5205421690236,61.16826268800611,33.81197729279238,31.19412595679151,31.054834200127516,2104.975474024581,1541.3927171557843,563.5827568687969,0.5
5,7,W3,92.22309688813363,93.41673785994172,90.41472673982409,61.16826268800611,59.60476056714934,62.750525030572604,31.054834200127516,33.81197729279238,27.664201709251486,2104.975474024581,1541.3927171557843,563.5827568687969,0.5
5,8,W3,90.41472673982409,92.22309688813363,91.39505991802245,62.750525030572604,61.16826268800611,64.86140133332658,27.664201709251486,31.054834200127516,26.53365858469587,2104.975474024581,1541.3927171557843,563.5827568687969,0.5
5,9,W3,91.39505991802245,90.41472673982409,86.41708363471507,64.86140133332658,62.750525030572604,67.94713456953825,26.53365858469587,27.664201709251486,18.46994906517682,2104.975474024581,1541.3927171557843,563.5827568687969,0.5
5,10,W3,86.41708363471507,91.39505991802245,85.65453834747136,67.94713456953825,64.86140133332658,70.516484654136,18.46994906517682,26.53365858469587,15.138053693335365,2104.975474024581,1541.3927171557843,563.5827568687969,0.5
5,11,W3,85.65453834747136,86.41708363471507,89.2462623711258,70.516484654136,67.94713456953825,72.3856921290228,15.138053693335365,18.46994906517682,16.860570242102995,2104.975474024581,1541.3927171557843,563.5827568687969,0.5
5,12,W3,89.2462623711258,85.65453834747136,95.52599361244279,72.3856921290228,70.516484654136,73.52006593602363,16.860570242102995,15.138053693335365,22.005927676419162,2104.975474024581,1541.3927171557843,563.5827568687969,0.5
5,13,W3,95.52599361244279,89.2462623711258,98.87606429752816,73.52006593602363,72.3856921290228,74.22455006488406,22.005927676419162,16.860570242102995,24.651514232644104,2104.975474024581,1541.3927171557843,563.5827568687969,0.5
5,14,W3,98.87606429752816,95.52599361244279,100.38762248311362,74.22455006488406,73.52006593602363,73.03093130728048,24.651514232644104,22.005927676419162,27.356691175833134,2104.975474024581,1541.3927171557843,563.5827568687969,0.5
5,15,W3,100.38762248311362,98.87606429752816,95.58929948554902,73.03093130728048,74.22455006488406,72.06991182897494,27.356691175833134,24.651514232644104,23.519387656574082,2104.975474024581,1541.3927171557843,563.5827568687969,0.5
5,16,W3,95.58929948554902,100.38762248311362,93.62687625895376,72.06991182897494,73.03093130728048,69.93755787699382,23.519387656574082,27.356691175833134,23.689318381959936,2104.975474024581,1541.3927171557843,563.5827568687969,0.5
5,17,W3,93.62687625895376,95.58929948554902,90.11550658831682,69.93755787699382,72.06991182897494,67.16786020265164,23.689318381959936,23.519387656574082,22.94764638566518,2104.975474024581,1541.3927171557843,563.5827568687969,0.5
5,18,W3,90.11550658831682,93.62687625895376,82.93198050725113,67.16786020265164,69.93755787699382,64.71111829702994,22.94764638566518,23.689318381959936,18.220862210221185,2104.975474024581,1541.3927171557843,563.5827568687969,0.5
5,19,W3,82.93198050725113,90.11550658831682,83.6015975142412,64.71111829702994,67.16786020265164,62.65636380182805,18.220862210221185,22.94764638566518,20.945233712413156,2104.975474024581,1541.3927171557843,563.5827568687969,0.5
5,20,W3,83.6015975142412,82.93198050725113,85.8956597005927,62.65636380182805,64.71111829702994,60.96459216531697,20.945233712413156,18.220862210221185,24.93106753527573,2104.975474024581,1541.3927171557843,563.5827568687969,0.5
5,21,W3,85.8956597005927,83.6015975142412,82.18704375318143,60.96459216531697,62.65636380182805,60.17977059775051,24.93106753527573,20.945233712413156,22.007273155430916,2104.975474024581,1541.3927171557843,563.5827568687969,0.5
5,22,W3,82.18704375318143,85.8956597005927,81.2099809262434,60.17977059775051,60.96459216531697,59.042438605212205,22.007273155430916,24.93106753527573,22.1675423210312,2104.975474024581,1541.3927171557843,563.5827568687969,0.5
5,23,W3,81.2099809262434,82.18704375318143,76.91575231286821,59.042438605212205,60.17977059775051,58.08123952074597,22.1675423210312,22.007273155430916,18.83451279212224,2104.975474024581,1541.3927171557843,563.5827568687969,0.5
6,0,W3,84.61162536638304,83.88359752063027,85.32273607124583,97.95687199339565,91.39627945026524,96.99655818534089,-13.345246627012614,-7.512681929634965,-11.67382211409506,2261.205798511798,2486.56953423611,-225.36373572431194,9.99
6,1,W3,85.32273607124583,84.61162536638304,88.78977191212007,96.99655818534089,97.95687199339565,96.25661697409714,-11.67382211409506,-13.345246627012614,-7.466845061977068,2261.205798511798,2486.56953423611,-225.36373572431194,9.99
6,2,W3,88.78977191212007,85.32273607124583,89.90277360143386,96.25661697409714,96.99655818534089,94.38138785277333,-7.466845061977068,-11.67382211409506,-4.478614251339465,2261.205798511798,2486.56953423611,-225.36373572431194,9.99
6,3,W3,89.90277360143386,88.78977191212007,92.0395737103183,94.38138785277333,96.25661697409714,96.96693494073573,-4.478614251339465,-7.466845061977068,-4.927361230417432,2261.205798511798,2486.56953423611,-225.36373572431194,9.99
6,4,W3,92.0395737103183,89.90277360143386,93.6680036850526,96.96693494073573,94.38138785277333,92.91158784134544,-4.927361230417432,-4.478614251339465,0.7564158437071598,2261.205798511798,2486.56953423611,-225.36373572431194,9.99
6,5,W3,93.6680036850526,92.0395737103183,96.80259806838328,92.91158784134544,96.96693494073573,94.84488004915832,0.7564158437071598,-4.927361230417432,1.9577180192249557,2261.205798511798,2486.56953423611,-225.36373572431194,0.5
6,6,W3,96.80259806838328,93.6680036850526,101.98429548959737,94.84488004915832,92.91158784134544,98.72106439886355,1.9577180192249557,0.7564158437071598,3.263231090733825,2261.205798511798,2486.56953423611,-225.36373572431194,0.5
6,7,W3,101.98429548959737,96.80259806838328,98.2781948034081,98.72106439886355,94.84488004915832,100.24959437541551,3.263231090733825,1.9577180192249557,-1.9713995720074138,2261.205798511798,2486.56953423611,-225.36373572431194,0.5
6,8,W3,98.2781948034081,101.98429548959737,95.46426467508046,100.24959437541551,98.72106439886355,104.03224973780524,-1.9713995720074138,3.263231090733825,-8.567985062724787,2261.205798511798,2486.56953423611,-225.36373572431194,9.99
6,9,W3,95.46426467508046,98.2781948034081,91.1788997127732,104.03224973780524,100.24959437541551,107.56763171931111,-8.567985062724787,-1.9713995720074138,-16.388732006537907,2261.205798511798,2486.56953423611,-225.36373572431194,9.99
6,10,W3,91.1788997127732,95.46426467508046,92.43189998146752,107.56763171931111,104.03224973780524,112.3664410621385,-16.388732006537907,-8.567985062724787,-19.934541080670982,2261.205798511798,2486.56953423611,-225.36373572431194,9.99
6,11,W3,92.43189998146752,91.1788997127732,97.55756605554954,112.3664410621385,107.56763171931111,115.21044382985163,-19.934541080670982,-16.388732006537907,-17.652877774302084,2261.205798511798,2486.56953423611,-225.36373572431194,9.99
6,12,W3,97.55756605554954,92.43189998146752,101.62415392031636,115.21044382985163,112.3664410621385,117.3617270752753,-17.652877774302084,-19.934541080670982,-15.737573154958937,2261.205798511798,2486.56953423611,-225.36373572431194,9.99
6,13,W3,101.62415392031636,97.55756605554954,105.76060510518272,117.3617270752753,115.21044382985163,116.74095343072986,-15.737573154958937,-17.652877774302084,-10.98034832554714,2261.205798511798,2486.56953423611,-225.36373572431194,9.99
6,14,W3,105.76060510518272,101.62415392031636,106.79647997937916,116.74095343072986,117.3617270752753,117.88133430489178,-10.98034832554714,-15.737573154958937,-11.084854325512623,2261.205798511798,2486.56953423611,-225.36373572431194,9.99
6,15,W3,106.79647997937916,105.76060510518272,104.50302695100775,117.88133430489178,116.74095343072986,118.60640492572307,-11.084854325512623,-10.98034832554714,-14.103377974715315,2261.205798511798,2486.56953423611,-225.36373572431194,9.99
6,16,W3,104.50302695100775,106.79647997937916,102.31547714390321,118.60640492572307,117.88133430489178,115.98469810437487,-14.103377974715315,-11.084854325512623,-13.669220960471662,2261.205798511798,2486.56953423611,-225.36373572431194,9.99
6,17,W3,102.31547714390321,104.50302695100775,97.90064260822695,115.98469810437487,118.60640492572307,111.04690340110551,-13.669220960471662,-14.103377974715315,-13.146260792878564,2261.205798511798,2486.56953423611,-225.36373572431194,9.99
6,18,W3,97.90064260822695,102.31547714390321,92.52898247225593,111.04690340110551,115.98469810437487,102.30083157921155,-13.146260792878564,-13.669220960471662,-9.771849106955614,2261.205798511798,2486.56953423611,-225.36373572431194,9.99
6,19,W3,92.52898247225593,97.90064260822695,88.09479834418082,102.30083157921155,111.04690340110551,99.1403892696746,-9.771849106955614,-13.146260792878564,-11.045590925493784,2261.205798511798,2486.56953423611,-225.36373572431194,9.99
6,20,W3,88.09479834418082,92.52898247225593,84.92368350852134,99.1403892696746,102.30083157921155,95.3114111636252,-11.045590925493784,-9.771849106955614,-10.387727655103859,2261.205798511798,2486.56953423611,-225.36373572431194,9.99
6,21,W3,84.92368350852134,88.09479834418082,84.8421478253806,95.3114111636252,99.1403892696746,92.33633857100094,-10.387727655103859,-11.045590925493784,-7.494190745620344,2261.205798511798,2486.56953423611,-225.36373572431194,9.99
6,22,W3,84.8421478253806,84.92368350852134,83.88359752063027,92.33633857100094,95.3114111636252,91.39627945026524,-7.494190745620344,-10.387727655103859,-7.512681929634965,2261.205798511798,2486.56953423611,-225.36373572431194,9.99
6,23,W3,83.88359752063027,84.8421478253806,84.61162536638304,91.39627945026524,92.33633857100094,97.95687199339565,-7.512681929634965,-7.494190745620344,-13.345246627012614,2261.205798511798,2486.56953423611,-225.36373572431194,9.99
7,0,W3,77.80529503681664,80.30164852886723,78.12921181147343,53.34510095723981,52.93377657277145,55.247078673039326,24.460194079576837,27.367871956095783,22.8821331384341,2176.5085618997105,1434.4848867327853,742.0236751669252,0.5
7,1,W3,78.12921181147343,77.80529503681664,80.68267788562036,55.247078673039326,53.34510095723981,54.13552253522226,22.8821331384341,24.460194079576837,26.547155350398107,2176.5085618997105,1434.4848867327853,742.0236751669252,0.5
7,2,W3,80.68267788562036,78.12921181147343,82.07311421106225,54.13552253522226,55.247078673039326,54.900958894589785,26.547155350398107,22.8821331384341,27.172155316472463,2176.5085618997105,1434.4848867327853,742.0236751669252,0.5
7,3,W3,82.07311421106225,80.68267788562036,84.19010723031766,54.900958894589785,54.13552253522226,52.907178186320316,27.172155316472463,26.547155350398107,31.28292904399735,2176.5085618997105,1434.4848867327853,742.0236751669252,0.5
7,4,W3,84.19010723031766,82.07311421106225,84.49235719185182,52.907178186320316,54.900958894589785,54.30374059480222,31.28292904399735,27.172155316472463,30.188616597049602,2176.5085618997105,1434.4848867327853,742.0236751669252,0.5
7,5,W3,84.49235719185182,84.19010723031766,93.98819128894931,54.30374059480222,52.907178186320316,55.10750436678457,30.188616597049602,31.28292904399735,38.88068692216474,2176.5085618997105,1434.4848867327853,742.0236751669252,0.5
7,6,W3,93.98819128894931,84.49235719185182,93.80874151777395,55.10750436678457,54.30374059480222,55.61341608003161,38.88068692216474,30.188616597049602,38.19532543774234,2176.5085618997105,1434.4848867327853,742.0236751669252,0.5
7,7,W3,93.80874151777395,93.98819128894931,96.9457087300642,55.61341608003161,55.10750436678457,59.257031758081574,38.19532543774234,38.88068692216474,37.68867697198262,2176.5085618997105,1434.4848867327853,742.0236751669252,0.5
7,8,W3,96.9457087300642,93.80874151777395,96.99678842920669,59.257031758081574,55.61341608003161,60.62325189606011,37.68867697198262,38.19532543774234,36.37353653314658,2176.5085618997105,1434.4848867327853,742.0236751669252,0.5
7,9,W3,96.99678842920669,96.9457087300642,94.3428281137202,60.62325189606011,59.257031758081574,61.013658578118,36.37353653314658,37.68867697198262,33.329169535602205,2176.5085618997105,1434.4848867327853,742.0236751669252,0.5
7,10,W3,94.3428281137202,96.99678842920669,92.83493069256869,61.013658578118,60.62325189606011,63.453823790398914,33.329169535602205,36.37353653314658,29.381106902169776,2176.5085618997105,1434.4848867327853,742.0236751669252,0.5
7,11,W3,92.83493069256869,94.3428281137202,96.11940543577961,63.453823790398914,61.013658578118,64.8113543632304,29.381106902169776,33.329169535602205,31.30805107254922,2176.5085618997105,1434.4848867327853,742.0236751669252,0.5
7,12,W3,96.11940543577961,92.83493069256869,97.82007754034059,64.8113543632304,63.453823790398914,66.119136985191,31.30805107254922,29.381106902169776,31.700940555149586,2176.5085618997105,1434.4848867327853,742.0236751669252,0.5
7,13,W3,97.82007754034059,96.11940543577961,101.61176543178709,66.119136985191,64.8113543632304,69.2065250314323,31.700940555149586,31.30805107254922,32.405240400354785,2176.5085618997105,1434.4848867327853,742.0236751669252,0.5
7,14,W3,101.61176543178709,97.82007754034059,101.94097512753231,69.2065250314323,66.119136985191,67.62261432603202,32.405240400354785,31.700940555149586,34.31836080150029,2176.5085618997105,1434.4848867327853,742.0236751669252,0.5
7,15,W3,101.94097512753231,101.61176543178709,100.64597525299274,67.62261432603202,69.2065250314323,67.16710424124255,34.31836080150029,32.405240400354785,33.478871011750186,2176.5085618997105,1434.4848867327853,742.0236751669252,0.5
7,16,W3,100.64597525299274,101.94097512753231,98.26710008342975,67.16710424124255,67.62261432603202,65.52891838132265,33.478871011750186,34.31836080150029,32.7381817021071,2176.5085618997105,1434.4848867327853,742.0236751669252,0.5
7,17,W3,98.26710008342975,100.64597525299274,96.6736420280447,65.52891838132265,67.16710424124255,63.613266131502826,32.7381817021071,33.478871011750186,33.06037589654187,2176.5085618997105,1434.4848867327853,742.0236751669252,0.5
7,18,W3,96.6736420280447,98.26710008342975,90.75165586130944,63.613266131502826,65.52891838132265,65.09182851905928,33.06037589654187,32.7381817021071,25.659827342250168,2176.5085618997105,1434.4848867327853,742.0236751669252,0.5
7,19,W3,90.75165586130944,96.6736420280447,89.3151619618232,65.09182851905928,63.613266131502826,62.57397730320923,25.659827342250168,33.06037589654187,26.74118465861396,2176.5085618997105,1434.4848867327853,742.0236751669252,0.5
7,20,W3,89.3151619618232,90.75165586130944,84.94282681111774,62.57397730320923,65.09182851905928,57.17147992193195,26.74118465861396,25.659827342250168,27.771346889185793,2176.5085618997105,1434.4848867327853,742.0236751669252,0.5
7,21,W3,84.94282681111774,89.3151619618232,81.82837569726092,57.17147992193195,62.57397730320923,52.73663864517118,27.771346889185793,26.74118465861396,29.09173705208974,2176.5085618997105,1434.4848867327853,742.0236751669252,0.5
7,22,W3,81.82837569726092,84.94282681111774,80.30164852886723,52.73663864517118,57.17147992193195,52.93377657277145,29.09173705208974,27.771346889185793,27.367871956095783,2176.5085618997105,1434.4848867327853,742.0236751669252,0.5
7,23,W3,80.30164852886723,81.82837569726092,77.80529503681664,52.93377657277145,52.73663864517118,53.34510095723981,27.367871956095783,29.09173705208974,24.460194079576837,2176.5085618997105,1434.4848867327853,742.0236751669252,0.5
8,0,W3,65.76740133711468,67.45146293360702,67.6113941833908,53.42552414857474,53.233234022293104,53.278798946130394,12.34187718853994,14.218228911313915,14.332595237260406,1796.4473464868668,1422.7576166367887,373.68972985007804,0.5
8,1,W3,67.6113941833908,65.76740133711468,68.92981169363476,53.278798946130394,53.42552414857474,53.07298997105111,14.332595237260406,12.34187718853994,15.856821722583653,1796.4473464868668,1422.7576166367887,373.68972985007804,0.5
8,2,W3,68.92981169363476,67.6113941833908,70.64013706172071,53.07298997105111,53.278798946130394,53.17450362445351,15.856821722583653,14.332595237260406,17.4656334372672,1796.4473464868668,1422.7576166367887,373.68972985007804,0.5
8,3,W3,70.64013706172071,68.92981169363476,71.98924158342285,53.17450362445351,53.07298997105111,53.476538012646245,17.4656334372672,15.856821722583653,18.51270357077661,1796.4473464868668,1422.7576166367887,373.68972985007804,0.5
8,4,W3,71.98924158342285,70.64013706172071,76.13309614747355,53.476538012646245,53.17450362445351,53.77599355056891,18.51270357077661,17.4656334372672,22.35710259690464,1796.4473464868668,1422.7576166367887,373.68972985007804,0.5
8,5,W3,76.13309614747355,71.98924158342285,81.09484347352574,53.77599355056891,53.476538012646245,55.00896278823705,22.35710259690464,18.51270357077661,26.085880685288693,1796.4473464868668,1422.7576166367887,373.68972985007804,0.5
8,6,W3,81.09484347352574,76.13309614747355,80.51211045850089,55.00896278823705,53.77599355056891,56.52866043162986,26.085880685288693,22.35710259690464,23.983450026871026,1796.4473464868668,1422.7576166367887,373.68972985007804,0.5
8,7,W3,80.51211045850089,81.09484347352574,79.58071562069087,56.52866043162986,55.00896278823705,57.58960943813028,23.983450026871026,26.085880685288693,21.991106182560586,1796.4473464868668,1422.7576166367887,373.68972985007804,0.5
8,8,W3,79.58071562069087,80.51211045850089,76.66308801367457,57.58960943813028,56.52866043162986,60.23029214268936,21.991106182560586,23.983450026871026,16.43279587098521,1796.4473464868668,1422.7576166367887,373.68972985007804,0.5
8,9,W3,76.66308801367457,79.58071562069087,75.29207280652837,60.23029214268936,57.58960943813028,62.409148053137045,16.43279587098521,21.991106182560586,12.882924753391322,1796.4473464868668,1422.7576166367887,373.68972985007804,0.5
8,10,W3,75.29207280652837,76.66308801367457,75.67232247412412,62.409148053137045,60.23029214268936,64.56904529653139,12.882924753391322,16.43279587098521,11.10327717759273,1796.4473464868668,1422.7576166367887,373.68972985007804,0.5
8,11,W3,75.67232247412412,75.29207280652837,78.26162864114514,64.56904529653139,62.409148053137045,66.59681003277946,11.10327717759273,12.882924753391322,11.664818608365678,1796.4473464868668,1422.7576166367887,373.68972985007804,0.5
8,12,W3,78.26162864114514,75.67232247412412,80.86423267964477,66.59681003277946,64.56904529653139,67.48460336105438,11.664818608365678,11.10327717759273,13.37962931859039,1796.4473464868668,1422.7576166367887,373.68972985007804,0.5
8,13,W3,80.86423267964477,78.26162864114514,83.54541904067983,67.48460336105438,66.59681003277946,68.58590877722008,13.37962931859039,11.664818608365678,14.959510263459748,1796.4473464868668,1422.7576166367887,373.68972985007804,0.5
8,14,W3,83.54541904067983,80.86423267964477,83.2148309099728,68.58590877722008,67.48460336105438,67.79531626911962,14.959510263459748,13.37962931859039,15.41951464085318,1796.4473464868668,1422.7576166367887,373.68972985007804,0.5
8,15,W3,83.2148309099728,83.54541904067983,81.3462046658958,67.79531626911962,68.58590877722008,66.60704647687322,15.41951464085318,14.959510263459748,14.739158189022575,1796.4473464868668,1422.7576166367887,373.68972985007804,0.5
8,16,W3,81.3462046658958,83.2148309099728,78.17803337226749,66.60704647687322,67.79531626911962,64.5304562243529,14.739158189022575,15.41951464085318,13.647577147914589,1796.4473464868668,1422.7576166367887,373.68972985007804,0.5
8,17,W3,78.17803337226749,81.3462046658958,75.48250604894059,64.5304562243529,66.60704647687322,62.54464938367268,13.647577147914589,14.739158189022575,12.937856665267915,1796.4473464868668,1422.7576166367887,373.68972985007804,0.5
8,18,W3,75.48250604894059,78.17803337226749,71.65017623901701,62.54464938367268,64.5304562243529,60.90405644926243,12.937856665267915,13.647577147914589,10.746119789754587,1796.4473464868668,1422.7576166367887,373.68972985007804,0.5
8,19,W3,71.65017623901701,75.48250604894059,69.18498133705785,60.90405644926243,62.54464938367268,58.04750905926653,10.746119789754587,12.937856665267915,11.137472277791318,1796.4473464868668,1422.7576166367887,373.68972985007804,0.5
8,20,W3,69.18498133705785,71.65017623901701,69.25109895074618,58.04750905926653,60.90405644926243,56.07606083411519,11.137472277791318,10.746119789754587,13.175038116630994,1796.4473464868668,1422.7576166367887,373.68972985007804,0.5
8,21,W3,69.25109895074618,69.18498133705785,68.13053681409038,56.07606083411519,58.04750905926653,53.81189934299933,13.175038116630994,11.137472277791318,14.318637471091044,1796.4473464868668,1422.7576166367887,373.68972985007804,0.5
8,22,W3,68.13053681409038,69.25109895074618,67.45146293360702,53.81189934299933,56.07606083411519,53.233234022293104,14.318637471091044,13.175038116630994,14.218228911313915,1796.4473464868668,1422.7576166367887,373.68972985007804,0.5
8,23,W3,67.45146293360702,68.13053681409038,65.76740133711468,53.233234022293104,53.81189934299933,53.42552414857474,14.218228911313915,14.318637471091044,12.34187718853994,1796.4473464868668,1422.7576166367887,373.68972985007804,0.5
9,0,W3,89.82239539856081,89.71854786821822,91.04142477047517,87.41692843750644,87.67978123668668,86.98298318642075,2.4054669610543726,2.0387666315315442,4.058441584054421,2367.573595105758,2315.362364973106,52.21123013265196,0.5
9,1,W3,91.04142477047517,89.82239539856081,90.12290831023914,86.98298318642075,87.41692843750644,86.52384824197922,4.058441584054421,2.4054669610543726,3.5990600682599165,2367.573595105758,2315.362364973106,52.21123013265196,0.5
9,2,W3,90.12290831023914,91.04142477047517,92.20621503014871,86.52384824197922,86.98298318642075,87.09748627737619,3.5990600682599165,4.058441584054421,5.108728752772521,2367.573595105758,2315.362364973106,52.21123013265196,0.5
9,3,W3,92.20621503014871,90.12290831023914,94.3248466519879,87.09748627737619,86.52384824197922,87.4813942682356,5.108728752772521,3.5990600682599165,6.843452383752293,2367.573595105758,2315.362364973106,52.21123013265196,0.5
9,4,W3,94.3248466519879,92.20621503014871,98.96787173441025,87.4813942682356,87.09748627737619,88.17049623806899,6.843452383752293,5.108728752772521,10.79737549634126,2367.573595105758,2315.362364973106,52.21123013265196,0.5
9,5,W3,98.96787173441025,94.3248466519879,103.95129660781667,88.17049623806899,87.4813942682356,89.54330826295354,10.79737549634126,6.843452383752293,14.407988344863128,2367.573595105758,2315.362364973106,52.21123013265196,0.5
9,6,W3,103.95129660781667,98.96787173441025,104.55079902728639,89.54330826295354,88.17049623806899,91.43634568526396,14.407988344863128,10.79737549634126,13.11445334202243,2367.573595105758,2315.362364973106,52.21123013265196,0.5
9,7,W3,104.55079902728639,103.95129660781667,105.27029353068048,91.43634568526396,89.54330826295354,94.10797194563617,13.11445334202243,14.407988344863128,11.16232158504431,2367.573595105758,2315.362364973106,52.21123013265196,0.5
9,8,W3,105.27029353068048,104.55079902728639,101.71214253008492,94.10797194563617,91.43634568526396,97.51624188159373,11.16232158504431,13.11445334202243,4.19590064849119,2367.573595105758,2315.362364973106,52.21123013265196,0.5
9,9,W3,101.71214253008492,105.27029353068048,98.15217140401467,97.51624188159373,94.10797194563617,101.26444302839562,4.19590064849119,11.16232158504431,-3.112271624380952,2367.573595105758,2315.362364973106,52.21123013265196,0.5
9,10,W3,98.15217140401467,101.71214253008492,98.78601420896946,101.26444302839562,97.51624188159373,105.04919207580016,-3.112271624380952,4.19590064849119,-6.263177866830702,2367.573595105758,2315.362364973106,52.21123013265196,9.99
9,11,W3,98.78601420896946,98.15217140401467,103.33744973923942,105.04919207580016,101.26444302839562,107.79117646709292,-6.263177866830702,-3.112271624380952,-4.453726727853507,2367.573595105758,2315.362364973106,52.21123013265196,9.99
9,12,W3,103.33744973923942,98.78601420896946,106.81747696733488,107.79117646709292,105.04919207580016,110.0773632595511,-4.453726727853507,-6.263177866830702,-3.2598862922162226,2367.573595105758,2315.362364973106,52.21123013265196,9.99
9,13,W3,106.81747696733488,103.33744973923942,110.29461868841175,110.0773632595511,107.79117646709292,110.98264301222449,-3.2598862922162226,-4.453726727853507,-0.6880243238127406,2367.573595105758,2315.362364973106,52.21123013265196,9.99
9,14,W3,110.29461868841175,106.81747696733488,109.51684733740392,110.98264301222449,110.0773632595511,110.15762735401488,-0.6880243238127406,-3.2598862922162226,-0.640780016610961,2367.573595105758,2315.362364973106,52.21123013265196,9.99
9,15,W3,109.51684733740392,110.29461868841175,108.36620183636757,110.15762735401488,110.98264301222449,107.99128412210571,-0.640780016610961,-0.6880243238127406,0.37491771426185494,2367.573595105758,2315.362364973106,52.21123013265196,9.99
9,16,W3,108.36620183636757,109.51684733740392,104.13376411314226,107.99128412210571,110.15762735401488,104.85900757672408,0.37491771426185494,-0.640780016610961,-0.725243463581819,2367.573595105758,2315.362364973106,52.21123013265196,0.5
9,17,W3,104.13376411314226,108.36620183636757,98.94893664401621,104.85900757672408,107.99128412210571,101.1724091020449,-0.725243463581819,0.37491771426185494,-2.223472458028681,2367.573595105758,2315.362364973106,52.21123013265196,9.99
9,18,W3,98.94893664401621,104.13376411314226,95.82595372706292,101.1724091020449,104.85900757672408,97.39705930596625,-2.223472458028681,-0.725243463581819,-1.5711055789033281,2367.573595105758,2315.362364973106,52.21123013265196,9.99
9,19,W3,95.82595372706292,98.94893664401621,91.58780024545527,97.39705930596625,101.1724091020449,94.26269960527061,-1.5711055789033281,-2.223472458028681,-2.674899359815342,2367.573595105758,2315.362364973106,52.21123013265196,9.99
9,20,W3,91.58780024545527,95.82595372706292,89.61280971723261,94.26269960527061,97.39705930596625,91.23442940500735,-2.674899359815342,-1.5711055789033281,-1.6216196877747393,2367.573595105758,2315.362364973106,52.21123013265196,9.99
9,21,W3,89.61280971723261,91.58780024545527,90.50480901719848,91.23442940500735,94.26269960527061,89.16624499718701,-1.6216196877747393,-2.674899359815342,1.338564020011475,2367.573595105758,2315.362364973106,52.21123013265196,9.99
9,22,W3,90.50480901719848,89.61280971723261,89.71854786821822,89.16624499718701,91.23442940500735,87.67978123668668,1.338564020011475,-1.6216196877747393,2.0387666315315442,2367.573595105758,2315.362364973106,52.21123013265196,0.5
9,23,W3,89.71854786821822,90.50480901719848,89.82239539856081,87.67978123668668,89.16624499718701,87.41692843750644,2.0387666315315442,1.338564020011475,2.4054669610543726,2367.573595105758,2315.362364973106,52.21123013265196,0.5
10,0,W3,108.11604310271088,108.05103958895918,108.25153153498277,54.96899318135782,52.23610945816522,53.55642496633081,53.14704992135306,55.81493013079397,54.695106568651966,2877.2745767057486,1431.449326109076,1445.8252505966725,0.5
10,1,W3,108.25153153498277,108.11604310271088,109.43484646523774,53.55642496633081,54.96899318135782,54.07000118063026,54.695106568651966,53.14704992135306,55.36484528460748,2877.2745767057486,1431.449326109076,1445.8252505966725,0.5
10,2,W3,109.43484646523774,108.25153153498277,112.30749077267434,54.07000118063026,53.55642496633081,55.947031842290286,55.36484528460748,54.695106568651966,56.360458930384056,2877.2745767057486,1431.449326109076,1445.8252505966725,0.5
10,3,W3,112.30749077267434,109.43484646523774,116.2656096468627,55.947031842290286,54.07000118063026,53.22406685983058,56.360458930384056,55.36484528460748,63.04154278703212,2877.2745767057486,1431.449326109076,1445.8252505966725,0.5
10,4,W3,116.2656096468627,112.30749077267434,121.45341680804007,53.22406685983058,55.947031842290286,55.17647120875878,63.04154278703212,56.360458930384056,66.2769455992813,2877.2745767057486,1431.449326109076,1445.8252505966725,0.5
10,5,W3,121.45341680804007,116.2656096468627,126.26054280133232,55.17647120875878,53.22406685983058,55.520962968119484,66.2769455992813,63.04154278703212,70.73957983321284,2877.2745767057486,1431.449326109076,1445.8252505966725,0.5
10,6,W3,126.26054280133232,121.45341680804007,128.27056411177895,55.520962968119484,55.17647120875878,56.89610992539231,70.73957983321284,66.2769455992813,71.37445418638664,2877.2745767057486,1431.449326109076,1445.8252505966725,0.5
10,7,W3,128.27056411177895,126.26054280133232,126.94987390325127,56.89610992539231,55.520962968119484,59.556429625349466,71.37445418638664,70.73957983321284,67.3934442779018,2877.2745767057486,1431.449326109076,1445.8252505966725,0.5
10,8,W3,126.94987390325127,128.27056411177895,122.95084556762035,59.556429625349466,56.89610992539231,62.63604315001906,67.3934442779018,71.37445418638664,60.314802417601285,2877.2745767057486,1431.449326109076,1445.8252505966725,0.5
10,9,W3,122.95084556762035,126.94987390325127,119.73518480654076,62.63604315001906,59.556429625349466,63.512923792121626,60.314802417601285,67.3934442779018,56.22226101441913,2877.2745767057486,1431.449326109076,1445.8252505966725,0.5
10,10,W3,119.73518480654076,122.95084556762035,120.28027057906559,63.512923792121626,62.63604315001906,65.4621287699122,56.22226101441913,60.314802417601285,54.81814180915339,2877.2745767057486,1431.449326109076,1445.8252505966725,0.5
10,11,W3,120.28027057906559,119.73518480654076,124.6092045979027,65.4621287699122,63.512923792121626,66.30478461658947,54.81814180915339,56.22226101441913,58.30441998131323,2877.2745767057486,1431.449326109076,1445.8252505966725,0.5
10,12,W3,124.6092045979027,120.28027057906559,130.47349787882374,66.30478461658947,65.4621287699122,68.5824797176859,58.30441998131323,54.81814180915339,61.891018161137836,2877.2745767057486,1431.449326109076,1445.8252505966725,0.5
10,13,W3,130.47349787882374,124.6092045979027,134.4120491886577,68.5824797176859,66.30478461658947,69.3868168228509,61.891018161137836,58.30441998131323,65.0252323658068,2877.2745767057486,1431.449326109076,1445.8252505966725,0.5
10,14,W3,134.4120491886577,130.47349787882374,134.81666976810797,69.3868168228509,68.5824797176859,69.0281913615918,65.0252323658068,61.891018161137836,65.78847840651618,2877.2745767057486,1431.449326109076,1445.8252505966725,0.5
10,15,W3,134.81666976810797,134.4120491886577,131.49801480252344,69.0281913615918,69.3868168228509,64.89954503055306,65.78847840651618,65.0252323658068,66.59846977197039,2877.2745767057486,1431.449326109076,1445.8252505966725,0.5
10,16,W3,131.49801480252344,134.81666976810797,126.5334538872175,64.89954503055306,69.0281913615918,63.122798181031634,66.59846977197039,65.78847840651618,63.41065570618587,2877.2745767057486,1431.449326109076,1445.8252505966725,0.5
10,17,W3,126.5334538872175,131.49801480252344,120.63048491606443,63.122798181031634,64.89954503055306,61.87671439439705,63.41065570618587,66.59846977197039,58.753770521667384,2877.2745767057486,1431.449326109076,1445.8252505966725,0.5
10,18,W3,120.63048491606443,126.5334538872175,115.58157252244827,61.87671439439705,63.122798181031634,59.930832300689495,58.753770521667384,63.41065570618587,55.650740221758774,2877.2745767057486,1431.449326109076,1445.8252505966725,0.5
10,19,W3,115.58157252244827,120.63048491606443,112.04288510149658,59.930832300689495,61.87671439439705,56.7047391657769,55.650740221758774,58.753770521667384,55.33814593571968,2877.2745767057486,1431.449326109076,1445.8252505966725,0.5
10,20,W3,112.04288510149658,115.58157252244827,109.79816375656297,56.7047391657769,59.930832300689495,56.22048841285155,55.33814593571968,55.650740221758774,53.57767534371142,2877.2745767057486,1431.449326109076,1445.8252505966725,0.5
10,21,W3,109.79816375656297,112.04288510149658,108.55132059688614,56.22048841285155,56.7047391657769,52.628239176780426,53.57767534371142,55.33814593571968,55.92308142010572,2877.2745767057486,1431.449326109076,1445.8252505966725,0.5
10,22,W3,108.55132059688614,109.79816375656297,108.05103958895918,52.628239176780426,56.22048841285155,52.23610945816522,55.92308142010572,53.57767534371142,55.81493013079397,2877.2745767057486,1431.449326109076,1445.8252505966725,0.5
10,23,W3,108.05103958895918,108.55132059688614,108.11604310271088,52.23610945816522,52.628239176780426,54.96899318135782,55.81493013079397,55.92308142010572,53.14704992135306,2877.2745767057486,1431.449326109076,1445.8252505966725,0.5
11,0,W3,76.31631970920564,77.11503437896741,77.83300545089398,96.17816766300187,93.66704413569035,91.62647168966772,-19.86184795379623,-16.55200975672294,-13.793466238773746,2057.3015860795317,2482.084938189149,-424.7833521096172,9.99
11,1,W3,77.83300545089398,76.31631970920564,77.8180500132066,91.62647168966772,96.17816766300187,89.84081057884168,-13.793466238773746,-19.86184795379623,-12.022760565635082,2057.3015860795317,2482.084938189149,-424.7833521096172,9.99
11,2,W3,77.8180500132066,77.83300545089398,80.5466127749502,89.84081057884168,91.62647168966772,91.95698160589552,-12.022760565635082,-13.793466238773746,-11.410368830945316,2057.3015860795317,2482.084938189149,-424.7833521096172,9.99
11,3,W3,80.5466127749502,77.8180500132066,82.5840019581101,91.95698160589552,89.84081057884168,92.27488555177308,-11.410368830945316,-12.022760565635082,-9.690883593662988,2057.3015860795317,2482.084938189149,-424.7833521096172,9.99
11,4,W3,82.5840019581101,80.5466127749502,86.10147257071101,92.27488555177308,91.95698160589552,98.11382768506722,-9.690883593662988,-11.410368830945316,-12.012355114356211,2057.3015860795317,2482.084938189149,-424.7833521096172,9.99
11,5,W3,86.10147257071101,82.5840019581101,89.67911848254482,98.11382768506722,92.27488555177308,95.76124426572295,-12.012355114356211,-9.690883593662988,-6.082125783178128,2057.3015860795317,2482.084938189149,-424.7833521096172,9.99
11,6,W3,89.67911848254482,86.10147257071101,92.62607428414925,95.76124426572295,98.11382768506722,99.24112683568289,-6.082125783178128,-12.012355114356211,-6.615052551533637,2057.3015860795317,2482.084938189149,-424.7833521096172,9.99
11,7,W3,92.62607428414925,89.67911848254482,91.8286103491502,99.24112683568289,95.76124426572295,96.65505731373759,-6.615052551533637,-6.082125783178128,-4.82644696458739,2057.3015860795317,2482.084938189149,-424.7833521096172,9.99
11,8,W3,91.8286103491502,92.62607428414925,88.35471318909184,96.65505731373759,99.24112683568289,101.94430647694517,-4.82644696458739,-6.615052551533637,-13.589593287853333,2057.3015860795317,2482.084938189149,-424.7833521096172,9.99
11,9,W3,88.35471318909184,91.8286103491502,86.89275798583216,101.94430647694517,96.65505731373759,106.05631515306058,-13.589593287853333,-4.82644696458739,-19.16355716722842,2057.3015860795317,2482.084938189149,-424.7833521096172,9.99
11,10,W3,86.89275798583216,88.35471318909184,86.72452269545994,106.05631515306058,101.94430647694517,109.51379730791021,-19.16355716722842,-13.589593287853333,-22.78927461245027,2057.3015860795317,2482.084938189149,-424.7833521096172,9.99
11,11,W3,86.72452269545994,86.89275798583216,88.98209080278643,109.51379730791021,106.05631515306058,115.14886836706151,-22.78927461245027,-19.16355716722842,-26.16677756427508,2057.3015860795317,2482.084938189149,-424.7833521096172,9.99
11,12,W3,88.98209080278643,86.72452269545994,93.27904184826563,115.14886836706151,109.51379730791021,117.05302349757041,-26.16677756427508,-22.78927461245027,-23.773981649304773,2057.3015860795317,2482.084938189149,-424.7833521096172,9.99
11,13,W3,93.27904184826563,88.98209080278643,95.94575240717954,117.05302349757041,115.14886836706151,118.88927369501639,-23.773981649304773,-26.16677756427508,-22.943521287836845,2057.3015860795317,2482.084938189149,-424.7833521096172,9.99
11,14,W3,95.94575240717954,93.27904184826563,96.70777801258912,118.88927369501639,117.05302349757041,117.72796373657397,-22.943521287836845,-23.773981649304773,-21.020185723984852,2057.3015860795317,2482.084938189149,-424.7833521096172,9.99
11,15,W3,96.70777801258912,95.94575240717954,93.74492337706754,117.72796373657397,118.88927369501639,117.62671050685435,-21.020185723984852,-22.943521287836845,-23.881787129786815,2057.3015860795317,2482.084938189149,-424.7833521096172,9.99
11,16,W3,93.74492337706754,96.70777801258912,90.10547855843022,117.62671050685435,117.72796373657397,115.24920760280688,-23.881787129786815,-21.020185723984852,-25.143729044376656,2057.3015860795317,2482.084938189149,-424.7833521096172,9.99
11,17,W3,90.10547855843022,93.74492337706754,86.27387168724005,115.24920760280688,117.62671050685435,110.73284160199347,-25.143729044376656,-23.881787129786815,-24.458969914753425,2057.3015860795317,2482.084938189149,-424.7833521096172,9.99
11,18,W3,86.27387168724005,90.10547855843022,82.69385326630562,110.73284160199347,115.24920760280688,106.38932163180752,-24.458969914753425,-25.143729044376656,-23.695468365501895,2057.3015860795317,2482.084938189149,-424.7833521096172,9.99
11,19,W3,82.69385326630562,86.27387168724005,79.91077868388984,106.38932163180752,110.73284160199347,105.34508703497775,-23.695468365501895,-24.458969914753425,-25.434308351087907,2057.3015860795317,2482.084938189149,-424.7833521096172,9.99
11,20,W3,79.91077868388984,82.69385326630562,77.69101163195668,105.34508703497775,106.38932163180752,100.50422436133582,-25.434308351087907,-23.695468365501895,-22.81321272937913,2057.3015860795317,2482.084938189149,-424.7833521096172,9.99
11,21,W3,77.69101163195668,79.91077868388984,77.54671196154803,100.50422436133582,105.34508703497775,94.58837989015386,-22.81321272937913,-25.434308351087907,-17.041667928605833,2057.3015860795317,2482.084938189149,-424.7833521096172,9.99
11,22,W3,77.54671196154803,77.69101163195668,77.11503437896741,94.58837989015386,100.50422436133582,93.66704413569035,-17.041667928605833,-22.81321272937913,-16.55200975672294,2057.3015860795317,2482.084938189149,-424.7833521096172,9.99
11,23,W3,77.11503437896741,77.54671196154803,76.31631970920564,93.66704413569035,94.58837989015386,96.17816766300187,-16.55200975672294,-17.041667928605833,-19.86184795379623,2057.3015860795317,2482.084938189149,-424.7833521096172,9.99
12,0,W3,89.72822400056492,93.68957490576098,88.39588906064066,94.45180876785774,101.80042216702464,95.67350897075112,-4.72358476729282,-8.110847261263658,-7.2776199101104595,2464.241184133123,2603.1820505291216,-138.94086639599846,9.99
12,1,W3,88.39588906064066,89.72822400056492,91.88404924104542,95.67350897075112,94.45180876785774,100.95395687669762,-7.2776199101104595,-4.72358476729282,-9.0699076356522,2464.241184133123,2603.1820505291216,-138.94086639599846,9.99
12,2,W3,91.88404924104542,88.39588906064066,94.03638717445212,100.95395687669762,95.67350897075112,102.26797361011629,-9.0699076356522,-7.2776199101104595,-8.23158643566417,2464.241184133123,2603.1820505291216,-138.94086639599846,9.99
12,3,W3,94.03638717445212,91.88404924104542,97.21013249025533,102.26797361011629,100.95395687669762,99.9413451975555,-8.23158643566417,-9.0699076356522,-2.7312127073001733,2464.241184133123,2603.1820505291216,-138.94086639599846,9.99
12,4,W3,97.21013249025533,94.03638717445212,103.13143384473942,99.9413451975555,102.26797361011629,104.79646120512442,-2.7312127073001733,-8.23158643566417,-1.6650273603849968,2464.241184133123,2603.1820505291216,-138.94086639599846,9.99
12,5,W3,103.13143384473942,97.21013249025533,106.20466129453159,104.79646120512442,99.9413451975555,102.60050487117755,-1.6650273603849968,-2.7312127073001733,3.6041564233540413,2464.241184133123,2603.1820505291216,-138.94086639599846,9.99
12,6,W3,106.20466129453159,103.13143384473942,107.095001124047,102.60050487117755,104.79646120512442,102.68813276852768,3.6041564233540413,-1.6650273603849968,4.406868355519322,2464.241184133123,2603.1820505291216,-138.94086639599846,0.5
12,7,W3,107.095001124047,106.20466129453159,105.65227801792989,102.68813276852768,102.60050487117755,108.54517964942679,4.406868355519322,3.6041564233540413,-2.8929016314968976,2464.241184133123,2603.1820505291216,-138.94086639599846,0.5
12,8,W3,105.65227801792989,107.095001124047,104.63656833247205,108.54517964942679,102.68813276852768,110.97933421933857,-2.8929016314968976,4.406868355519322,-6.342765886866516,2464.241184133123,2603.1820505291216,-138.94086639599846,9.99
12,9,W3,104.63656833247205,105.65227801792989,102.51888137057612,110.97933421933857,108.54517964942679,110.32700959991118,-6.342765886866516,-2.8929016314968976,-7.808128229335054,2464.241184133123,2603.1820505291216,-138.94086639599846,9.99
12,10,W3,102.51888137057612,104.63656833247205,100.57042099437659,110.32700959991118,110.97933421933857,116.73983606821147,-7.808128229335054,-6.342765886866516,-16.169415073834884,2464.241184133123,2603.1820505291216,-138.94086639599846,9.99
12,11,W3,100.57042099437659,102.51888137057612,104.5352024913957,116.73983606821147,110.32700959991118,118.59608849322098,-16.169415073834884,-7.808128229335054,-14.060886001825281,2464.241184133123,2603.1820505291216,-138.94086639599846,9.99
12,12,W3,104.5352024913957,100.57042099437659,111.71834401540643,118.59608849322098,116.73983606821147,121.29912182263342,-14.060886001825281,-16.169415073834884,-9.580777807226994,2464.241184133123,2603.1820505291216,-138.94086639599846,9.99
12,13,W3,111.71834401540643,104.5352024913957,119.50884862097031,121.29912182263342,118.59608849322098,123.04278069615462,-9.580777807226994,-14.060886001825281,-3.5339320751843104,2464.241184133123,2603.1820505291216,-138.94086639599846,9.99
12,14,W3,119.50884862097031,111.71834401540643,116.27173064150671,123.04278069615462,121.29912182263342,122.41475443765037,-3.5339320751843104,-9.580777807226994,-6.143023796143666,2464.241184133123,2603.1820505291216,-138.94086639599846,9.99
12,15,W3,116.27173064150671,119.50884862097031,114.23548769124146,122.41475443765037,123.04278069615462,119.62229928838164,-6.143023796143666,-3.5339320751843104,-5.386811597140181,2464.241184133123,2603.1820505291216,-138.94086639599846,9.99
12,16,W3,114.23548769124146,116.27173064150671,108.80677559335956,119.62229928838164,122.41475443765037,117.32265576114766,-5.386811597140181,-6.143023796143666,-8.515880167788097,2464.241184133123,2603.1820505291216,-138.94086639599846,9.99
12,17,W3,108.80677559335956,114.23548769124146,105.62160616531646,117.32265576114766,119.62229928838164,115.3544269557174,-8.515880167788097,-5.386811597140181,-9.732820790400936,2464.241184133123,2603.1820505291216,-138.94086639599846,9.99
12,18,W3,105.62160616531646,108.80677559335956,101.84219997129331,115.3544269557174,117.32265576114766,111.17372049936549,-9.732820790400936,-8.515880167788097,-9.331520528072176,2464.241184133123,2603.1820505291216,-138.94086639599846,9.99
12,19,W3,101.84219997129331,105.62160616531646,101.47336195701642,111.17372049936549,115.3544269557174,104.27707814294067,-9.331520528072176,-9.732820790400936,-2.8037161859242445,2464.241184133123,2603.1820505291216,-138.94086639599846,9.99
12,20,W3,101.47336195701642,101.84219997129331,99.47780478610424,104.27707814294067,111.17372049936549,100.08018873554924,-2.8037161859242445,-9.331520528072176,-0.6023839494449987,2464.241184133123,2603.1820505291216,-138.94086639599846,9.99
12,21,W3,99.47780478610424,101.47336195701642,95.99632034812048,100.08018873554924,104.27707814294067,98.23346172463968,-0.6023839494449987,-2.8037161859242445,-2.2371413765192045,2464.241184133123,2603.1820505291216,-138.94086639599846,9.99
12,22,W3,95.99632034812048,99.47780478610424,93.68957490576098,98.23346172463968,100.08018873554924,101.80042216702464,-2.2371413765192045,-0.6023839494449987,-8.110847261263658,2464.241184133123,2603.1820505291216,-138.94086639599846,9.99
12,23,W3,93.68957490576098,95.99632034812048,89.72822400056492,101.80042216702464,98.23346172463968,94.45180876785774,-8.110847261263658,-2.2371413765192045,-4.72358476729282,2464.241184133123,2603.1820505291216,-138.94086639599846,9.99
13,0,W3,82.62397127062484,82.63810378641581,83.03177953999106,48.44573017304237,48.618214688736316,48.35816036150031,34.178241097582465,34.019889097679496,34.67361917849075,2204.8870349981617,1278.4772097603773,926.4098252377844,0.5
13,1,W3,83.03177953999106,82.62397127062484,83.95720895175556,48.35816036150031,48.44573017304237,48.480867148339755,34.67361917849075,34.178241097582465,35.47634180341581,2204.8870349981617,1278.4772097603773,926.4098252377844,0.5
13,2,W3,83.95720895175556,83.03177953999106,86.07269574843299,48.480867148339755,48.35816036150031,47.263919905605796,35.47634180341581,34.67361917849075,38.808775842827195,2204.8870349981617,1278.4772097603773,926.4098252377844,0.5
13,3,W3,86.07269574843299,83.95720895175556,89.06115521615703,47.263919905605796,48.480867148339755,48.24879718834708,38.808775842827195,35.47634180341581,40.81235802780995,2204.8870349981617,1278.4772097603773,926.4098252377844,0.5
13,4,W3,89.06115521615703,86.07269574843299,93.01570571816752,48.24879718834708,47.263919905605796,48.658771403366984,40.81235802780995,38.808775842827195,44.35693431480054,2204.8870349981617,1278.4772097603773,926.4098252377844,0.5
13,5,W3,93.01570571816752,89.06115521615703,96.52311460047795,48.658771403366984,48.24879718834708,48.67116617768971,44.35693431480054,40.81235802780995,47.85194842278824,2204.8870349981617,1278.4772097603773,926.4098252377844,0.5
13,6,W3,96.52311460047795,93.01570571816752,98.26184332080989,48.67116617768971,48.658771403366984,49.92093747868793,47.85194842278824,44.35693431480054,48.340905842121956,2204.8870349981617,1278.4772097603773,926.4098252377844,0.5
13,7,W3,98.26184332080989,96.52311460047795,97.27528419339313,49.92093747868793,48.67116617768971,50.562746172542745,48.340905842121956,47.85194842278824,46.71253802085039,2204.8870349981617,1278.4772097603773,926.4098252377844,0.5
13,8,W3,97.27528419339313,98.26184332080989,94.44147664293614,50.562746172542745,49.92093747868793,52.32920741136289,46.71253802085039,48.340905842121956,42.11226923157325,2204.8870349981617,1278.4772097603773,926.4098252377844,0.5
13,9,W3,94.44147664293614,97.27528419339313,92.1524871936139,52.32920741136289,50.562746172542745,56.33569912820168,42.11226923157325,46.71253802085039,35.81678806541221,2204.8870349981617,1278.4772097603773,926.4098252377844,0.5
13,10,W3,92.1524871936139,94.44147664293614,92.41914801046892,56.33569912820168,52.32920741136289,59.62843446722255,35.81678806541221,42.11226923157325,32.79071354324637,2204.8870349981617,1278.4772097603773,926.4098252377844,0.5
13,11,W3,92.41914801046892,92.1524871936139,95.99969006718564,59.62843446722255,56.33569912820168,61.282059660789116,32.79071354324637,35.81678806541221,34.71763040639652,2204.8870349981617,1278.4772097603773,926.4098252377844,0.5
13,12,W3,95.99969006718564,92.41914801046892,100.35846285903698,61.282059660789116,59.62843446722255,62.008966763337725,34.71763040639652,32.79071354324637,38.34949609569925,2204.8870349981617,1278.4772097603773,926.4098252377844,0.5
13,13,W3,100.35846285903698,95.99969006718564,103.24482767205221,62.008966763337725,61.282059660789116,63.05960196207519,38.34949609569925,34.71763040639652,40.18522570997702,2204.8870349981617,1278.4772097603773,926.4098252377844,0.5
13,14,W3,103.24482767205221,100.35846285903698,103.40573660034214,63.05960196207519,62.008966763337725,61.85126496552513,40.18522570997702,38.34949609569925,41.554471634817006,2204.8870349981617,1278.4772097603773,926.4098252377844,0.5
13,15,W3,103.40573660034214,103.24482767205221,100.86351278773431,61.85126496552513,63.05960196207519,59.46170005056082,41.554471634817006,40.18522570997702,41.401812737173486,2204.8870349981617,1278.4772097603773,926.4098252377844,0.5
13,16,W3,100.86351278773431,103.40573660034214,96.76583346919251,59.46170005056082,61.85126496552513,56.995930589940016,41.401812737173486,41.554471634817006,39.7699028792525,2204.8870349981617,1278.4772097603773,926.4098252377844,0.5
13,17,W3,96.76583346919251,100.86351278773431,92.29087436595599,56.995930589940016,59.46170005056082,55.40635813662232,39.7699028792525,41.401812737173486,36.88451622933366,2204.8870349981617,1278.4772097603773,926.4098252377844,0.5
13,18,W3,92.29087436595599,96.76583346919251,88.38691780644378,55.40635813662232,56.995930589940016,53.85896702011715,36.88451622933366,39.7699028792525,34.52795078632663,2204.8870349981617,1278.4772097603773,926.4098252377844,0.5
13,19,W3,88.38691780644378,92.29087436595599,85.37457304077533,53.85896702011715,55.40635813662232,51.00922260376413,34.52795078632663,36.88451622933366,34.3653504370112,2204.8870349981617,1278.4772097603773,926.4098252377844,0.5
13,20,W3,85.37457304077533,88.38691780644378,83.7555375232826,51.00922260376413,53.85896702011715,49.31855938225135,34.3653504370112,34.52795078632663,34.43697814103125,2204.8870349981617,1278.4772097603773,926.4098252377844,0.5
13,21,W3,83.7555375232826,85.37457304077533,82.96709461291553,49.31855938225135,51.00922260376413,48.701926920748186,34.43697814103125,34.3653504370112,34.265167692167346,2204.8870349981617,1278.4772097603773,926.4098252377844,0.5
13,22,W3,82.96709461291553,83.7555375232826,82.63810378641581,48.701926920748186,49.31855938225135,48.618214688736316,34.265167692167346,34.43697814103125,34.019889097679496,2204.8870349981617,1278.4772097603773,926.4098252377844,0.5
13,23,W3,82.63810378641581,82.96709461291553,82.62397127062484,48.618214688736316,48.701926920748186,48.44573017304237,34.019889097679496,34.265167692167346,34.178241097582465,2204.8870349981617,1278.4772097603773,926.4098252377844,0.5
14,0,W3,67.52640624428484,72.00715064031463,70.50063055508646,43.70579081362155,43.030561842120136,43.28391962574166,23.820615430663295,28.9765887981945,27.2167109293448,1874.6158214440238,1143.3252034835123,731.2906179605116,0.5
14,1,W3,70.50063055508646,67.52640624428484,69.31628312081742,43.28391962574166,43.70579081362155,43.691972513841435,27.2167109293448,23.820615430663295,25.624310606975982,1874.6158214440238,1143.3252034835123,731.2906179605116,0.5
14,2,W3,69.31628312081742,70.50063055508646,70.63158942646234,43.691972513841435,43.28391962574166,42.309203524983474,25.624310606975982,27.2167109293448,28.322385901478867,1874.6158214440238,1143.3252034835123,731.2906179605116,0.5
14,3,W3,70.63158942646234,69.31628312081742,73.89564204473761,42.309203524983474,43.691972513841435,42.12563931635039,28.322385901478867,25.624310606975982,31.770002728387226,1874.6158214440238,1143.3252034835123,731.2906179605116,0.5
14,4,W3,73.89564204473761,70.63158942646234,83.22655834087989,42.12563931635039,42.309203524983474,43.09656242108011,31.770002728387226,28.322385901478867,40.12999591979978,1874.6158214440238,1143.3252034835123,731.2906179605116,0.5
14,5,W3,83.22655834087989,73.89564204473761,84.10279815638525,43.09656242108011,42.12563931635039,44.351287370107194,40.12999591979978,31.770002728387226,39.751510786278054,1874.6158214440238,1143.3252034835123,731.2906179605116,0.5
14,6,W3,84.10279815638525,83.22655834087989,81.96678413454268,44.351287370107194,43.09656242108011,45.89360521130277,39.751510786278054,40.12999591979978,36.07317892323991,1874.6158214440238,1143.3252034835123,731.2906179605116,0.5
14,7,W3,81.96678413454268,84.10279815638525,83.72129666419642,45.89360521130277,44.351287370107194,46.899300506484096,36.07317892323991,39.751510786278054,36.82199615771232,1874.6158214440238,1143.3252034835123,731.2906179605116,0.5
14,8,W3,83.72129666419642,81.96678413454268,79.67131941267557,46.899300506484096,45.89360521130277,49.041552217447574,36.82199615771232,36.07317892323991,30.629767195228,1874.6158214440238,1143.3252034835123,731.2906179605116,0.5
14,9,W3,79.67131941267557,83.72129666419642,77.53727055918371,49.041552217447574,46.899300506484096,49.77209712913412,30.629767195228,36.82199615771232,27.765173430049593,1874.6158214440238,1143.3252034835123,731.2906179605116,0.5
14,10,W3,77.53727055918371,79.67131941267557,78.18796675308172,49.77209712913412,49.041552217447574,51.510868293730056,27.765173430049593,30.629767195228,26.67709845935167,1874.6158214440238,1143.3252034835123,731.2906179605116,0.5
14,11,W3,78.18796675308172,77.53727055918371,81.47493045801446,51.510868293730056,49.77209712913412,53.60382294532845,26.67709845935167,27.765173430049593,27.871107512686002,1874.6158214440238,1143.3252034835123,731.2906179605116,0.5
14,12,W3,81.47493045801446,78.18796675308172,85.05856342106608,53.60382294532845,51.510868293730056,54.36830684707195,27.871107512686002,26.67709845935167,30.690256573994134,1874.6158214440238,1143.3252034835123,731.2906179605116,0.5
14,13,W3,85.05856342106608,81.47493045801446,88.20778855839355,54.36830684707195,53.60382294532845,54.250978679340506,30.690256573994134,27.871107512686002,33.95680987905304,1874.6158214440238,1143.3252034835123,731.2906179605116,0.5
14,14,W3,88.20778855839355,85.05856342106608,89.04362104452531,54.250978679340506,54.36830684707195,53.320736139838075,33.95680987905304,30.690256573994134,35.722884904687234,1874.6158214440238,1143.3252034835123,731.2906179605116,0.5
14,15,W3,89.04362104452531,88.20778855839355,88.20503874222923,53.320736139838075,54.250978679340506,52.90877673818385,35.722884904687234,33.95680987905304,35.29626200404538,1874.6158214440238,1143.3252034835123,731.2906179605116,0.5
14,16,W3,88.20503874222923,89.04362104452531,83.48248884253738,52.90877673818385,53.320736139838075,52.592494989907195,35.29626200404538,35.722884904687234,30.889993852630184,1874.6158214440238,1143.3252034835123,731.2906179605116,0.5
14,17,W3,83.48248884253738,88.20503874222923,78.21007969942625,52.592494989907195,52.90877673818385,50.2823243191376,30.889993852630184,35.29626200404538,27.927755380288644,1874.6158214440238,1143.3252034835123,731.2906179605116,0.5
14,18,W3,78.21007969942625,83.48248884253738,73.315473484975,50.2823243191376,52.592494989907195,47.79116351430435,27.927755380288644,30.889993852630184,25.52430997067065,1874.6158214440238,1143.3252034835123,731.2906179605116,0.5
14,19,W3,73.315473484975,78.21007969942625,72.5440127770093,47.79116351430435,50.2823243191376,46.303435382884714,25.52430997067065,27.927755380288644,26.240577394124585,1874.6158214440238,1143.3252034835123,731.2906179605116,0.5
14,20,W3,72.5440127770093,73.315473484975,71.22270527414587,46.303435382884714,47.79116351430435,44.815163385713426,26.240577394124585,25.52430997067065,26.40754188843244,1874.6158214440238,1143.3252034835123,731.2906179605116,0.5
14,21,W3,71.22270527414587,72.5440127770093,71.55942308905296,44.815163385713426,46.303435382884714,44.37563975585762,26.40754188843244,26.240577394124585,27.183783333195336,1874.6158214440238,1143.3252034835123,731.2906179605116,0.5
14,22,W3,71.55942308905296,71.22270527414587,72.00715064031463,44.37563975585762,44.815163385713426,43.030561842120136,27.183783333195336,26.40754188843244,28.9765887981945,1874.6158214440238,1143.3252034835123,731.2906179605116,0.5
14,23,W3,72.00715064031463,71.55942308905296,67.52640624428484,43.030561842120136,44.37563975585762,43.70579081362155,28.9765887981945,27.183783333195336,23.820615430663295,1874.6158214440238,1143.3252034835123,731.2906179605116,0.5
15,0,W3,94.97958851851946,91.31233621714165,96.14368070578337,88.5717647741206,89.35741990951135,88.0918658139008,6.407823744398868,1.9549163076302989,8.051814891882572,2496.2989757969212,2352.7519173790743,143.54705841784698,0.5
15,1,W3,96.14368070578337,94.97958851851946,94.90866555243873,88.0918658139008,88.5717647741206,87.65728699988519,8.051814891882572,6.407823744398868,7.251378552553547,2496.2989757969212,2352.7519173790743,143.54705841784698,0.5
15,2,W3,94.90866555243873,96.14368070578337,96.19950166493673,87.65728699988519,88.0918658139008,88.05505269841116,7.251378552553547,8.051814891882572,8.144448966525573,2496.2989757969212,2352.7519173790743,143.54705841784698,0.5
15,3,W3,96.19950166493673,94.90866555243873,99.78385204452083,88.05505269841116,87.65728699988519,88.00391919660936,8.144448966525573,7.251378552553547,11.779932847911468,2496.2989757969212,2352.7519173790743,143.54705841784698,0.5
15,4,W3,99.78385204452083,96.19950166493673,106.31942806521495,88.00391919660936,88.05505269841116,89.12682315342707,11.779932847911468,8.144448966525573,17.192604911787882,2496.2989757969212,2352.7519173790743,143.54705841784698,0.5
15,5,W3,106.31942806521495,99.78385204452083,110.30111307624773,89.12682315342707,88.00391919660936,91.13158095347819,17.192604911787882,11.779932847911468,19.16953212276954,2496.2989757969212,2352.7519173790743,143.54705841784698,0.5
15,6,W3,110.30111307624773,106.31942806521495,112.7166776331961,91.13158095347819,89.12682315342707,93.19353054878401,19.16953212276954,17.192604911787882,19.523147084412088,2496.2989757969212,2352.7519173790743,143.54705841784698,0.5
15,7,W3,112.7166776331961,110.30111307624773,110.37211200168532,93.19353054878401,91.13158095347819,96.00050135987271,19.523147084412088,19.16953212276954,14.371610641812609,2496.2989757969212,2352.7519173790743,143.54705841784698,0.5
15,8,W3,110.37211200168532,112.7166776331961,107.17823812160209,96.00050135987271,93.19353054878401,99.71616260148008,14.371610641812609,19.523147084412088,7.4620755201220135,2496.2989757969212,2352.7519173790743,143.54705841784698,0.5
15,9,W3,107.17823812160209,110.37211200168532,104.80103706102855,99.71616260148008,96.00050135987271,103.19073621488054,7.4620755201220135,14.371610641812609,1.6103008461480073,2496.2989757969212,2352.7519173790743,143.54705841784698,0.5
15,10,W3,104.80103706102855,107.17823812160209,104.12498445667862,103.19073621488054,99.71616260148008,106.7436093336722,1.6103008461480073,7.4620755201220135,-2.6186248769935787,2496.2989757969212,2352.7519173790743,143.54705841784698,0.5
15,11,W3,104.12498445667862,104.80103706102855,108.38914396470187,106.7436093336722,103.19073621488054,109.723605487473,-2.6186248769935787,1.6103008461480073,-1.3344615227711216,2496.2989757969212,2352.7519173790743,143.54705841784698,9.99
15,12,W3,108.38914396470187,104.12498445667862,113.95425010744178,109.723605487473,106.7436093336722,112.53634067788332,-1.3344615227711216,-2.6186248769935787,1.4179094295584633,2496.2989757969212,2352.7519173790743,143.54705841784698,9.99
15,13,W3,113.95425010744178,108.38914396470187,116.37371902503153,112.53634067788332,109.723605487473,113.24687476110792,1.4179094295584633,-1.3344615227711216,3.1268442639236156,2496.2989757969212,2352.7519173790743,143.54705841784698,0.5
15,14,W3,116.37371902503153,113.95425010744178,117.28683028540358,113.24687476110792,112.53634067788332,111.9902833780765,3.1268442639236156,1.4179094295584633,5.296546907327084,2496.2989757969212,2352.7519173790743,143.54705841784698,0.5
15,15,W3,117.28683028540358,116.37371902503153,115.77059962500529,111.9902833780765,113.24687476110792,109.88553741481843,5.296546907327084,3.1268442639236156,5.8850622101868595,2496.2989757969212,2352.7519173790743,143.54705841784698,0.5
15,16,W3,115.77059962500529,117.28683028540358,110.31465046061975,109.88553741481843,111.9902833780765,106.33346553559474,5.8850622101868595,5.296546907327084,3.981184925025005,2496.2989757969212,2352.7519173790743,143.54705841784698,0.5
15,17,W3,110.31465046061975,115.77059962500529,104.60323345046643,106.33346553559474,109.88553741481843,102.4586917407654,3.981184925025005,5.8850622101868595,2.1445417097010306,2496.2989757969212,2352.7519173790743,143.54705841784698,0.5
15,18,W3,104.60323345046643,110.31465046061975,99.4331410401665,102.4586917407654,106.33346553559474,98.56134771150758,2.1445417097010306,3.981184925025005,0.8717933286589243,2496.2989757969212,2352.7519173790743,143.54705841784698,0.5
15,19,W3,99.4331410401665,104.60323345046643,95.35543831635357,98.56134771150758,102.4586917407654,95.3121251698098,0.8717933286589243,2.1445417097010306,0.043313146543766834,2496.2989757969212,2352.7519173790743,143.54705841784698,0.5
15,20,W3,95.35543831635357,99.4331410401665,93.60861299143757,95.3121251698098,98.56134771150758,92.8963186551351,0.043313146543766834,0.8717933286589243,0.7122943363024632,2496.2989757969212,2352.7519173790743,143.54705841784698,0.5
15,21,W3,93.60861299143757,95.35543831635357,92.06814141129934,92.8963186551351,95.3121251698098,90.96707328886912,0.7122943363024632,0.043313146543766834,1.1010681224302203,2496.2989757969212,2352.7519173790743,143.54705841784698,0.5
15,22,W3,92.06814141129934,93.60861299143757,91.31233621714165,90.96707328886912,92.8963186551351,89.35741990951135,1.1010681224302203,0.7122943363024632,1.9549163076302989,2496.2989757969212,2352.7519173790743,143.54705841784698,0.5
15,23,W3,91.31233621714165,92.06814141129934,94.97958851851946,89.35741990951135,90.96707328886912,88.5717647741206,1.9549163076302989,1.1010681224302203,6.407823744398868,2496.2989757969212,2352.7519173790743,143.54705841784698,0.5
16,0,W3,108.62660514360462,112.9088874978158,109.1573986766,62.9926549714058,63.49989047166123,62.46833926984908,45.63395017219882,49.408997026154566,46.689059406750914,2881.1615873929886,1650.924478946099,1230.2371084468896,0.5
16,1,W3,109.1573986766,108.62660514360462,109.71423668993732,62.46833926984908,62.9926549714058,61.73853187443452,46.689059406750914,45.63395017219882,47.9757048155028,2881.1615873929886,1650.924478946099,1230.2371084468896,0.5
16,2,W3,109.71423668993732,109.1573986766,107.820772819051,61.73853187443452,62.46833926984908,60.572831115124934,47.9757048155028,46.689059406750914,47.24794170392607,2881.1615873929886,1650.924478946099,1230.2371084468896,0.5
16,3,W3,107.820772819051,109.71423668993732,113.50576750543422,60.572831115124934,61.73853187443452,61.63907202082557,47.24794170392607,47.9757048155028,51.86669548460865,2881.1615873929886,1650.924478946099,1230.2371084468896,0.5
16,4,W3,113.50576750543422,107.820772819051,120.35909163225394,61.63907202082557,60.572831115124934,62.41237780679318,51.86669548460865,47.24794170392607,57.946713825460755,2881.1615873929886,1650.924478946099,1230.2371084468896,0.5
16,5,W3,120.35909163225394,113.50576750543422,126.71242745545281,62.41237780679318,61.63907202082557,63.83770302707754,57.946713825460755,51.86669548460865,62.87472442837527,2881.1615873929886,1650.924478946099,1230.2371084468896,0.5
16,6,W3,126.71242745545281,120.35909163225394,127.18809362496957,63.83770302707754,62.41237780679318,65.8793033024666,62.87472442837527,57.946713825460755,61.30879032250297,2881.1615873929886,1650.924478946099,1230.2371084468896,0.5
16,7,W3,127.18809362496957,126.71242745545281,127.09445045769259,65.8793033024666,63.83770302707754,68.41850240730433,61.30879032250297,62.87472442837527,58.67594805038826,2881.1615873929886,1650.924478946099,1230.2371084468896,0.5
16,8,W3,127.09445045769259,127.18809362496957,124.02381214190714,68.41850240730433,65.8793033024666,71.9723230724804,58.67594805038826,61.30879032250297,52.05148906942674,2881.1615873929886,1650.924478946099,1230.2371084468896,0.5
16,9,W3,124.02381214190714,127.09445045769259,117.66159104565044,71.9723230724804,68.41850240730433,73.31148537345503,52.05148906942674,58.67594805038826,44.35010567219541,2881.1615873929886,1650.924478946099,1230.2371084468896,0.5
16,10,W3,117.66159104565044,124.02381214190714,114.94924675614662,73.31148537345503,71.9723230724804,74.82698778986438,44.35010567219541,52.05148906942674,40.122258966282246,2881.1615873929886,1650.924478946099,1230.2371084468896,0.5
16,11,W3,114.94924675614662,117.66159104565044,122.20181272407376,74.82698778986438,73.31148537345503,77.25636329127497,40.122258966282246,44.35010567219541,44.945449432798796,2881.1615873929886,1650.924478946099,1230.2371084468896,0.5
16,12,W3,122.20181272407376,114.94924675614662,127.24723856067288,77.25636329127497,74.82698778986438,78.83480123835892,44.945449432798796,40.122258966282246,48.41243732231396,2881.1615873929886,1650.924478946099,1230.2371084468896,0.5
16,13,W3,127.24723856067288,122.20181272407376,134.45967332591886,78.83480123835892,77.25636329127497,78.20925107336696,48.41243732231396,44.945449432798796,56.2504222525519,2881.1615873929886,1650.924478946099,1230.2371084468896,0.5
16,14,W3,134.45967332591886,127.24723856067288,139.4399119406726,78.20925107336696,78.83480123835892,77.8434484379766,56.2504222525519,48.41243732231396,61.596463502696,2881.1615873929886,1650.924478946099,1230.2371084468896,0.5
16,15,W3,139.4399119406726,134.45967332591886,134.3359588511708,77.8434484379766,78.20925107336696,76.39430008366409,61.596463502696,56.2504222525519,57.94165876750671,2881.1615873929886,1650.924478946099,1230.2371084468896,0.5
16,16,W3,134.3359588511708,139.4399119406726,127.296058647231,76.39430008366409,77.8434484379766,73.68834602128055,57.94165876750671,61.596463502696,53.607712625950455,2881.1615873929886,1650.924478946099,1230.2371084468896,0.5
16,17,W3,127.296058647231,134.3359588511708,121.50992346902159,73.68834602128055,76.39430008366409,70.87792373727461,53.607712625950455,57.94165876750671,50.63199973174697,2881.1615873929886,1650.924478946099,1230.2371084468896,0.5
16,18,W3,121.50992346902159,127.296058647231,117.88571398624903,70.87792373727461,73.68834602128055,68.51597206842112,50.63199973174697,53.607712625950455,49.36974191782791,2881.1615873929886,1650.924478946099,1230.2371084468896,0.5
16,19,W3,117.88571398624903,121.50992346902159,111.78416400225528,68.51597206842112,70.87792373727461,66.77793068997484,49.36974191782791,50.63199973174697,45.00623331228044,2881.1615873929886,1650.924478946099,1230.2371084468896,0.5
16,20,W3,111.78416400225528,117.88571398624903,112.40787952437918,66.77793068997484,68.51597206842112,64.72919516421426,45.00623331228044,49.36974191782791,47.67868436016492,2881.1615873929886,1650.924478946099,1230.2371084468896,0.5
16,21,W3,112.40787952437918,111.78416400225528,112.8708709148275,64.72919516421426,66.77793068997484,64.22694463754961,47.67868436016492,45.00623331228044,48.6439262772779,2881.1615873929886,1650.924478946099,1230.2371084468896,0.5
16,22,W3,112.8708709148275,112.40787952437918,112.9088874978158,64.22694463754961,64.72919516421426,63.49989047166123,48.6439262772779,47.67868436016492,49.408997026154566,2881.1615873929886,1650.924478946099,1230.2371084468896,0.5
16,23,W3,112.9088874978158,112.8708709148275,108.62660514360462,63.49989047166123,64.22694463754961,62.9926549714058,49.408997026154566,48.6439262772779,45.63395017219882,2881.1615873929886,1650.924478946099,1230.2371084468896,0.5
17,0,W3,97.63306516901015,98.76902832319028,100.2079738711478,67.87798532758835,71.026320045483,66.5955662160799,29.755079841421804,27.74270827770728,33.6124076550679,2646.036033177258,1822.6055391129066,823.4304940643515,0.5
17,1,W3,100.2079738711478,97.63306516901015,103.90015383607005,66.5955662160799,67.87798532758835,67.05688425161871,33.6124076550679,29.755079841421804,36.843269584451335,2646.036033177258,1822.6055391129066,823.4304940643515,0.5
17,2,W3,103.90015383607005,100.2079738711478,104.67391577587324,67.05688425161871,66.5955662160799,67.7151663336403,36.843269584451335,33.6124076550679,36.95874944223294,2646.036033177258,1822.6055391129066,823.4304940643515,0.5
17,3,W3,104.67391577587324,103.90015383607005,108.91130425115819,67.7151663336403,67.05688425161871,68.24028263388071,36.95874944223294,36.843269584451335,40.671021617277475,2646.036033177258,1822.6055391129066,823.4304940643515,0.5
17,4,W3,108.91130425115819,104.67391577587324,114.52116066117514,68.24028263388071,67.7151663336403,69.06407703963805,40.671021617277475,36.95874944223294,45.457083621537095,2646.036033177258,1822.6055391129066,823.4304940643515,0.5
17,5,W3,114.52116066117514,108.91130425115819,119.30480750895343,69.06407703963805,68.24028263388071,74.97809952922414,45.457083621537095,40.671021617277475,44.32670797972929,2646.036033177258,1822.6055391129066,823.4304940643515,0.5
17,6,W3,119.30480750895343,114.52116066117514,120.01788585762154,74.97809952922414,69.06407703963805,76.46920794663136,44.32670797972929,45.457083621537095,43.54867791099018,2646.036033177258,1822.6055391129066,823.4304940643515,0.5
17,7,W3,120.01788585762154,119.30480750895343,116.40746775159107,76.46920794663136,74.97809952922414,77.91544249903083,43.54867791099018,44.32670797972929,38.49202525256024,2646.036033177258,1822.6055391129066,823.4304940643515,0.5
17,8,W3,116.40746775159107,120.01788585762154,112.17022424280307,77.91544249903083,76.46920794663136,76.27396515892656,38.49202525256024,43.54867791099018,35.896259083876515,2646.036033177258,1822.6055391129066,823.4304940643515,0.5
17,9,W3,112.17022424280307,116.40746775159107,107.26720875017615,76.27396515892656,77.91544249903083,81.28044550610441,35.896259083876515,38.49202525256024,25.98676324407174,2646.036033177258,1822.6055391129066,823.4304940643515,0.5
17,10,W3,107.26720875017615,112.17022424280307,108.63793613125421,81.28044550610441,76.27396515892656,81.43731675820747,25.98676324407174,35.896259083876515,27.200619373046734,2646.036033177258,1822.6055391129066,823.4304940643515,0.5
17,11,W3,108.63793613125421,107.26720875017615,113.89795885423462,81.43731675820747,81.28044550610441,88.01569678293426,27.200619373046734,25.98676324407174,25.88226207130036,2646.036033177258,1822.6055391129066,823.4304940643515,0.5
17,12,W3,113.89795885423462,108.63793613125421,116.93351383929584,88.01569678293426,81.43731675820747,89.8148903124164,25.88226207130036,27.200619373046734,27.118623526879446,2646.036033177258,1822.6055391129066,823.4304940643515,0.5
17,13,W3,116.93351383929584,113.89795885423462,120.95837845423392,89.8148903124164,88.01569678293426,88.6441303614499,27.118623526879446,25.88226207130036,32.31424809278403,2646.036033177258,1822.6055391129066,823.4304940643515,0.5
17,14,W3,120.95837845423392,116.93351383929584,121.97395185643829,88.6441303614499,89.8148903124164,85.23697400288555,32.31424809278403,27.118623526879446,36.736977853552744,2646.036033177258,1822.6055391129066,823.4304940643515,0.5
17,15,W3,121.97395185643829,120.95837845423392,120.71521995388777,85.23697400288555,88.6441303614499,83.26458370070581,36.736977853552744,32.31424809278403,37.450636253181955,2646.036033177258,1822.6055391129066,823.4304940643515,0.5
17,16,W3,120.71521995388777,121.97395185643829,117.22122556202453,83.26458370070581,85.23697400288555,80.72056155426628,37.450636253181955,36.736977853552744,36.500664007758246,2646.036033177258,1822.6055391129066,823.4304940643515,0.5
17,17,W3,117.22122556202453,120.71521995388777,112.2779087646429,80.72056155426628,83.26458370070581,76.47070924895156,36.500664007758246,37.450636253181955,35.80719951569134,2646.036033177258,1822.6055391129066,823.4304940643515,0.5
17,18,W3,112.2779087646429,117.22122556202453,106.27751627723123,76.47070924895156,80.72056155426628,72.94694445744787,35.80719951569134,36.500664007758246,33.33057181978336,2646.036033177258,1822.6055391129066,823.4304940643515,0.5
17,19,W3,106.27751627723123,112.2779087646429,102.30864964973773,72.94694445744787,76.47070924895156,71.43651925150121,33.33057181978336,35.80719951569134,30.87213039823652,2646.036033177258,1822.6055391129066,823.4304940643515,0.5
17,20,W3,102.30864964973773,106.27751627723123,101.61040194869292,71.43651925150121,72.94694445744787,70.02401633367299,30.87213039823652,33.33057181978336,31.586385615019935,2646.036033177258,1822.6055391129066,823.4304940643515,0.5
17,21,W3,101.61040194869292,102.30864964973773,99.43917588681414,70.02401633367299,71.43651925150121,70.09975386062092,31.586385615019935,30.87213039823652,29.33942202619322,2646.036033177258,1822.6055391129066,823.4304940643515,0.5
17,22,W3,99.43917588681414,101.61040194869292,98.76902832319028,70.09975386062092,70.02401633367299,71.026320045483,29.33942202619322,31.586385615019935,27.74270827770728,2646.036033177258,1822.6055391129066,823.4304940643515,0.5
17,23,W3,98.76902832319028,99.43917588681414,97.63306516901015,71.026320045483,70.09975386062092,67.87798532758835,27.74270827770728,29.33942202619322,29.755079841421804,2646.036033177258,1822.6055391129066,823.4304940643515,0.5
18,0,W3,96.89005975934974,99.30330020620677,97.21894710941795,85.33125675247615,85.21646719977372,84.08918603379512,11.558803006873589,14.086833006433054,13.129761075622838,2622.4971272048206,2263.0655014540203,359.4316257508003,0.5
18,1,W3,97.21894710941795,96.89005975934974,98.41852199718045,84.08918603379512,85.33125675247615,85.36422321314379,13.129761075622838,11.558803006873589,13.05429878403666,2622.4971272048206,2263.0655014540203,359.4316257508003,0.5
18,2,W3,98.41852199718045,97.21894710941795,100.85678834880267,85.36422321314379,84.08918603379512,86.29600358882288,13.05429878403666,13.129761075622838,14.560784759979782,2622.4971272048206,2263.0655014540203,359.4316257508003,0.5
18,3,W3,100.85678834880267,98.41852199718045,104.05891343491005,86.29600358882288,85.36422321314379,86.05368802349085,14.560784759979782,13.05429878403666,18.005225411419204,2622.4971272048206,2263.0655014540203,359.4316257508003,0.5
18,4,W3,104.05891343491005,100.85678834880267,108.47473247053551,86.05368802349085,86.29600358882288,87.19897943201991,18.005225411419204,14.560784759979782,21.275753038515603,2622.4971272048206,2263.0655014540203,359.4316257508003,0.5
18,5,W3,108.47473247053551,104.05891343491005,114.18116767045757,87.19897943201991,86.05368802349085,88.29259969561491,21.275753038515603,18.005225411419204,25.88856797484266,2622.4971272048206,2263.0655014540203,359.4316257508003,0.5
18,6,W3,114.18116767045757,108.47473247053551,115.51828116330405,88.29259969561491,87.19897943201991,90.48559727407435,25.88856797484266,21.275753038515603,25.032683889229702,2622.4971272048206,2263.0655014540203,359.4316257508003,0.5
18,7,W3,115.51828116330405,114.18116767045757,115.36213838010296,90.48559727407435,88.29259969561491,92.85732967854688,25.032683889229702,25.88856797484266,22.504808701556087,2622.4971272048206,2263.0655014540203,359.4316257508003,0.5
18,8,W3,115.36213838010296,115.51828116330405,113.93881981095166,92.85732967854688,90.48559727407435,95.5509178097223,22.504808701556087,25.032683889229702,18.38790200122935,2622.4971272048206,2263.0655014540203,359.4316257508003,0.5
18,9,W3,113.93881981095166,115.36213838010296,111.9595751655824,95.5509178097223,92.85732967854688,98.71934530314124,18.38790200122935,22.504808701556087,13.240229862441154,2622.4971272048206,2263.0655014540203,359.4316257508003,0.5
18,10,W3,111.9595751655824,113.93881981095166,109.90916829707118,98.71934530314124,95.5509178097223,102.55898873205699,13.240229862441154,18.38790200122935,7.350179565014187,2622.4971272048206,2263.0655014540203,359.4316257508003,0.5
18,11,W3,109.90916829707118,111.9595751655824,114.60504811307004,102.55898873205699,98.71934530314124,106.0433174185837,7.350179565014187,13.240229862441154,8.561730694486343,2622.4971272048206,2263.0655014540203,359.4316257508003,0.5
18,12,W3,114.60504811307004,109.90916829707118,119.98829287520252,106.0433174185837,102.55898873205699,108.30163082694752,8.561730694486343,7.350179565014187,11.686662048255002,2622.4971272048206,2263.0655014540203,359.4316257508003,0.5
18,13,W3,119.98829287520252,114.60504811307004,123.71503528906645,108.30163082694752,106.0433174185837,108.7244174425579,11.686662048255002,8.561730694486343,14.990617846508556,2622.4971272048206,2263.0655014540203,359.4316257508003,0.5
18,14,W3,123.71503528906645,119.98829287520252,121.8974943015416,108.7244174425579,108.30163082694752,107.45108090651706,14.990617846508556,11.686662048255002,14.446413395024535,2622.4971272048206,2263.0655014540203,359.4316257508003,0.5
18,15,W3,121.8974943015416,123.71503528906645,119.87636300559711,107.45108090651706,108.7244174425579,104.50948553151099,14.446413395024535,14.990617846508556,15.366877474086124,2622.4971272048206,2263.0655014540203,359.4316257508003,0.5
18,16,W3,119.87636300559711,121.8974943015416,113.78222237319365,104.50948553151099,107.45108090651706,101.54369120539303,15.366877474086124,14.446413395024535,12.238531167800616,2622.4971272048206,2263.0655014540203,359.4316257508003,0.5
18,17,W3,113.78222237319365,119.87636300559711,110.01295118072572,101.54369120539303,104.50948553151099,97.4832439071154,12.238531167800616,15.366877474086124,12.529707273610327,2622.4971272048206,2263.0655014540203,359.4316257508003,0.5
18,18,W3,110.01295118072572,113.78222237319365,106.38888687205844,97.4832439071154,101.54369120539303,93.94871533218908,12.529707273610327,12.238531167800616,12.440171539869354,2622.4971272048206,2263.0655014540203,359.4316257508003,0.5
18,19,W3,106.38888687205844,110.01295118072572,105.34829417187372,93.94871533218908,97.4832439071154,90.85554128461897,12.440171539869354,12.529707273610327,14.492752887254753,2622.4971272048206,2263.0655014540203,359.4316257508003,0.5
18,20,W3,105.34829417187372,106.38888687205844,102.01072226061856,90.85554128461897,93.94871533218908,89.07951533725708,14.492752887254753,12.440171539869354,12.931206923361486,2622.4971272048206,2263.0655014540203,359.4316257508003,0.5
18,21,W3,102.01072226061856,105.34829417187372,98.78140294799994,89.07951533725708,90.85554128461897,87.11027952465044,12.931206923361486,14.492752887254753,11.6711234233495,2622.4971272048206,2263.0655014540203,359.4316257508003,0.5
18,22,W3,98.78140294799994,102.01072226061856,99.30330020620677,87.11027952465044,89.07951533725708,85.21646719977372,11.6711234233495,12.931206923361486,14.086833006433054,2622.4971272048206,2263.0655014540203,359.4316257508003,0.5
18,23,W3,99.30330020620677,98.78140294799994,96.89005975934974,85.21646719977372,87.11027952465044,85.33125675247615,14.086833006433054,11.6711234233495,11.558803006873589,2622.4971272048206,2263.0655014540203,359.4316257508003,0.5
19,0,W3,98.71531191975056,98.52409365051088,100.01345493880946,43.267431528126195,45.32310355779021,41.92970297446432,55.447880391624366,53.200990092720666,58.08375196434514,2617.589602203928,1155.0031566796463,1462.5864455242815,0.5
19,1,W3,100.01345493880946,98.71531191975056,100.19667184357084,41.92970297446432,43.267431528126195,41.889476070533135,58.08375196434514,55.447880391624366,58.307195773037705,2617.589602203928,1155.0031566796463,1462.5864455242815,0.5
19,2,W3,100.19667184357084,100.01345493880946,102.02834913940949,41.889476070533135,41.92970297446432,42.84903780235077,58.307195773037705,58.08375196434514,59.179311337058714,2617.589602203928,1155.0031566796463,1462.5864455242815,0.5
19,3,W3,102.02834913940949,100.19667184357084,106.00022673375102,42.84903780235077,41.889476070533135,43.142572182239476,59.179311337058714,58.307195773037705,62.857654551511544,2617.589602203928,1155.0031566796463,1462.5864455242815,0.5
19,4,W3,106.00022673375102,102.02834913940949,110.91514251422572,43.142572182239476,42.84903780235077,45.26141969182552,62.857654551511544,59.179311337058714,65.6537228224002,2617.589602203928,1155.0031566796463,1462.5864455242815,0.5
19,5,W3,110.91514251422572,106.00022673375102,115.12282570833581,45.26141969182552,43.142572182239476,46.19144882410385,65.6537228224002,62.857654551511544,68.93137688423195,2617.589602203928,1155.0031566796463,1462.5864455242815,0.5
19,6,W3,115.12282570833581,110.91514251422572,116.79081090393876,46.19144882410385,45.26141969182552,46.27477596752001,68.93137688423195,65.6537228224002,70.51603493641875,2617.589602203928,1155.0031566796463,1462.5864455242815,0.5
19,7,W3,116.79081090393876,115.12282570833581,115.25674844173581,46.27477596752001,46.19144882410385,46.58147277044977,70.51603493641875,68.93137688423195,68.67527567128604,2617.589602203928,1155.0031566796463,1462.5864455242815,0.5
19,8,W3,115.25674844173581,116.79081090393876,111.52568703521565,46.58147277044977,46.27477596752001,49.2780353629754,68.67527567128604,70.51603493641875,62.24765167224025,2617.589602203928,1155.0031566796463,1462.5864455242815,0.5
19,9,W3,111.52568703521565,115.25674844173581,109.19461736244489,49.2780353629754,46.58147277044977,52.05535050334406,62.24765167224025,68.67527567128604,57.13926685910083,2617.589602203928,1155.0031566796463,1462.5864455242815,0.5
19,10,W3,109.19461736244489,111.52568703521565,108.22932000532094,52.05535050334406,49.2780353629754,52.74421758424248,57.13926685910083,62.24765167224025,55.485102421078466,2617.589602203928,1155.0031566796463,1462.5864455242815,0.5
19,11,W3,108.22932000532094,109.19461736244489,113.59664939311959,52.74421758424248,52.05535050334406,52.887223416791315,55.485102421078466,57.13926685910083,60.709425976328276,2617.589602203928,1155.0031566796463,1462.5864455242815,0.5
19,12,W3,113.59664939311959,108.22932000532094,118.58384927943544,52.887223416791315,52.74421758424248,54.188075941259186,60.709425976328276,55.485102421078466,64.39577333817626,2617.589602203928,1155.0031566796463,1462.5864455242815,0.5
19,13,W3,118.58384927943544,113.59664939311959,121.42815397074207,54.188075941259186,52.887223416791315,54.29913028657134,64.39577333817626,60.709425976328276,67.12902368417073,2617.589602203928,1155.0031566796463,1462.5864455242815,0.5
19,14,W3,121.42815397074207,118.58384927943544,122.28959215791349,54.29913028657134,54.188075941259186,54.7066477820738,67.12902368417073,64.39577333817626,67.58294437583969,2617.589602203928,1155.0031566796463,1462.5864455242815,0.5
19,15,W3,122.28959215791349,121.42815397074207,118.69945977432428,54.7066477820738,54.29913028657134,53.73480904619705,67.58294437583969,67.12902368417073,64.96465072812722,2617.589602203928,1155.0031566796463,1462.5864455242815,0.5
19,16,W3,118.69945977432428,122.28959215791349,114.33232695518063,53.73480904619705,54.7066477820738,52.97476713510612,64.96465072812722,67.58294437583969,61.35755982007451,2617.589602203928,1155.0031566796463,1462.5864455242815,0.5
19,17,W3,114.33232695518063,118.69945977432428,108.95378569345758,52.97476713510612,53.73480904619705,49.73744156689423,61.35755982007451,64.96465072812722,59.21634412656334,2617.589602203928,1155.0031566796463,1462.5864455242815,0.5
19,18,W3,108.95378569345758,114.33232695518063,104.91419423807038,49.73744156689423,52.97476713510612,47.63462948634101,59.21634412656334,61.35755982007451,57.27956475172937,2617.589602203928,1155.0031566796463,1462.5864455242815,0.5
19,19,W3,104.91419423807038,108.95378569345758,102.16029942131708,47.63462948634101,49.73744156689423,46.83524119643895,57.27956475172937,59.21634412656334,55.32505822487813,2617.589602203928,1155.0031566796463,1462.5864455242815,0.5
19,20,W3,102.16029942131708,104.91419423807038,100.84178683053197,46.83524119643895,47.63462948634101,45.99519956070186,55.32505822487813,57.27956475172937,54.84658726983011,2617.589602203928,1155.0031566796463,1462.5864455242815,0.5
19,21,W3,100.84178683053197,102.16029942131708,99.2762442928157,45.99519956070186,46.83524119643895,45.22194644130612,54.84658726983011,55.32505822487813,54.05429785150958,2617.589602203928,1155.0031566796463,1462.5864455242815,0.5
19,22,W3,99.2762442928157,100.84178683053197,98.52409365051088,45.22194644130612,45.99519956070186,45.32310355779021,54.05429785150958,54.84658726983011,53.200990092720666,2617.589602203928,1155.0031566796463,1462.5864455242815,0.5
19,23,W3,98.52409365051088,99.2762442928157,98.71531191975056,45.32310355779021,45.22194644130612,43.267431528126195,53.200990092720666,54.05429785150958,55.447880391624366,2617.589602203928,1155.0031566796463,1462.5864455242815,0.5
20,0,W3,74.60774066966631,73.91546291089067,76.86029824400762,46.78137753497272,48.4802911268534,47.56296408147438,27.826363134693594,25.435171784037266,29.297334162533247,2039.4265642972346,1215.6990483533073,823.7275159439273,0.5
20,1,W3,76.86029824400762,74.60774066966631,77.99347316767307,47.56296408147438,46.78137753497272,46.80596033650216,29.297334162533247,27.826363134693594,31.187512831170913,2039.4265642972346,1215.6990483533073,823.7275159439273,0.5
20,2,W3,77.99347316767307,76.86029824400762,76.47915111347025,46.80596033650216,47.56296408147438,47.10610300937898,31.187512831170913,29.297334162533247,29.373048104091275,2039.4265642972346,1215.6990483533073,823.7275159439273,0.5
20,3,W3,76.47915111347025,77.99347316767307,77.12980881900137,47.10610300937898,46.80596033650216,46.86282588090297,29.373048104091275,31.187512831170913,30.2669829380984,2039.4265642972346,1215.6990483533073,823.7275159439273,0.5
20,4,W3,77.12980881900137,76.47915111347025,78.04150230408165,46.86282588090297,47.10610300937898,48.228650639259776,30.2669829380984,29.373048104091275,29.81285166482187,2039.4265642972346,1215.6990483533073,823.7275159439273,0.5
20,5,W3,78.04150230408165,77.12980881900137,86.87875467681793,48.228650639259776,46.86282588090297,49.02175769704789,29.81285166482187,30.2669829380984,37.856996979770045,2039.4265642972346,1215.6990483533073,823.7275159439273,0.5
20,6,W3,86.87875467681793,78.04150230408165,85.08850734130809,49.02175769704789,48.228650639259776,48.62013092667982,37.856996979770045,29.81285166482187,36.46837641462827,2039.4265642972346,1215.6990483533073,823.7275159439273,0.5
20,7,W3,85.08850734130809,86.87875467681793,84.78087589803368,48.62013092667982,49.02175769704789,50.423173284028124,36.46837641462827,37.856996979770045,34.35770261400556,2039.4265642972346,1215.6990483533073,823.7275159439273,0.5
20,8,W3,84.78087589803368,85.08850734130809,87.06981024446814,50.423173284028124,48.62013092667982,51.800659268506465,34.35770261400556,36.46837641462827,35.26915097596168,2039.4265642972346,1215.6990483533073,823.7275159439273,0.5
20,9,W3,87.06981024446814,84.78087589803368,86.99324061429283,51.800659268506465,50.423173284028124,51.07309925421179,35.26915097596168,34.35770261400556,35.92014136008104,2039.4265642972346,1215.6990483533073,823.7275159439273,0.5
20,10,W3,86.99324061429283,87.06981024446814,89.46155102791143,51.07309925421179,51.800659268506465,54.146465073027386,35.92014136008104,35.26915097596168,35.31508595488404,2039.4265642972346,1215.6990483533073,823.7275159439273,0.5
20,11,W3,89.46155102791143,86.99324061429283,90.01338154353769,54.146465073027386,51.07309925421179,56.448439449401306,35.31508595488404,35.92014136008104,33.564942094136384,2039.4265642972346,1215.6990483533073,823.7275159439273,0.5
20,12,W3,90.01338154353769,89.46155102791143,94.84017883825216,56.448439449401306,54.146465073027386,56.65675262996645,33.564942094136384,35.31508595488404,38.18342620828571,2039.4265642972346,1215.6990483533073,823.7275159439273,0.5
20,13,W3,94.84017883825216,90.01338154353769,103.30590788050623,56.65675262996645,56.448439449401306,57.91321056743736,38.18342620828571,33.564942094136384,45.392697313068865,2039.4265642972346,1215.6990483533073,823.7275159439273,0.5
20,14,W3,103.30590788050623,94.84017883825216,100.97001099487832,57.91321056743736,56.65675262996645,57.43581770593819,45.392697313068865,38.18342620828571,43.53419328894013,2039.4265642972346,1215.6990483533073,823.7275159439273,0.5
20,15,W3,100.97001099487832,103.30590788050623,97.84368201097868,57.43581770593819,57.91321056743736,56.25174659745215,43.53419328894013,45.392697313068865,41.591935413526535,2039.4265642972346,1215.6990483533073,823.7275159439273,0.5
20,16,W3,97.84368201097868,100.97001099487832,91.82565931949972,56.25174659745215,57.43581770593819,53.36135045689129,41.591935413526535,43.53419328894013,38.46430886260843,2039.4265642972346,1215.6990483533073,823.7275159439273,0.5
20,17,W3,91.82565931949972,97.84368201097868,86.72734045038527,53.36135045689129,56.25174659745215,49.75190529055496,38.46430886260843,41.591935413526535,36.97543515983031,2039.4265642972346,1215.6990483533073,823.7275159439273,0.5
20,18,W3,86.72734045038527,91.82565931949972,83.33083932874611,49.75190529055496,53.36135045689129,49.47122890215592,36.97543515983031,38.46430886260843,33.85961042659019,2039.4265642972346,1215.6990483533073,823.7275159439273,0.5
20,19,W3,83.33083932874611,86.72734045038527,83.16343879562028,49.47122890215592,49.75190529055496,47.801220246713456,33.85961042659019,36.97543515983031,35.362218548906824,2039.4265642972346,1215.6990483533073,823.7275159439273,0.5
20,20,W3,83.16343879562028,83.33083932874611,78.29632393531162,47.801220246713456,49.47122890215592,46.641006237681836,35.362218548906824,33.85961042659019,31.655317697629783,2039.4265642972346,1215.6990483533073,823.7275159439273,0.5
20,21,W3,78.29632393531162,83.16343879562028,73.80962416789536,46.641006237681836,47.801220246713456,47.052912156268405,31.655317697629783,35.362218548906824,26.75671201162696,2039.4265642972346,1215.6990483533073,823.7275159439273,0.5
20,22,W3,73.80962416789536,78.29632393531162,73.91546291089067,47.052912156268405,46.641006237681836,48.4802911268534,26.75671201162696,31.655317697629783,25.435171784037266,2039.4265642972346,1215.6990483533073,823.7275159439273,0.5
20,23,W3,73.91546291089067,73.80962416789536,74.60774066966631,48.4802911268534,47.052912156268405,46.78137753497272,25.435171784037266,26.75671201162696,27.826363134693594,2039.4265642972346,1215.6990483533073,823.7275159439273,0.5
21,0,W3,87.30294396735063,86.84954792824664,87.50141387187739,41.24425796292776,42.59287740977561,40.62526311067366,46.05868600442287,44.256670518471026,46.87615076120373,2328.664599107236,1091.0589402041885,1237.6056589030475,0.5
21,1,W3,87.50141387187739,87.30294396735063,88.03988303485582,40.62526311067366,41.24425796292776,40.552810207054875,46.87615076120373,46.05868600442287,47.487072827800944,2328.664599107236,1091.0589402041885,1237.6056589030475,0.5
21,2,W3,88.03988303485582,87.50141387187739,90.19302428350656,40.552810207054875,40.62526311067366,41.20581396362412,47.487072827800944,46.87615076120373,48.98721031988244,2328.664599107236,1091.0589402041885,1237.6056589030475,0.5
21,3,W3,90.19302428350656,88.03988303485582,93.36532035063429,41.20581396362412,40.552810207054875,41.07260765539944,48.98721031988244,47.487072827800944,52.292712695234854,2328.664599107236,1091.0589402041885,1237.6056589030475,0.5
21,4,W3,93.36532035063429,90.19302428350656,98.42062921152397,41.07260765539944,41.20581396362412,41.44643932475349,52.292712695234854,48.98721031988244,56.97418988677048,2328.664599107236,1091.0589402041885,1237.6056589030475,0.5
21,5,W3,98.42062921152397,93.36532035063429,102.56563502530653,41.44643932475349,41.07260765539944,42.417467195746845,56.97418988677048,52.292712695234854,60.14816782955969,2328.664599107236,1091.0589402041885,1237.6056589030475,0.5
21,6,W3,102.56563502530653,98.42062921152397,104.45690292732885,42.417467195746845,41.44643932475349,44.41216847979885,60.14816782955969,56.97418988677048,60.044734447530004,2328.664599107236,1091.0589402041885,1237.6056589030475,0.5
21,7,W3,104.45690292732885,102.56563502530653,102.9490986209292,44.41216847979885,42.417467195746845,44.83849419203612,60.044734447530004,60.14816782955969,58.11060442889308,2328.664599107236,1091.0589402041885,1237.6056589030475,0.5
21,8,W3,102.9490986209292,104.45690292732885,100.33044469609335,44.83849419203612,44.41216847979885,45.81054819913096,58.11060442889308,60.044734447530004,54.51989649696239,2328.664599107236,1091.0589402041885,1237.6056589030475,0.5
21,9,W3,100.33044469609335,102.9490986209292,97.22986090748294,45.81054819913096,44.83849419203612,47.99469955858226,54.51989649696239,58.11060442889308,49.23516134890068,2328.664599107236,1091.0589402041885,1237.6056589030475,0.5
21,10,W3,97.22986090748294,100.33044469609335,97.3617212471931,47.99469955858226,45.81054819913096,49.55125917004803,49.23516134890068,54.51989649696239,47.810462077145075,2328.664599107236,1091.0589402041885,1237.6056589030475,0.5
21,11,W3,97.3617212471931,97.22986090748294,100.77798603511717,49.55125917004803,47.99469955858226,51.03251638913147,47.810462077145075,49.23516134890068,49.74546964598569,2328.664599107236,1091.0589402041885,1237.6056589030475,0.5
21,12,W3,100.77798603511717,97.3617212471931,105.22557840939346,51.03251638913147,49.55125917004803,51.61198225386805,49.74546964598569,47.810462077145075,53.613596155525414,2328.664599107236,1091.0589402041885,1237.6056589030475,0.5
21,13,W3,105.22557840939346,100.77798603511717,108.51749719843274,51.61198225386805,51.03251638913147,52.11132006039446,53.613596155525414,49.74546964598569,56.406177138038274,2328.664599107236,1091.0589402041885,1237.6056589030475,0.5
21,14,W3,108.51749719843274,105.22557840939346,108.8725738611509,52.11132006039446,51.61198225386805,51.54879637283145,56.406177138038274,53.613596155525414,57.32377748831945,2328.664599107236,1091.0589402041885,1237.6056589030475,0.5
21,15,W3,108.8725738611509,108.51749719843274,106.82743747329846,51.54879637283145,52.11132006039446,49.878290293141646,57.32377748831945,56.406177138038274,56.949147180156814,2328.664599107236,1091.0589402041885,1237.6056589030475,0.5
21,16,W3,106.82743747329846,108.8725738611509,102.6521464067169,49.878290293141646,51.54879637283145,48.10620820725104,56.949147180156814,57.32377748831945,54.54593819946585,2328.664599107236,1091.0589402041885,1237.6056589030475,0.5
21,17,W3,102.6521464067169,106.82743747329846,98.11243726220357,48.10620820725104,49.878290293141646,47.02022853604666,54.54593819946585,56.949147180156814,51.09220872615691,2328.664599107236,1091.0589402041885,1237.6056589030475,0.5
21,18,W3,98.11243726220357,102.6521464067169,93.98350667378938,47.02022853604666,48.10620820725104,45.26279780987483,51.09220872615691,54.54593819946585,48.720708863914545,2328.664599107236,1091.0589402041885,1237.6056589030475,0.5
21,19,W3,93.98350667378938,98.11243726220357,90.8789784726036,45.26279780987483,47.02022853604666,43.60318396490363,48.720708863914545,51.09220872615691,47.27579450769998,2328.664599107236,1091.0589402041885,1237.6056589030475,0.5
21,20,W3,90.8789784726036,93.98350667378938,88.81297870481505,43.60318396490363,45.26279780987483,44.05678608130613,47.27579450769998,48.720708863914545,44.75619262350892,2328.664599107236,1091.0589402041885,1237.6056589030475,0.5
21,21,W3,88.81297870481505,90.8789784726036,87.43705253738543,44.05678608130613,43.60318396490363,43.06212380588703,44.75619262350892,47.27579450769998,44.37492873149839,2328.664599107236,1091.0589402041885,1237.6056589030475,0.5
21,22,W3,87.43705253738543,88.81297870481505,86.84954792824664,43.06212380588703,44.05678608130613,42.59287740977561,44.37492873149839,44.75619262350892,44.256670518471026,2328.664599107236,1091.0589402041885,1237.6056589030475,0.5
21,23,W3,86.84954792824664,87.43705253738543,87.30294396735063,42.59287740977561,43.06212380588703,41.24425796292776,44.256670518471026,44.37492873149839,46.05868600442287,2328.664599107236,1091.0589402041885,1237.6056589030475,0.5
22,0,W3,69.27902843509453,72.02524748434271,68.52466684939081,48.069013455098265,49.40588239239966,41.54074101584355,21.210014979996267,22.619365091943052,26.98392583354726,1843.343299268959,1246.7620669240532,596.5812323449059,0.5
22,1,W3,68.52466684939081,69.27902843509453,70.07885103508734,41.54074101584355,48.069013455098265,40.096880647387344,26.98392583354726,21.210014979996267,29.981970387699995,1843.343299268959,1246.7620669240532,596.5812323449059,0.5
22,2,W3,70.07885103508734,68.52466684939081,71.79072046637188,40.096880647387344,41.54074101584355,42.895351327717826,29.981970387699995,26.98392583354726,28.895369138654054,1843.343299268959,1246.7620669240532,596.5812323449059,0.5
22,3,W3,71.79072046637188,70.07885103508734,74.7461446103733,42.895351327717826,40.096880647387344,43.67091489705285,28.895369138654054,29.981970387699995,31.075229713320454,1843.343299268959,1246.7620669240532,596.5812323449059,0.5
22,4,W3,74.7461446103733,71.79072046637188,76.53242422253324,43.67091489705285,42.895351327717826,40.140917609595455,31.075229713320454,28.895369138654054,36.39150661293778,1843.343299268959,1246.7620669240532,596.5812323449059,0.5
22,5,W3,76.53242422253324,74.7461446103733,80.25920087627418,40.140917609595455,43.67091489705285,42.54314557284017,36.39150661293778,31.075229713320454,37.71605530343401,1843.343299268959,1246.7620669240532,596.5812323449059,0.5
22,6,W3,80.25920087627418,76.53242422253324,80.24480431127886,42.54314557284017,40.140917609595455,46.18738038673698,37.71605530343401,36.39150661293778,34.05742392454187,1843.343299268959,1246.7620669240532,596.5812323449059,0.5
22,7,W3,80.24480431127886,80.25920087627418,79.39990078581165,46.18738038673698,42.54314557284017,49.14880614032483,34.05742392454187,37.71605530343401,30.251094645486823,1843.343299268959,1246.7620669240532,596.5812323449059,0.5
22,8,W3,79.39990078581165,80.24480431127886,78.06935637519025,49.14880614032483,46.18738038673698,52.51277932801902,30.251094645486823,34.05742392454187,25.55657704717123,1843.343299268959,1246.7620669240532,596.5812323449059,0.5
22,9,W3,78.06935637519025,79.39990078581165,75.35055967631767,52.51277932801902,49.14880614032483,53.68037509688905,25.55657704717123,30.251094645486823,21.67018457942862,1843.343299268959,1246.7620669240532,596.5812323449059,0.5
22,10,W3,75.35055967631767,78.06935637519025,75.14036414765977,53.68037509688905,52.51277932801902,58.5618893061003,21.67018457942862,25.55657704717123,16.57847484155947,1843.343299268959,1246.7620669240532,596.5812323449059,0.5
22,11,W3,75.14036414765977,75.35055967631767,78.38299200086453,58.5618893061003,53.68037509688905,61.63878779686642,16.57847484155947,21.67018457942862,16.744204203998116,1843.343299268959,1246.7620669240532,596.5812323449059,0.5
22,12,W3,78.38299200086453,75.14036414765977,83.61264131642278,61.63878779686642,58.5618893061003,60.839252447527315,16.744204203998116,16.57847484155947,22.773388868895466,1843.343299268959,1246.7620669240532,596.5812323449059,0.5
22,13,W3,83.61264131642278,78.38299200086453,87.24676241461043,60.839252447527315,61.63878779686642,59.92258982245849,22.773388868895466,16.744204203998116,27.32417259215194,1843.343299268959,1246.7620669240532,596.5812323449059,0.5
22,14,W3,87.24676241461043,83.61264131642278,86.94102892431866,59.92258982245849,60.839252447527315,60.743511894492855,27.32417259215194,22.773388868895466,26.197517029825804,1843.343299268959,1246.7620669240532,596.5812323449059,0.5
22,15,W3,86.94102892431866,87.24676241461043,85.46320651536679,60.743511894492855,59.92258982245849,62.174955830538124,26.197517029825804,27.32417259215194,23.288250684828668,1843.343299268959,1246.7620669240532,596.5812323449059,0.5
22,16,W3,85.46320651536679,86.94102892431866,82.19318017048384,62.174955830538124,60.743511894492855,59.69632123147235,23.288250684828668,26.197517029825804,22.49685893901149,1843.343299268959,1246.7620669240532,596.5812323449059,0.5
22,17,W3,82.19318017048384,85.46320651536679,78.37928427430624,59.69632123147235,62.174955830538124,58.50566602531464,22.49685893901149,23.288250684828668,19.873618248991605,1843.343299268959,1246.7620669240532,596.5812323449059,0.5
22,18,W3,78.37928427430624,82.19318017048384,75.17014272869386,58.50566602531464,59.69632123147235,54.71806470923252,19.873618248991605,22.49685893901149,20.45207801946134,1843.343299268959,1246.7620669240532,596.5812323449059,0.5
22,19,W3,75.17014272869386,78.37928427430624,72.23121071635289,54.71806470923252,58.50566602531464,53.0846065272883,20.45207801946134,19.873618248991605,19.14660418906459,1843.343299268959,1246.7620669240532,596.5812323449059,0.5
22,20,W3,72.23121071635289,75.17014272869386,71.26684201007775,53.0846065272883,54.71806470923252,52.92890157807226,19.14660418906459,20.45207801946134,18.337940432005496,1843.343299268959,1246.7620669240532,596.5812323449059,0.5
22,21,W3,71.26684201007775,72.23121071635289,71.01473892173505,52.92890157807226,53.0846065272883,54.055331884784636,18.337940432005496,19.14660418906459,16.95940703695041,1843.343299268959,1246.7620669240532,596.5812323449059,0.5
22,22,W3,71.01473892173505,71.26684201007775,72.02524748434271,54.055331884784636,52.92890157807226,49.40588239239966,16.95940703695041,18.337940432005496,22.619365091943052,1843.343299268959,1246.7620669240532,596.5812323449059,0.5
22,23,W3,72.02524748434271,71.01473892173505,69.27902843509453,49.40588239239966,54.055331884784636,48.069013455098265,22.619365091943052,16.95940703695041,21.210014979996267,1843.343299268959,1246.7620669240532,596.5812323449059,0.5
23,0,W3,82.83627221897535,88.58398366448029,81.02045823985809,92.03686684199063,88.63427432625339,90.22390637676472,-9.200594623015277,-0.05029066177310426,-9.20344813690663,2268.47986847476,2388.317856138113,-119.83798766335258,9.99
23,1,W3,81.02045823985809,82.83627221897535,84.08819810149237,90.22390637676472,92.03686684199063,89.83228109705138,-9.20344813690663,-9.200594623015277,-5.744082995559012,2268.47986847476,2388.317856138113,-119.83798766335258,9.99
23,2,W3,84.08819810149237,81.02045823985809,86.74629561325105,89.83228109705138,90.22390637676472,90.01213060435248,-5.744082995559012,-9.20344813690663,-3.2658349911014284,2268.47986847476,2388.317856138113,-119.83798766335258,9.99
23,3,W3,86.74629561325105,84.08819810149237,90.78208297609555,90.01213060435248,89.83228109705138,90.1631048996778,-3.2658349911014284,-5.744082995559012,0.618978076417747,2268.47986847476,2388.317856138113,-119.83798766335258,9.99
23,4,W3,90.78208297609555,86.74629561325105,96.34991194478049,90.1631048996778,90.01213060435248,90.54874041011529,0.618978076417747,-3.2658349911014284,5.801171534665201,2268.47986847476,2388.317856138113,-119.83798766335258,0.5
23,5,W3,96.34991194478049,90.78208297609555,100.72604455132424,90.54874041011529,90.1631048996778,92.99761332320888,5.801171534665201,0.618978076417747,7.728431228115355,2268.47986847476,2388.317856138113,-119.83798766335258,0.5
23,6,W3,100.72604455132424,96.34991194478049,100.76692309771309,92.99761332320888,90.54874041011529,94.93425134622198,7.728431228115355,5.801171534665201,5.832671751491105,2268.47986847476,2388.317856138113,-119.83798766335258,0.5
23,7,W3,100.76692309771309,100.72604455132424,100.0438154453942,94.93425134622198,92.99761332320888,96.77529179912992,5.832671751491105,7.728431228115355,3.268523646264285,2268.47986847476,2388.317856138113,-119.83798766335258,0.5
23,8,W3,100.0438154453942,100.76692309771309,97.10209263110954,96.77529179912992,94.93425134622198,101.55217191002824,3.268523646264285,5.832671751491105,-4.450079278918693,2268.47986847476,2388.317856138113,-119.83798766335258,0.5
23,9,W3,97.10209263110954,100.0438154453942,93.99020459005743,101.55217191002824,96.77529179912992,104.2735186966668,-4.450079278918693,3.268523646264285,-10.283314106609367,2268.47986847476,2388.317856138113,-119.83798766335258,9.99
23,10,W3,93.99020459005743,97.10209263110954,94.6276840259802,104.2735186966668,101.55217191002824,107.26311957896209,-10.283314106609367,-4.450079278918693,-12.635435552981889,2268.47986847476,2388.317856138113,-119.83798766335258,9.99
23,11,W3,94.6276840259802,93.99020459005743,97.83599502920593,107.26311957896209,104.2735186966668,108.82465851255522,-12.635435552981889,-10.283314106609367,-10.988663483349285,2268.47986847476,2388.317856138113,-119.83798766335258,9.99
23,12,W3,97.83599502920593,94.6276840259802,101.6504643971714,108.82465851255522,107.26311957896209,113.16521825273568,-10.988663483349285,-12.635435552981889,-11.51475385556428,2268.47986847476,2388.317856138113,-119.83798766335258,9.99
23,13,W3,101.6504643971714,97.83599502920593,104.72566414244025,113.16521825273568,108.82465851255522,114.17804517583781,-11.51475385556428,-10.988663483349285,-9.452381033397558,2268.47986847476,2388.317856138113,-119.83798766335258,9.99
23,14,W3,104.72566414244025,101.6504643971714,105.92579267433995,114.17804517583781,113.16521825273568,114.25279479722805,-9.452381033397558,-11.51475385556428,-8.327002122888103,2268.47986847476,2388.317856138113,-119.83798766335258,9.99
23,15,W3,105.92579267433995,104.72566414244025,107.27262079625241,114.25279479722805,114.17804517583781,112.40151413322899,-8.327002122888103,-9.452381033397558,-5.128893336976574,2268.47986847476,2388.317856138113,-119.83798766335258,9.99
23,16,W3,107.27262079625241,105.92579267433995,100.92578668977414,112.40151413322899,114.25279479722805,109.03867190496888,-5.128893336976574,-8.327002122888103,-8.112885215194737,2268.47986847476,2388.317856138113,-119.83798766335258,9.99
23,17,W3,100.92578668977414,107.27262079625241,97.04678758076352,109.03867190496888,112.40151413322899,105.03347710659926,-8.112885215194737,-5.128893336976574,-7.986689525835743,2268.47986847476,2388.317856138113,-119.83798766335258,9.99
23,18,W3,97.04678758076352,100.92578668977414,90.19428098657924,105.03347710659926,109.03867190496888,99.8396817895481,-7.986689525835743,-8.112885215194737,-9.645400802968851,2268.47986847476,2388.317856138113,-119.83798766335258,9.99
23,19,W3,90.19428098657924,97.04678758076352,90.49633226073594,99.8396817895481,105.03347710659926,97.0313090096254,-9.645400802968851,-7.986689525835743,-6.534976748889463,2268.47986847476,2388.317856138113,-119.83798766335258,9.99
23,20,W3,90.49633226073594,90.19428098657924,87.78375151277545,97.0313090096254,99.8396817895481,94.77251287914973,-6.534976748889463,-9.645400802968851,-6.988761366374277,2268.47986847476,2388.317856138113,-119.83798766335258,9.99
23,21,W3,87.78375151277545,90.49633226073594,86.95842530421022,94.77251287914973,97.0313090096254,90.53270136621215,-6.988761366374277,-6.534976748889463,-3.5742760620019283,2268.47986847476,2388.317856138113,-119.83798766335258,9.99
23,22,W3,86.95842530421022,87.78375151277545,88.58398366448029,90.53270136621215,94.77251287914973,88.63427432625339,-3.5742760620019283,-6.988761366374277,-0.05029066177310426,2268.47986847476,2388.317856138113,-119.83798766335258,9.99
23,23,W3,88.58398366448029,86.95842530421022,82.83627221897535,88.63427432625339,90.53270136621215,92.03686684199063,-0.05029066177310426,-3.5742760620019283,-9.200594623015277,2268.47986847476,2388.317856138113,-119.83798766335258,9.99
24,0,W3,84.26298311669623,82.88546718815788,83.73656982595278,102.82184169235852,103.28704258518923,98.99211838865219,-18.558858575662285,-20.40157539703135,-15.255548562699403,2239.783794758535,2683.548102657278,-443.764307898743,9.99
24,1,W3,83.73656982595278,84.26298311669623,84.9899152142004,98.99211838865219,102.82184169235852,100.19653087155086,-15.255548562699403,-18.558858575662285,-15.206615657350468,2239.783794758535,2683.548102657278,-443.764307898743,9.99
24,2,W3,84.9899152142004,83.73656982595278,86.80915270873824,100.19653087155086,98.99211838865219,102.50124759986889,-15.206615657350468,-15.255548562699403,-15.692094891130651,2239.783794758535,2683.548102657278,-443.764307898743,9.99
24,3,W3,86.80915270873824,84.9899152142004,89.51233469349602,102.50124759986889,100.19653087155086,103.06523426173968,-15.692094891130651,-15.206615657350468,-13.55289956824366,2239.783794758535,2683.548102657278,-443.764307898743,9.99
24,4,W3,89.51233469349602,86.80915270873824,93.91728413391519,103.06523426173968,102.50124759986889,105.2608060393037,-13.55289956824366,-15.692094891130651,-11.343521905388513,2239.783794758535,2683.548102657278,-443.764307898743,9.99
24,5,W3,93.91728413391519,89.51233469349602,98.71950514150785,105.2608060393037,103.06523426173968,105.68503304645357,-11.343521905388513,-13.55289956824366,-6.965527904945716,2239.783794758535,2683.548102657278,-443.764307898743,9.99
24,6,W3,98.71950514150785,93.91728413391519,100.51575739869195,105.68503304645357,105.2608060393037,107.96830318417139,-6.965527904945716,-11.343521905388513,-7.452545785479444,2239.783794758535,2683.548102657278,-443.764307898743,9.99
24,7,W3,100.51575739869195,98.71950514150785,98.61499167269217,107.96830318417139,105.68503304645357,106.76691528932801,-7.452545785479444,-6.965527904945716,-8.151923616635841,2239.783794758535,2683.548102657278,-443.764307898743,9.99
24,8,W3,98.61499167269217,100.51575739869195,96.09867743109812,106.76691528932801,107.96830318417139,110.27468750816587,-8.151923616635841,-7.452545785479444,-14.176010077067744,2239.783794758535,2683.548102657278,-443.764307898743,9.99
24,9,W3,96.09867743109812,98.61499167269217,93.02102065247723,110.27468750816587,106.76691528932801,112.81963875602825,-14.176010077067744,-8.151923616635841,-19.79861810355102,2239.783794758535,2683.548102657278,-443.764307898743,9.99
24,10,W3,93.02102065247723,96.09867743109812,92.60611325874892,112.81963875602825,110.27468750816587,117.01784669409815,-19.79861810355102,-14.176010077067744,-24.411733435349234,2239.783794758535,2683.548102657278,-443.764307898743,9.99
24,11,W3,92.60611325874892,93.02102065247723,96.9612541953922,117.01784669409815,112.81963875602825,126.57914392289427,-24.411733435349234,-19.79861810355102,-29.617889727502074,2239.783794758535,2683.548102657278,-443.764307898743,9.99
24,12,W3,96.9612541953922,92.60611325874892,101.31694458898114,126.57914392289427,117.01784669409815,129.82265336363648,-29.617889727502074,-24.411733435349234,-28.505708774655332,2239.783794758535,2683.548102657278,-443.764307898743,9.99
24,13,W3,101.31694458898114,96.9612541953922,105.50821510086217,129.82265336363648,126.57914392289427,129.63001410663753,-28.505708774655332,-29.617889727502074,-24.121799005775358,2239.783794758535,2683.548102657278,-443.764307898743,9.99
24,14,W3,105.50821510086217,101.31694458898114,105.98054621491175,129.63001410663753,129.82265336363648,128.94752820654105,-24.121799005775358,-28.505708774655332,-22.966981991629297,2239.783794758535,2683.548102657278,-443.764307898743,9.99
24,15,W3,105.98054621491175,105.50821510086217,102.80165495611975,128.94752820654105,129.63001410663753,125.27253659724585,-22.966981991629297,-24.121799005775358,-22.4708816411261,2239.783794758535,2683.548102657278,-443.764307898743,9.99
24,16,W3,102.80165495611975,105.98054621491175,98.86572604445293,125.27253659724585,128.94752820654105,123.05946730239222,-22.4708816411261,-22.966981991629297,-24.193741257939294,2239.783794758535,2683.548102657278,-443.764307898743,9.99
24,17,W3,98.86572604445293,102.80165495611975,95.29904325530421,123.05946730239222,125.27253659724585,118.12872627951333,-24.193741257939294,-22.4708816411261,-22.829683024209118,2239.783794758535,2683.548102657278,-443.764307898743,9.99
24,18,W3,95.29904325530421,98.86572604445293,91.01428751107511,118.12872627951333,123.05946730239222,111.67095006762328,-22.829683024209118,-24.193741257939294,-20.65666255654817,2239.783794758535,2683.548102657278,-443.764307898743,9.99
24,19,W3,91.01428751107511,95.29904325530421,87.28453045820238,111.67095006762328,118.12872627951333,105.49932035514246,-20.65666255654817,-22.829683024209118,-18.214789896940076,2239.783794758535,2683.548102657278,-443.764307898743,9.99
24,20,W3,87.28453045820238,91.01428751107511,85.18382198985779,105.49932035514246,111.67095006762328,103.47131162789597,-18.214789896940076,-20.65666255654817,-18.28748963803818,2239.783794758535,2683.548102657278,-443.764307898743,9.99
24,21,W3,85.18382198985779,87.28453045820238,83.87799800700235,103.47131162789597,105.49932035514246,104.80920491084699,-18.28748963803818,-18.214789896940076,-20.93120690384464,2239.783794758535,2683.548102657278,-443.764307898743,9.99
24,22,W3,83.87799800700235,85.18382198985779,82.88546718815788,104.80920491084699,103.47131162789597,103.28704258518923,-20.93120690384464,-18.28748963803818,-20.40157539703135,2239.783794758535,2683.548102657278,-443.764307898743,9.99
24,23,W3,82.88546718815788,83.87799800700235,84.26298311669623,103.28704258518923,104.80920491084699,102.82184169235852,-20.40157539703135,-20.93120690384464,-18.558858575662285,2239.783794758535,2683.548102657278,-443.764307898743,9.99
25,0,W3,104.95625748385653,106.0914136950615,105.93837513486773,92.7247932598385,93.2040857715846,91.6555284733385,12.231464224018026,12.887327923476903,14.28284666152922,2803.0673120323822,2470.334246898243,332.73306513413945,0.5
25,1,W3,105.93837513486773,104.95625748385653,107.07636559050952,91.6555284733385,92.7247932598385,92.58776059774497,14.28284666152922,12.231464224018026,14.48860499276455,2803.0673120323822,2470.334246898243,332.73306513413945,0.5
25,2,W3,107.07636559050952,105.93837513486773,109.27099421494763,92.58776059774497,91.6555284733385,92.80814021456385,14.48860499276455,14.28284666152922,16.462854000383786,2803.0673120323822,2470.334246898243,332.73306513413945,0.5
25,3,W3,109.27099421494763,107.07636559050952,112.85190064898771,92.80814021456385,92.58776059774497,93.39065429979073,16.462854000383786,14.48860499276455,19.461246349196983,2803.0673120323822,2470.334246898243,332.73306513413945,0.5
25,4,W3,112.85190064898771,109.27099421494763,117.13275553519607,93.39065429979073,92.80814021456385,94.71952950535373,19.461246349196983,16.462854000383786,22.413226029842335,2803.0673120323822,2470.334246898243,332.73306513413945,0.5
25,5,W3,117.13275553519607,112.85190064898771,120.90288714207233,94.71952950535373,93.39065429979073,94.692156634381,22.413226029842335,19.461246349196983,26.210730507691324,2803.0673120323822,2470.334246898243,332.73306513413945,0.5
25,6,W3,120.90288714207233,117.13275553519607,123.99183171772911,94.692156634381,94.71952950535373,96.29604631488405,26.210730507691324,22.413226029842335,27.69578540284506,2803.0673120323822,2470.334246898243,332.73306513413945,0.5
25,7,W3,123.99183171772911,120.90288714207233,122.62800566051415,96.29604631488405,94.692156634381,100.20267820889998,27.69578540284506,26.210730507691324,22.425327451614166,2803.0673120323822,2470.334246898243,332.73306513413945,0.5
25,8,W3,122.62800566051415,123.99183171772911,118.6858068607453,100.20267820889998,96.29604631488405,103.6151568750986,22.425327451614166,27.69578540284506,15.070649985646696,2803.0673120323822,2470.334246898243,332.73306513413945,0.5
25,9,W3,118.6858068607453,122.62800566051415,116.76427529780675,103.6151568750986,100.20267820889998,107.91489095471826,15.070649985646696,22.425327451614166,8.849384343088488,2803.0673120323822,2470.334246898243,332.73306513413945,0.5
25,10,W3,116.76427529780675,118.6858068607453,117.76800486553596,107.91489095471826,103.6151568750986,112.55777303288856,8.849384343088488,15.070649985646696,5.210231832647395,2803.0673120323822,2470.334246898243,332.73306513413945,0.5
25,11,W3,117.76800486553596,116.76427529780675,121.84752979945046,112.55777303288856,107.91489095471826,115.51227293761221,5.210231832647395,8.849384343088488,6.335256861838246,2803.0673120323822,2470.334246898243,332.73306513413945,0.5
25,12,W3,121.84752979945046,117.76800486553596,127.74601830950658,115.51227293761221,112.55777303288856,118.89830340937792,6.335256861838246,5.210231832647395,8.847714900128665,2803.0673120323822,2470.334246898243,332.73306513413945,0.5
25,13,W3,127.74601830950658,121.84752979945046,131.10289553738932,118.89830340937792,115.51227293761221,119.76136735017747,8.847714900128665,6.335256861838246,11.34152818721185,2803.0673120323822,2470.334246898243,332.73306513413945,0.5
25,14,W3,131.10289553738932,127.74601830950658,131.3770807300554,119.76136735017747,118.89830340937792,118.15852011402674,11.34152818721185,8.847714900128665,13.218560616028668,2803.0673120323822,2470.334246898243,332.73306513413945,0.5
25,15,W3,131.3770807300554,131.10289553738932,129.07430542405004,118.15852011402674,119.76136735017747,115.76449054367626,13.218560616028668,11.34152818721185,13.309814880373779,2803.0673120323822,2470.334246898243,332.73306513413945,0.5
25,16,W3,129.07430542405004,131.3770807300554,124.05919651157174,115.76449054367626,118.15852011402674,112.52881720160005,13.309814880373779,13.218560616028668,11.530379309971693,2803.0673120323822,2470.334246898243,332.73306513413945,0.5
25,17,W3,124.05919651157174,129.07430542405004,117.80232740521622,112.52881720160005,115.76449054367626,107.10542636236399,11.530379309971693,13.309814880373779,10.696901042852232,2803.0673120323822,2470.334246898243,332.73306513413945,0.5
25,18,W3,117.80232740521622,124.05919651157174,113.03965294818276,107.10542636236399,112.52881720160005,103.58115387584874,10.696901042852232,11.530379309971693,9.458499072334021,2803.0673120323822,2470.334246898243,332.73306513413945,0.5
25,19,W3,113.03965294818276,117.80232740521622,109.91257954955952,103.58115387584874,107.10542636236399,100.3421231657102,9.458499072334021,10.696901042852232,9.570456383849319,2803.0673120323822,2470.334246898243,332.73306513413945,0.5
25,20,W3,109.91257954955952,113.03965294818276,107.33571558776293,100.3421231657102,103.58115387584874,97.16586194558772,9.570456383849319,9.458499072334021,10.169853642175212,2803.0673120323822,2470.334246898243,332.73306513413945,0.5
25,21,W3,107.33571558776293,109.91257954955952,105.71113638180678,97.16586194558772,100.3421231657102,95.14671584917605,10.169853642175212,9.570456383849319,10.564420532630734,2803.0673120323822,2470.334246898243,332.73306513413945,0.5
25,22,W3,105.71113638180678,107.33571558776293,106.0914136950615,95.14671584917605,97.16586194558772,93.2040857715846,10.564420532630734,10.169853642175212,12.887327923476903,2803.0673120323822,2470.334246898243,332.73306513413945,0.5
25,23,W3,106.0914136950615,105.71113638180678,104.95625748385653,93.2040857715846,95.14671584917605,92.7247932598385,12.887327923476903,10.564420532630734,12.231464224018026,2803.0673120323822,2470.334246898243,332.73306513413945,0.5
26,0,W3,73.20058814441259,73.852956976054,74.03619541935757,99.37504617589339,100.41055695068977,98.93541913464449,-26.174458031480796,-26.557599974635764,-24.899223715286922,1954.1971269878995,2643.6079108947456,-689.4107839068461,9.99
26,1,W3,74.03619541935757,73.20058814441259,74.94574948756258,98.93541913464449,99.37504617589339,98.54009752360798,-24.899223715286922,-26.174458031480796,-23.594348036045403,1954.1971269878995,2643.6079108947456,-689.4107839068461,9.99
26,2,W3,74.94574948756258,74.03619541935757,76.03406457964678,98.54009752360798,98.93541913464449,99.15236286973894,-23.594348036045403,-24.899223715286922,-23.118298290092156,1954.1971269878995,2643.6079108947456,-689.4107839068461,9.99
26,3,W3,76.03406457964678,74.94574948756258,77.742301608205,99.15236286973894,98.54009752360798,99.75163999995853,-23.118298290092156,-23.594348036045403,-22.00933839175353,1954.1971269878995,2643.6079108947456,-689.4107839068461,9.99
26,4,W3,77.742301608205,76.03406457964678,82.10975775274927,99.75163999995853,99.15236286973894,100.42345470186774,-22.00933839175353,-23.118298290092156,-18.313696949118466,1954.1971269878995,2643.6079108947456,-689.4107839068461,9.99
26,5,W3,82.10975775274927,77.742301608205,85.5742610933267,100.42345470186774,99.75163999995853,102.15903582570009,-18.313696949118466,-22.00933839175353,-16.58477473237339,1954.1971269878995,2643.6079108947456,-689.4107839068461,9.99
26,6,W3,85.5742610933267,82.10975775274927,86.12925367953157,102.15903582570009,100.42345470186774,104.21406091486611,-16.58477473237339,-18.313696949118466,-18.084807235334537,1954.1971269878995,2643.6079108947456,-689.4107839068461,9.99
26,7,W3,86.12925367953157,85.5742610933267,85.70291884298749,104.21406091486611,102.15903582570009,107.55990881811317,-18.084807235334537,-16.58477473237339,-21.856989975125686,1954.1971269878995,2643.6079108947456,-689.4107839068461,9.99
26,8,W3,85.70291884298749,86.12925367953157,83.67266913982849,107.55990881811317,104.21406091486611,111.37768535380769,-21.856989975125686,-18.084807235334537,-27.705016213979206,1954.1971269878995,2643.6079108947456,-689.4107839068461,9.99
26,9,W3,83.67266913982849,85.70291884298749,81.2928359631505,111.37768535380769,107.55990881811317,115.3248764380322,-27.705016213979206,-21.856989975125686,-34.03204047488171,1954.1971269878995,2643.6079108947456,-689.4107839068461,9.99
26,10,W3,81.2928359631505,83.67266913982849,82.15455574053756,115.3248764380322,111.37768535380769,119.79896079552603,-34.03204047488171,-27.705016213979206,-37.64440505498847,1954.1971269878995,2643.6079108947456,-689.4107839068461,9.99
26,11,W3,82.15455574053756,81.2928359631505,84.3022553958404,119.79896079552603,115.3248764380322,123.07890199257486,-37.64440505498847,-34.03204047488171,-38.77664659673445,1954.1971269878995,2643.6079108947456,-689.4107839068461,9.99
26,12,W3,84.3022553958404,82.15455574053756,88.24514805280297,123.07890199257486,119.79896079552603,125.81298198682701,-38.77664659673445,-37.64440505498847,-37.56783393402404,1954.1971269878995,2643.6079108947456,-689.4107839068461,9.99
26,13,W3,88.24514805280297,84.3022553958404,91.03811448241363,125.81298198682701,123.07890199257486,126.85006428100972,-37.56783393402404,-38.77664659673445,-35.81194979859609,1954.1971269878995,2643.6079108947456,-689.4107839068461,9.99
26,14,W3,91.03811448241363,88.24514805280297,91.69675570194806,126.85006428100972,125.81298198682701,125.9334550592001,-35.81194979859609,-37.56783393402404,-34.236699357252036,1954.1971269878995,2643.6079108947456,-689.4107839068461,9.99
26,15,W3,91.69675570194806,91.03811448241363,89.67937255840474,125.9334550592001,126.85006428100972,123.60887051580445,-34.236699357252036,-35.81194979859609,-33.92949795739972,1954.1971269878995,2643.6079108947456,-689.4107839068461,9.99
26,16,W3,89.67937255840474,91.69675570194806,86.07173368670445,123.60887051580445,125.9334550592001,119.74694162973157,-33.92949795739972,-34.236699357252036,-33.67520794302712,1954.1971269878995,2643.6079108947456,-689.4107839068461,9.99
26,17,W3,86.07173368670445,89.67937255840474,82.29020660335044,119.74694162973157,123.60887051580445,115.80637272054499,-33.67520794302712,-33.92949795739972,-33.516166117194544,1954.1971269878995,2643.6079108947456,-689.4107839068461,9.99
26,18,W3,82.29020660335044,86.07173368670445,78.45567229054626,115.80637272054499,119.74694162973157,111.29260520993691,-33.516166117194544,-33.67520794302712,-32.83693291939065,1954.1971269878995,2643.6079108947456,-689.4107839068461,9.99
26,19,W3,78.45567229054626,82.29020660335044,76.70917387167802,111.29260520993691,115.80637272054499,107.56590064598156,-32.83693291939065,-33.516166117194544,-30.85672677430354,1954.1971269878995,2643.6079108947456,-689.4107839068461,9.99
26,20,W3,76.70917387167802,78.45567229054626,74.88156500819228,107.56590064598156,111.29260520993691,104.5846707908031,-30.85672677430354,-32.83693291939065,-29.70310578261082,1954.1971269878995,2643.6079108947456,-689.4107839068461,9.99
26,21,W3,74.88156500819228,76.70917387167802,74.37902090866821,104.5846707908031,107.56590064598156,102.30404055988528,-29.70310578261082,-30.85672677430354,-27.92501965121707,1954.1971269878995,2643.6079108947456,-689.4107839068461,9.99
26,22,W3,74.37902090866821,74.88156500819228,73.852956976054,102.30404055988528,104.5846707908031,100.41055695068977,-27.92501965121707,-29.70310578261082,-26.557599974635764,1954.1971269878995,2643.6079108947456,-689.4107839068461,9.99
26,23,W3,73.852956976054,74.37902090866821,73.20058814441259,100.41055695068977,102.30404055988528,99.37504617589339,-26.557599974635764,-27.92501965121707,-26.174458031480796,1954.1971269878995,2643.6079108947456,-689.4107839068461,9.99
27,0,W3,94.6475712505299,94.67295864176039,95.33310939202674,81.07366067073755,83.6871022287124,82.46665625802397,13.57391057979234,10.985856413047983,12.866453134002768,2526.028822810179,2190.1730166232687,335.8558061869103,0.5
27,1,W3,95.33310939202674,94.6475712505299,96.6824702388465,82.46665625802397,81.07366067073755,79.48373426289366,12.866453134002768,13.57391057979234,17.198735975952843,2526.028822810179,2190.1730166232687,335.8558061869103,0.5
27,2,W3,96.6824702388465,95.33310939202674,98.53412487704077,79.48373426289366,82.46665625802397,79.76944782828261,17.198735975952843,12.866453134002768,18.76467704875816,2526.028822810179,2190.1730166232687,335.8558061869103,0.5
27,3,W3,98.53412487704077,96.6824702388465,102.31163789663704,79.76944782828261,79.48373426289366,83.99857264997055,18.76467704875816,17.198735975952843,18.313065246666483,2526.028822810179,2190.1730166232687,335.8558061869103,0.5
27,4,W3,102.31163789663704,98.53412487704077,107.79794241277114,83.99857264997055,79.76944782828261,85.51831512888923,18.313065246666483,18.76467704875816,22.279627283881908,2526.028822810179,2190.1730166232687,335.8558061869103,0.5
27,5,W3,107.79794241277114,102.31163789663704,111.04190420265255,85.51831512888923,83.99857264997055,84.2660369633187,22.279627283881908,18.313065246666483,26.77586723933385,2526.028822810179,2190.1730166232687,335.8558061869103,0.5
27,6,W3,111.04190420265255,107.79794241277114,112.66863138830732,84.2660369633187,85.51831512888923,89.75124890524515,26.77586723933385,22.279627283881908,22.91738248306217,2526.028822810179,2190.1730166232687,335.8558061869103,0.5
27,7,W3,112.66863138830732,111.04190420265255,110.9735061994568,89.75124890524515,84.2660369633187,91.4060738726639,22.91738248306217,26.77586723933385,19.56743232679291,2526.028822810179,2190.1730166232687,335.8558061869103,0.5
27,8,W3,110.9735061994568,112.66863138830732,108.76098895730935,91.4060738726639,89.75124890524515,93.764515586212,19.56743232679291,22.91738248306217,14.996473371097352,2526.028822810179,2190.1730166232687,335.8558061869103,0.5
27,9,W3,108.76098895730935,110.9735061994568,105.19936446222984,93.764515586212,91.4060738726639,94.7273399186244,14.996473371097352,19.56743232679291,10.472024543605443,2526.028822810179,2190.1730166232687,335.8558061869103,0.5
27,10,W3,105.19936446222984,108.76098895730935,105.78741053022407,94.7273399186244,93.764515586212,97.35043480250815,10.472024543605443,14.996473371097352,8.436975727715918,2526.028822810179,2190.1730166232687,335.8558061869103,0.5
27,11,W3,105.78741053022407,105.19936446222984,110.1863746664105,97.35043480250815,94.7273399186244,102.0114734471571,8.436975727715918,10.472024543605443,8.1749012192534,2526.028822810179,2190.1730166232687,335.8558061869103,0.5
27,12,W3,110.1863746664105,105.78741053022407,114.6447674392596,102.0114734471571,97.35043480250815,105.862905048562,8.1749012192534,8.436975727715918,8.781862390697597,2526.028822810179,2190.1730166232687,335.8558061869103,0.5
27,13,W3,114.6447674392596,110.1863746664105,118.00427027134297,105.862905048562,102.0114734471571,107.15509294954904,8.781862390697597,8.1749012192534,10.849177321793931,2526.028822810179,2190.1730166232687,335.8558061869103,0.5
27,14,W3,118.00427027134297,114.6447674392596,117.91013502715353,107.15509294954904,105.862905048562,106.98246563488225,10.849177321793931,8.781862390697597,10.927669392271284,2526.028822810179,2190.1730166232687,335.8558061869103,0.5
27,15,W3,117.91013502715353,118.00427027134297,114.4990527046468,106.98246563488225,107.15509294954904,104.32842459042479,10.927669392271284,10.849177321793931,10.170628114222012,2526.028822810179,2190.1730166232687,335.8558061869103,0.5
27,16,W3,114.4990527046468,117.91013502715353,110.00412277432832,104.32842459042479,106.98246563488225,99.00530623083881,10.170628114222012,10.927669392271284,10.99881654348951,2526.028822810179,2190.1730166232687,335.8558061869103,0.5
27,17,W3,110.00412277432832,114.4990527046468,105.33362298764193,99.00530623083881,104.32842459042479,94.65727030551727,10.99881654348951,10.170628114222012,10.676352682124659,2526.028822810179,2190.1730166232687,335.8558061869103,0.5
27,18,W3,105.33362298764193,110.00412277432832,100.81367132028866,94.65727030551727,99.00530623083881,90.27471213610961,10.676352682124659,10.99881654348951,10.538959184179049,2526.028822810179,2190.1730166232687,335.8558061869103,0.5
27,19,W3,100.81367132028866,105.33362298764193,97.8744377177765,90.27471213610961,94.65727030551727,85.25028857534105,10.538959184179049,10.676352682124659,12.624149142435456,2526.028822810179,2190.1730166232687,335.8558061869103,0.5
27,20,W3,97.8744377177765,100.81367132028866,96.38418359175502,85.25028857534105,90.27471213610961,85.49022042962187,12.624149142435456,10.538959184179049,10.893963162133147,2526.028822810179,2190.1730166232687,335.8558061869103,0.5
27,21,W3,96.38418359175502,97.8744377177765,95.96256385978272,85.49022042962187,85.25028857534105,81.89171819918265,10.893963162133147,12.624149142435456,14.070845660600071,2526.028822810179,2190.1730166232687,335.8558061869103,0.5
27,22,W3,95.96256385978272,96.38418359175502,94.67295864176039,81.89171819918265,85.49022042962187,83.6871022287124,14.070845660600071,10.893963162133147,10.985856413047983,2526.028822810179,2190.1730166232687,335.8558061869103,0.5
27,23,W3,94.67295864176039,95.96256385978272,94.6475712505299,83.6871022287124,81.89171819918265,81.07366067073755,10.985856413047983,14.070845660600071,13.57391057979234,2526.028822810179,2190.1730166232687,335.8558061869103,0.5
28,0,W3,97.9116181397277,92.96260898521716,96.12313484209002,45.87593184129781,44.49436191588835,44.28910479790365,52.03568629842988,48.46824706932881,51.83403004418638,2543.253830863926,1147.2597832879105,1395.9940475760154,0.5
28,1,W3,96.12313484209002,97.9116181397277,98.85464120368442,44.28910479790365,45.87593184129781,46.20586615447482,51.83403004418638,52.03568629842988,52.648775049209604,2543.253830863926,1147.2597832879105,1395.9940475760154,0.5
28,2,W3,98.85464120368442,96.12313484209002,101.09598462337254,46.20586615447482,44.28910479790365,44.38732812215538,52.648775049209604,51.83403004418638,56.70865650121716,2543.253830863926,1147.2597832879105,1395.9940475760154,0.5
28,3,W3,101.09598462337254,98.85464120368442,103.4692084504021,44.38732812215538,46.20586615447482,41.96462104053657,56.70865650121716,52.648775049209604,61.504587409865536,2543.253830863926,1147.2597832879105,1395.9940475760154,0.5
28,4,W3,103.4692084504021,101.09598462337254,105.83888779509758,41.96462104053657,44.38732812215538,43.37162860153615,61.504587409865536,56.70865650121716,62.467259193561425,2543.253830863926,1147.2597832879105,1395.9940475760154,0.5
28,5,W3,105.83888779509758,103.4692084504021,113.67802181657424,43.37162860153615,41.96462104053657,46.389024317726594,62.467259193561425,61.504587409865536,67.28899749884765,2543.253830863926,1147.2597832879105,1395.9940475760154,0.5
28,6,W3,113.67802181657424,105.83888779509758,115.66966434120496,46.389024317726594,43.37162860153615,46.92970155828824,67.28899749884765,62.467259193561425,68.73996278291673,2543.253830863926,1147.2597832879105,1395.9940475760154,0.5
28,7,W3,115.66966434120496,113.67802181657424,112.80820205587526,46.92970155828824,46.389024317726594,45.16764695966963,68.73996278291673,67.28899749884765,67.64055509620562,2543.253830863926,1147.2597832879105,1395.9940475760154,0.5
28,8,W3,112.80820205587526,115.66966434120496,109.54402754874681,45.16764695966963,46.92970155828824,46.93565054193397,67.64055509620562,68.73996278291673,62.608377006812844,2543.253830863926,1147.2597832879105,1395.9940475760154,0.5
28,9,W3,109.54402754874681,112.80820205587526,106.8148799553751,46.93565054193397,45.16764695966963,52.140942026786995,62.608377006812844,67.64055509620562,54.67393792858811,2543.253830863926,1147.2597832879105,1395.9940475760154,0.5
28,10,W3,106.8148799553751,109.54402754874681,106.16622033060126,52.140942026786995,46.93565054193397,51.15510408121823,54.67393792858811,62.608377006812844,55.011116249383036,2543.253830863926,1147.2597832879105,1395.9940475760154,0.5
28,11,W3,106.16622033060126,106.8148799553751,107.32478926171166,51.15510408121823,52.140942026786995,56.51855945501299,55.011116249383036,54.67393792858811,50.80622980669867,2543.253830863926,1147.2597832879105,1395.9940475760154,0.5
28,12,W3,107.32478926171166,106.16622033060126,113.66546781258882,56.51855945501299,51.15510408121823,53.306882163529906,50.80622980669867,55.011116249383036,60.35858564905891,2543.253830863926,1147.2597832879105,1395.9940475760154,0.5
28,13,W3,113.66546781258882,107.32478926171166,117.35952430771994,53.306882163529906,56.51855945501299,51.39697248372388,60.35858564905891,50.80622980669867,65.96255182399605,2543.253830863926,1147.2597832879105,1395.9940475760154,0.5
28,14,W3,117.35952430771994,113.66546781258882,117.53089790672071,51.39697248372388,53.306882163529906,51.32694204635992,65.96255182399605,60.35858564905891,66.2039558603608,2543.253830863926,1147.2597832879105,1395.9940475760154,0.5
28,15,W3,117.53089790672071,117.35952430771994,117.38069523290444,51.32694204635992,51.39697248372388,54.59092562078945,66.2039558603608,65.96255182399605,62.789769612114995,2543.253830863926,1147.2597832879105,1395.9940475760154,0.5
28,16,W3,117.38069523290444,117.53089790672071,109.61983740145804,54.59092562078945,51.32694204635992,49.43972953930303,62.789769612114995,66.2039558603608,60.18010786215501,2543.253830863926,1147.2597832879105,1395.9940475760154,0.5
28,17,W3,109.61983740145804,117.38069523290444,102.96970614654806,49.43972953930303,54.59092562078945,46.826185032322726,60.18010786215501,62.789769612114995,56.14352111422534,2543.253830863926,1147.2597832879105,1395.9940475760154,0.5
28,18,W3,102.96970614654806,109.61983740145804,99.86019849778755,46.826185032322726,49.43972953930303,45.925096370174515,56.14352111422534,60.18010786215501,53.935102127613035,2543.253830863926,1147.2597832879105,1395.9940475760154,0.5
28,19,W3,99.86019849778755,102.96970614654806,99.15673732523865,45.925096370174515,46.826185032322726,46.66505053715029,53.935102127613035,56.14352111422534,52.49168678808836,2543.253830863926,1147.2597832879105,1395.9940475760154,0.5
28,20,W3,99.15673732523865,99.86019849778755,98.5922588859989,46.66505053715029,45.925096370174515,46.11975495300558,52.49168678808836,53.935102127613035,52.47250393299332,2543.253830863926,1147.2597832879105,1395.9940475760154,0.5
28,21,W3,98.5922588859989,99.15673732523865,98.85661799728014,46.11975495300558,46.66505053715029,45.83677312712179,52.47250393299332,52.49168678808836,53.01984487015835,2543.253830863926,1147.2597832879105,1395.9940475760154,0.5
28,22,W3,98.85661799728014,98.5922588859989,92.96260898521716,45.83677312712179,46.11975495300558,44.49436191588835,53.01984487015835,52.47250393299332,48.46824706932881,2543.253830863926,1147.2597832879105,1395.9940475760154,0.5
28,23,W3,92.96260898521716,98.85661799728014,97.9116181397277,44.49436191588835,45.83677312712179,45.87593184129781,48.46824706932881,53.01984487015835,52.03568629842988,2543.253830863926,1147.2597832879105,1395.9940475760154,0.5
29,0,W3,101.68445995235611,108.49499800826618,100.31982870513896,42.35272211335698,43.571115828054936,43.9470496100067,59.331737838999125,64.92388218021125,56.37277909513226,2824.8033911167768,1154.8864667307514,1669.9169243860254,0.5
29,1,W3,100.31982870513896,101.68445995235611,105.45280589797534,43.9470496100067,42.35272211335698,44.73862354456128,56.37277909513226,59.331737838999125,60.71418235341406,2824.8033911167768,1154.8864667307514,1669.9169243860254,0.5
29,2,W3,105.45280589797534,100.31982870513896,109.10094885308783,44.73862354456128,43.9470496100067,43.80137785494301,60.71418235341406,56.37277909513226,65.29957099814482,2824.8033911167768,1154.8864667307514,1669.9169243860254,0.5
29,3,W3,109.10094885308783,105.45280589797534,111.48344134856765,43.80137785494301,44.73862354456128,45.193787215716256,65.29957099814482,60.71418235341406,66.2896541328514,2824.8033911167768,1154.8864667307514,1669.9169243860254,0.5
29,4,W3,111.48344134856765,109.10094885308783,119.64163711919376,45.193787215716256,43.80137785494301,44.741566916656424,66.2896541328514,65.29957099814482,74.90007020253734,2824.8033911167768,1154.8864667307514,1669.9169243860254,0.5
29,5,W3,119.64163711919376,111.48344134856765,125.83202504751773,44.741566916656424,45.193787215716256,45.73676187662508,74.90007020253734,66.2896541328514,80.09526317089265,2824.8033911167768,1154.8864667307514,1669.9169243860254,0.5
29,6,W3,125.83202504751773,119.64163711919376,127.42256959831002,45.73676187662508,44.741566916656424,46.201935086244326,80.09526317089265,74.90007020253734,81.22063451206569,2824.8033911167768,1154.8864667307514,1669.9169243860254,0.5
29,7,W3,127.42256959831002,125.83202504751773,123.49179796662453,46.201935086244326,45.73676187662508,46.02486246938983,81.22063451206569,80.09526317089265,77.4669354972347,2824.8033911167768,1154.8864667307514,1669.9169243860254,0.5
29,8,W3,123.49179796662453,127.42256959831002,119.71558633362068,46.02486246938983,46.201935086244326,47.034906936785575,77.4669354972347,81.22063451206569,72.6806793968351,2824.8033911167768,1154.8864667307514,1669.9169243860254,0.5
29,9,W3,119.71558633362068,123.49179796662453,117.43127785424907,47.034906936785575,46.02486246938983,49.25525458020672,72.6806793968351,77.4669354972347,68.17602327404236,2824.8033911167768,1154.8864667307514,1669.9169243860254,0.5
29,10,W3,117.43127785424907,119.71558633362068,120.23182188574695,49.25525458020672,47.034906936785575,50.90291301532059,68.17602327404236,72.6806793968351,69.32890887042636,2824.8033911167768,1154.8864667307514,1669.9169243860254,0.5
29,11,W3,120.23182188574695,117.43127785424907,122.63853941035536,50.90291301532059,49.25525458020672,54.827117600867695,69.32890887042636,68.17602327404236,67.81142180948767,2824.8033911167768,1154.8864667307514,1669.9169243860254,0.5
29,12,W3,122.63853941035536,120.23182188574695,125.86016553360709,54.827117600867695,50.90291301532059,55.11878888048555,67.81142180948767,69.32890887042636,70.74137665312153,2824.8033911167768,1154.8864667307514,1669.9169243860254,0.5
29,13,W3,125.86016553360709,122.63853941035536,134.15113997062267,55.11878888048555,54.827117600867695,55.459340630435456,70.74137665312153,67.81142180948767,78.6917993401872,2824.8033911167768,1154.8864667307514,1669.9169243860254,0.5
29,14,W3,134.15113997062267,125.86016553360709,135.89049084876703,55.459340630435456,55.11878888048555,54.59014476679543,78.6917993401872,70.74137665312153,81.3003460819716,2824.8033911167768,1154.8864667307514,1669.9169243860254,0.5
29,15,W3,135.89049084876703,134.15113997062267,131.58920252535495,54.59014476679543,55.459340630435456,54.477730806810435,81.3003460819716,78.6917993401872,77.11147171854452,2824.8033911167768,1154.8864667307514,1669.9169243860254,0.5
29,16,W3,131.58920252535495,135.89049084876703,122.85502492592875,54.477730806810435,54.59014476679543,52.20356750295843,77.11147171854452,81.3003460819716,70.65145742297031,2824.8033911167768,1154.8864667307514,1669.9169243860254,0.5
29,17,W3,122.85502492592875,131.58920252535495,117.6720339126576,52.20356750295843,54.477730806810435,48.91100888658373,70.65145742297031,77.11147171854452,68.76102502607387,2824.8033911167768,1154.8864667307514,1669.9169243860254,0.5
29,18,W3,117.6720339126576,122.85502492592875,114.57447383544897,48.91100888658373,52.20356750295843,47.335336363091436,68.76102502607387,70.65145742297031,67.23913747235753,2824.8033911167768,1154.8864667307514,1669.9169243860254,0.5
29,19,W3,114.57447383544897,117.6720339126576,111.62424321784037,47.335336363091436,48.91100888658373,47.054965432884295,67.23913747235753,68.76102502607387,64.56927778495609,2824.8033911167768,1154.8864667307514,1669.9169243860254,0.5
29,20,W3,111.62424321784037,114.57447383544897,110.04100103361843,47.054965432884295,47.335336363091436,46.149450203244506,64.56927778495609,67.23913747235753,63.89155083037392,2824.8033911167768,1154.8864667307514,1669.9169243860254,0.5
29,21,W3,110.04100103361843,111.62424321784037,107.60387733192078,46.149450203244506,47.054965432884295,45.25613860872666,63.89155083037392,64.56927778495609,62.34773872319413,2824.8033911167768,1154.8864667307514,1669.9169243860254,0.5
29,22,W3,107.60387733192078,110.04100103361843,108.49499800826618,45.25613860872666,46.149450203244506,43.571115828054936,62.34773872319413,63.89155083037392,64.92388218021125,2824.8033911167768,1154.8864667307514,1669.9169243860254,0.5
29,23,W3,108.49499800826618,107.60387733192078,101.68445995235611,43.571115828054936,45.25613860872666,42.35272211335698,64.92388218021125,62.34773872319413,59.331737838999125,2824.8033911167768,1154.8864667307514,1669.9169243860254,0.5
30,0,W3,85.67799230783967,80.22209893295698,85.43862888534937,42.9674953490775,42.292164266614435,41.83707276440431,42.71049695876217,37.92993466634255,43.60155612094506,2223.958731173122,1174.5059508755846,1049.4527802975374,0.5
30,1,W3,85.43862888534937,85.67799230783967,84.847584945287,41.83707276440431,42.9674953490775,43.802505407468416,43.60155612094506,42.71049695876217,41.04507953781858,2223.958731173122,1174.5059508755846,1049.4527802975374,0.5
30,2,W3,84.847584945287,85.43862888534937,85.54379588503812,43.802505407468416,41.83707276440431,48.23069149627576,41.04507953781858,43.60155612094506,37.31310438876236,2223.958731173122,1174.5059508755846,1049.4527802975374,0.5
30,3,W3,85.54379588503812,84.847584945287,90.4148747406235,48.23069149627576,43.802505407468416,47.46602499333617,37.31310438876236,41.04507953781858,42.94884974728733,2223.958731173122,1174.5059508755846,1049.4527802975374,0.5
30,4,W3,90.4148747406235,85.54379588503812,94.65851466845236,47.46602499333617,48.23069149627576,45.732964494996054,42.94884974728733,37.31310438876236,48.9255501734563,2223.958731173122,1174.5059508755846,1049.4527802975374,0.5
30,5,W3,94.65851466845236,90.4148747406235,98.7980044492561,45.732964494996054,47.46602499333617,47.23531387825571,48.9255501734563,42.94884974728733,51.56269057100039,2223.958731173122,1174.5059508755846,1049.4527802975374,0.5
30,6,W3,98.7980044492561,94.65851466845236,99.13757301935972,47.23531387825571,45.732964494996054,46.98210002177338,51.56269057100039,48.9255501734563,52.155472997586344,2223.958731173122,1174.5059508755846,1049.4527802975374,0.5
30,7,W3,99.13757301935972,98.7980044492561,98.41347120796675,46.98210002177338,47.23531387825571,49.16933926856052,52.155472997586344,51.56269057100039,49.24413193940623,2223.958731173122,1174.5059508755846,1049.4527802975374,0.5
30,8,W3,98.41347120796675,99.13757301935972,95.87190556062471,49.16933926856052,46.98210002177338,51.29967766933899,49.24413193940623,52.155472997586344,44.57222789128572,2223.958731173122,1174.5059508755846,1049.4527802975374,0.5
30,9,W3,95.87190556062471,98.41347120796675,94.42977194678302,51.29967766933899,49.16933926856052,53.3492818451018,44.57222789128572,49.24413193940623,41.08049010168122,2223.958731173122,1174.5059508755846,1049.4527802975374,0.5
30,10,W3,94.42977194678302,95.87190556062471,92.55140709217903,53.3492818451018,51.29967766933899,56.88071395656114,41.08049010168122,44.57222789128572,35.670693135617896,2223.958731173122,1174.5059508755846,1049.4527802975374,0.5
30,11,W3,92.55140709217903,94.42977194678302,95.2424648872096,56.88071395656114,53.3492818451018,54.96723959660932,35.670693135617896,41.08049010168122,40.275225290600275,2223.958731173122,1174.5059508755846,1049.4527802975374,0.5
30,12,W3,95.2424648872096,92.55140709217903,102.77012228692696,54.96723959660932,56.88071395656114,55.672440908852806,40.275225290600275,35.670693135617896,47.09768137807416,2223.958731173122,1174.5059508755846,1049.4527802975374,0.5
30,13,W3,102.77012228692696,95.2424648872096,104.99025777578719,55.672440908852806,54.96723959660932,55.97698329924985,47.09768137807416,40.275225290600275,49.01327447653733,2223.958731173122,1174.5059508755846,1049.4527802975374,0.5
30,14,W3,104.99025777578719,102.77012228692696,105.05384424652611,55.97698329924985,55.672440908852806,54.38020575801096,49.01327447653733,47.09768137807416,50.67363848851515,2223.958731173122,1174.5059508755846,1049.4527802975374,0.5
30,15,W3,105.05384424652611,104.99025777578719,101.96857453607858,54.38020575801096,55.97698329924985,54.739264963025775,50.67363848851515,49.01327447653733,47.2293095730528,2223.958731173122,1174.5059508755846,1049.4527802975374,0.5
30,16,W3,101.96857453607858,105.05384424652611,95.74225752456313,54.739264963025775,54.38020575801096,49.12889318558947,47.2293095730528,50.67363848851515,46.61336433897366,2223.958731173122,1174.5059508755846,1049.4527802975374,0.5
30,17,W3,95.74225752456313,101.96857453607858,90.27234578320527,49.12889318558947,54.739264963025775,48.092385087625395,46.61336433897366,47.2293095730528,42.17996069557987,2223.958731173122,1174.5059508755846,1049.4527802975374,0.5
30,18,W3,90.27234578320527,95.74225752456313,87.7935693317267,48.092385087625395,49.12889318558947,47.29732932916627,42.17996069557987,46.61336433897366,40.496240002560434,2223.958731173122,1174.5059508755846,1049.4527802975374,0.5
30,19,W3,87.7935693317267,90.27234578320527,84.55084504809525,47.29732932916627,48.092385087625395,48.00739294507558,40.496240002560434,42.17996069557987,36.543452103019675,2223.958731173122,1174.5059508755846,1049.4527802975374,0.5
30,20,W3,84.55084504809525,87.7935693317267,86.45461583713393,48.00739294507558,47.29732932916627,46.68864231016567,36.543452103019675,40.496240002560434,39.76597352696826,2223.958731173122,1174.5059508755846,1049.4527802975374,0.5
30,21,W3,86.45461583713393,84.55084504809525,83.11421027415312,46.68864231016567,48.00739294507558,42.30982808044927,39.76597352696826,36.543452103019675,40.80438219370385,2223.958731173122,1174.5059508755846,1049.4527802975374,0.5
30,22,W3,83.11421027415312,86.45461583713393,80.22209893295698,42.30982808044927,46.68864231016567,42.292164266614435,40.80438219370385,39.76597352696826,37.92993466634255,2223.958731173122,1174.5059508755846,1049.4527802975374,0.5
30,23,W3,80.22209893295698,83.11421027415312,85.67799230783967,42.292164266614435,42.30982808044927,42.9674953490775,37.92993466634255,40.80438219370385,42.71049695876217,2223.958731173122,1174.5059508755846,1049.4527802975374,0.5
31,0,W3,76.42248516706755,76.8349026575808,76.41182997218198,38.273165274332484,36.807698662140744,35.72834729540012,38.149319892735065,40.027203995440054,40.68348267678186,2040.1893061482162,1023.0384739903999,1017.1508321578164,0.5
31,1,W3,76.41182997218198,76.42248516706755,77.616302328151,35.72834729540012,38.273165274332484,35.93146063564559,40.68348267678186,38.149319892735065,41.6848416925054,2040.1893061482162,1023.0384739903999,1017.1508321578164,0.5
31,2,W3,77.616302328151,76.41182997218198,79.65270766164895,35.93146063564559,35.72834729540012,37.03453024278646,41.6848416925054,40.68348267678186,42.61817741886249,2040.1893061482162,1023.0384739903999,1017.1508321578164,0.5
31,3,W3,79.65270766164895,77.616302328151,82.58838545305152,37.03453024278646,35.93146063564559,37.78488036826146,42.61817741886249,41.6848416925054,44.803505084790054,2040.1893061482162,1023.0384739903999,1017.1508321578164,0.5
31,4,W3,82.58838545305152,79.65270766164895,85.65990015636592,37.78488036826146,37.03453024278646,39.21857934689683,44.803505084790054,42.61817741886249,46.44132080946909,2040.1893061482162,1023.0384739903999,1017.1508321578164,0.5
31,5,W3,85.65990015636592,82.58838545305152,88.77331941560371,39.21857934689683,37.78488036826146,40.32742927566281,46.44132080946909,44.803505084790054,48.4458901399409,2040.1893061482162,1023.0384739903999,1017.1508321578164,0.5
31,6,W3,88.77331941560371,85.65990015636592,90.41166584973665,40.32742927566281,39.21857934689683,39.71344167375901,48.4458901399409,46.44132080946909,50.69822417597764,2040.1893061482162,1023.0384739903999,1017.1508321578164,0.5
31,7,W3,90.41166584973665,88.77331941560371,89.20751410262588,39.71344167375901,40.32742927566281,40.630654307381995,50.69822417597764,48.4458901399409,48.576859795243884,2040.1893061482162,1023.0384739903999,1017.1508321578164,0.5
31,8,W3,89.20751410262588,90.41166584973665,86.80501840945371,40.630654307381995,39.71344167375901,40.62882214768515,48.576859795243884,50.69822417597764,46.17619626176856,2040.1893061482162,1023.0384739903999,1017.1508321578164,0.5
31,9,W3,86.80501840945371,89.20751410262588,85.11043428664803,40.62882214768515,40.630654307381995,42.9480194195082,46.17619626176856,48.576859795243884,42.16241486713983,2040.1893061482162,1023.0384739903999,1017.1508321578164,0.5
31,10,W3,85.11043428664803,86.80501840945371,85.26886323640713,42.9480194195082,40.62882214768515,46.566566919992304,42.16241486713983,46.17619626176856,38.702296316414824,2040.1893061482162,1023.0384739903999,1017.1508321578164,0.5
31,11,W3,85.26886323640713,85.11043428664803,88.39050691578392,46.566566919992304,42.9480194195082,48.35508355106662,38.702296316414824,42.16241486713983,40.035423364717296,2040.1893061482162,1023.0384739903999,1017.1508321578164,0.5
31,12,W3,88.39050691578392,85.26886323640713,92.25193821881376,48.35508355106662,46.566566919992304,50.762224473578264,40.035423364717296,38.702296316414824,41.4897137452355,2040.1893061482162,1023.0384739903999,1017.1508321578164,0.5
31,13,W3,92.25193821881376,88.39050691578392,95.44262899062528,50.762224473578264,48.35508355106662,50.02142606795171,41.4897137452355,40.035423364717296,45.42120292267357,2040.1893061482162,1023.0384739903999,1017.1508321578164,0.5
31,14,W3,95.44262899062528,92.25193821881376,95.92299703715246,50.02142606795171,50.762224473578264,49.68812543282848,45.42120292267357,41.4897137452355,46.23487160432398,2040.1893061482162,1023.0384739903999,1017.1508321578164,0.5
31,15,W3,95.92299703715246,95.44262899062528,94.46002141739265,49.68812543282848,50.02142606795171,48.86204693487813,46.23487160432398,45.42120292267357,45.59797448251452,2040.1893061482162,1023.0384739903999,1017.1508321578164,0.5
31,16,W3,94.46002141739265,95.92299703715246,90.3508055276183,48.86204693487813,49.68812543282848,47.683500608143845,45.59797448251452,46.23487160432398,42.66730491947446,2040.1893061482162,1023.0384739903999,1017.1508321578164,0.5
31,17,W3,90.3508055276183,94.46002141739265,85.65839456750606,47.683500608143845,48.86204693487813,48.19839509527574,42.66730491947446,45.59797448251452,37.45999947223032,2040.1893061482162,1023.0384739903999,1017.1508321578164,0.5
31,18,W3,85.65839456750606,90.3508055276183,82.15683955132921,48.19839509527574,47.683500608143845,47.08429532148553,37.45999947223032,42.66730491947446,35.072544229843686,2040.1893061482162,1023.0384739903999,1017.1508321578164,0.5
31,19,W3,82.15683955132921,85.65839456750606,79.43658520309845,47.08429532148553,48.19839509527574,43.890397077994436,35.072544229843686,37.45999947223032,35.54618812510401,2040.1893061482162,1023.0384739903999,1017.1508321578164,0.5
31,20,W3,79.43658520309845,82.15683955132921,77.89954987167944,43.890397077994436,47.08429532148553,39.59475443956801,35.54618812510401,35.072544229843686,38.30479543211143,2040.1893061482162,1023.0384739903999,1017.1508321578164,0.5
31,21,W3,77.89954987167944,79.43658520309845,77.4557101506938,39.59475443956801,43.890397077994436,37.30462941817594,38.30479543211143,35.54618812510401,40.15108073251786,2040.1893061482162,1023.0384739903999,1017.1508321578164,0.5
31,22,W3,77.4557101506938,77.89954987167944,76.8349026575808,37.30462941817594,39.59475443956801,36.807698662140744,40.15108073251786,38.30479543211143,40.027203995440054,2040.1893061482162,1023.0384739903999,1017.1508321578164,0.5
31,23,W3,76.8349026575808,77.4557101506938,76.42248516706755,36.807698662140744,37.30462941817594,38.273165274332484,40.027203995440054,40.15108073251786,38.149319892735065,2040.1893061482162,1023.0384739903999,1017.1508321578164,0.5
32,0,W3,112.02745806554748,111.34289179809569,112.54228899641754,46.00100459268466,44.61579988807842,44.90043428720308,66.02645347286281,66.72709191001726,67.64185470921446,3045.4689701082816,1224.6908783865854,1820.7780917216962,0.5
32,1,W3,112.54228899641754,112.02745806554748,111.34214894490624,44.90043428720308,46.00100459268466,45.16698639725109,67.64185470921446,66.02645347286281,66.17516254765516,3045.4689701082816,1224.6908783865854,1820.7780917216962,0.5
32,2,W3,111.34214894490624,112.54228899641754,114.74002453073399,45.16698639725109,44.90043428720308,45.38856541024367,66.17516254765516,67.64185470921446,69.35145912049032,3045.4689701082816,1224.6908783865854,1820.7780917216962,0.5
32,3,W3,114.74002453073399,111.34214894490624,120.84230703132492,45.38856541024367,45.16698639725109,45.19706766848116,69.35145912049032,66.17516254765516,75.64523936284377,3045.4689701082816,1224.6908783865854,1820.7780917216962,0.5
32,4,W3,120.84230703132492,114.74002453073399,126.04031262338653,45.19706766848116,45.38856541024367,45.115974736216884,75.64523936284377,69.35145912049032,80.92433788716964,3045.4689701082816,1224.6908783865854,1820.7780917216962,0.5
32,5,W3,126.04031262338653,120.84230703132492,132.69988832878994,45.115974736216884,45.19706766848116,46.994426696956396,80.92433788716964,75.64523936284377,85.70546163183354,3045.4689701082816,1224.6908783865854,1820.7780917216962,0.5
32,6,W3,132.69988832878994,126.04031262338653,135.2304585430647,46.994426696956396,45.115974736216884,47.721551966494125,85.70546163183354,80.92433788716964,87.50890657657058,3045.4689701082816,1224.6908783865854,1820.7780917216962,0.5
32,7,W3,135.2304585430647,132.69988832878994,135.68631379267458,47.721551966494125,46.994426696956396,48.722773629593505,87.50890657657058,85.70546163183354,86.96354016308108,3045.4689701082816,1224.6908783865854,1820.7780917216962,0.5
32,8,W3,135.68631379267458,135.2304585430647,132.68385780376252,48.722773629593505,47.721551966494125,49.36696476299663,86.96354016308108,87.50890657657058,83.31689304076589,3045.4689701082816,1224.6908783865854,1820.7780917216962,0.5
32,9,W3,132.68385780376252,135.68631379267458,127.99267289538605,49.36696476299663,48.722773629593505,54.41909174354083,83.31689304076589,86.96354016308108,73.57358115184522,3045.4689701082816,1224.6908783865854,1820.7780917216962,0.5
32,10,W3,127.99267289538605,132.68385780376252,129.84121120569475,54.41909174354083,49.36696476299663,56.2444032065323,73.57358115184522,83.31689304076589,73.59680799916245,3045.4689701082816,1224.6908783865854,1820.7780917216962,0.5
32,11,W3,129.84121120569475,127.99267289538605,137.56107012135993,56.2444032065323,54.41909174354083,57.43902599648786,73.59680799916245,73.57358115184522,80.12204412487208,3045.4689701082816,1224.6908783865854,1820.7780917216962,0.5
32,12,W3,137.56107012135993,129.84121120569475,142.25968481491793,57.43902599648786,56.2444032065323,59.2178027469919,80.12204412487208,73.59680799916245,83.04188206792603,3045.4689701082816,1224.6908783865854,1820.7780917216962,0.5
32,13,W3,142.25968481491793,137.56107012135993,141.7231978273558,59.2178027469919,57.43902599648786,60.72173249871065,83.04188206792603,80.12204412487208,81.00146532864514,3045.4689701082816,1224.6908783865854,1820.7780917216962,0.5
32,14,W3,141.7231978273558,142.25968481491793,141.94573844346013,60.72173249871065,59.2178027469919,58.787770119020294,81.00146532864514,83.04188206792603,83.15796832443984,3045.4689701082816,1224.6908783865854,1820.7780917216962,0.5
32,15,W3,141.94573844346013,141.7231978273558,137.6240429164411,58.787770119020294,60.72173249871065,57.83739171382142,83.15796832443984,81.00146532864514,79.7866512026197,3045.4689701082816,1224.6908783865854,1820.7780917216962,0.5
32,16,W3,137.6240429164411,141.94573844346013,137.94820569134308,57.83739171382142,58.787770119020294,58.28103359545206,79.7866512026197,83.15796832443984,79.66717209589102,3045.4689701082816,1224.6908783865854,1820.7780917216962,0.5
32,17,W3,137.94820569134308,137.6240429164411,131.9366472702501,58.28103359545206,57.83739171382142,55.85062041566905,79.66717209589102,79.7866512026197,76.08602685458104,3045.4689701082816,1224.6908783865854,1820.7780917216962,0.5
32,18,W3,131.9366472702501,137.94820569134308,122.34633792539465,55.85062041566905,58.28103359545206,52.90823348557352,76.08602685458104,79.66717209589102,69.43810443982113,3045.4689701082816,1224.6908783865854,1820.7780917216962,0.5
32,19,W3,122.34633792539465,131.9366472702501,117.52257034176274,52.90823348557352,55.85062041566905,50.30184616131599,69.43810443982113,76.08602685458104,67.22072418044675,3045.4689701082816,1224.6908783865854,1820.7780917216962,0.5
32,20,W3,117.52257034176274,122.34633792539465,118.35169457061001,50.30184616131599,52.90823348557352,49.222460023346486,67.22072418044675,69.43810443982113,69.12923454726352,3045.4689701082816,1224.6908783865854,1820.7780917216962,0.5
32,21,W3,118.35169457061001,117.52257034176274,113.23794562560123,49.222460023346486,50.30184616131599,44.267916643923364,69.12923454726352,67.22072418044675,68.97002898167787,3045.4689701082816,1224.6908783865854,1820.7780917216962,0.5
32,22,W3,113.23794562560123,118.35169457061001,111.34289179809569,44.267916643923364,49.222460023346486,44.61579988807842,68.97002898167787,69.12923454726352,66.72709191001726,3045.4689701082816,1224.6908783865854,1820.7780917216962,0.5
32,23,W3,111.34289179809569,113.23794562560123,112.02745806554748,44.61579988807842,44.267916643923364,46.00100459268466,66.72709191001726,68.97002898167787,66.02645347286281,3045.4689701082816,1224.6908783865854,1820.7780917216962,0.5
33,0,W3,80.91227488581747,82.54193573069604,83.58410596602894,100.40686867272406,101.12590703315477,101.3309193074765,-19.49459378690659,-18.583971302458735,-17.746813341447563,2196.627327372102,2674.5346947009775,-477.90736732887535,9.99
33,1,W3,83.58410596602894,80.91227488581747,83.78283216521434,101.3309193074765,100.40686867272406,99.43023659570314,-17.746813341447563,-19.49459378690659,-15.647404430488791,2196.627327372102,2674.5346947009775,-477.90736732887535,9.99
33,2,W3,83.78283216521434,83.58410596602894,85.34612104207243,99.43023659570314,101.3309193074765,98.70483194229263,-15.647404430488791,-17.746813341447563,-13.358710900220203,2196.627327372102,2674.5346947009775,-477.90736732887535,9.99
33,3,W3,85.34612104207243,83.78283216521434,89.35655819333704,98.70483194229263,99.43023659570314,99.78675256391722,-13.358710900220203,-15.647404430488791,-10.430194370580182,2196.627327372102,2674.5346947009775,-477.90736732887535,9.99
33,4,W3,89.35655819333704,85.34612104207243,92.55281243809308,99.78675256391722,98.70483194229263,99.38068252107692,-10.430194370580182,-13.358710900220203,-6.827870082983836,2196.627327372102,2674.5346947009775,-477.90736732887535,9.99
33,5,W3,92.55281243809308,89.35655819333704,96.00398203929542,99.38068252107692,99.78675256391722,102.32177008290004,-6.827870082983836,-10.430194370580182,-6.317788043604622,2196.627327372102,2674.5346947009775,-477.90736732887535,9.99
33,6,W3,96.00398203929542,92.55281243809308,97.7272538392425,102.32177008290004,99.38068252107692,106.14926616949808,-6.317788043604622,-6.827870082983836,-8.422012330255583,2196.627327372102,2674.5346947009775,-477.90736732887535,9.99
33,7,W3,97.7272538392425,96.00398203929542,97.69444287558716,106.14926616949808,102.32177008290004,111.42479302538624,-8.422012330255583,-6.317788043604622,-13.73035014979908,2196.627327372102,2674.5346947009775,-477.90736732887535,9.99
33,8,W3,97.69444287558716,97.7272538392425,93.06050665803693,111.42479302538624,106.14926616949808,113.95741246064398,-13.73035014979908,-8.422012330255583,-20.89690580260705,2196.627327372102,2674.5346947009775,-477.90736732887535,9.99
33,9,W3,93.06050665803693,97.69444287558716,90.13287176078568,113.95741246064398,111.42479302538624,117.22188552413753,-20.89690580260705,-13.73035014979908,-27.089013763351858,2196.627327372102,2674.5346947009775,-477.90736732887535,9.99
33,10,W3,90.13287176078568,93.06050665803693,90.71265915981192,117.22188552413753,113.95741246064398,122.25266146567196,-27.089013763351858,-20.89690580260705,-31.540002305860042,2196.627327372102,2674.5346947009775,-477.90736732887535,9.99
33,11,W3,90.71265915981192,90.13287176078568,95.02855292102656,122.25266146567196,117.22188552413753,125.20282291326171,-31.540002305860042,-27.089013763351858,-30.174269992235153,2196.627327372102,2674.5346947009775,-477.90736732887535,9.99
33,12,W3,95.02855292102656,90.71265915981192,98.76744892421357,125.20282291326171,122.25266146567196,130.85535421334419,-30.174269992235153,-31.540002305860042,-32.08790528913062,2196.627327372102,2674.5346947009775,-477.90736732887535,9.99
33,13,W3,98.76744892421357,95.02855292102656,102.1882933783068,130.85535421334419,125.20282291326171,129.83371897437087,-32.08790528913062,-30.174269992235153,-27.645425596064072,2196.627327372102,2674.5346947009775,-477.90736732887535,9.99
33,14,W3,102.1882933783068,98.76744892421357,101.93205630425295,129.83371897437087,130.85535421334419,128.2033483498082,-27.645425596064072,-32.08790528913062,-26.271292045555256,2196.627327372102,2674.5346947009775,-477.90736732887535,9.99
33,15,W3,101.93205630425295,102.1882933783068,99.23860058561628,128.2033483498082,129.83371897437087,124.68072544214564,-26.271292045555256,-27.645425596064072,-25.44212485652936,2196.627327372102,2674.5346947009775,-477.90736732887535,9.99
33,16,W3,99.23860058561628,101.93205630425295,96.38211512878259,124.68072544214564,128.2033483498082,119.23339668552086,-25.44212485652936,-26.271292045555256,-22.85128155673827,2196.627327372102,2674.5346947009775,-477.90736732887535,9.99
33,17,W3,96.38211512878259,99.23860058561628,91.58718282267046,119.23339668552086,124.68072544214564,115.08302752556983,-22.85128155673827,-25.44212485652936,-23.495844702899376,2196.627327372102,2674.5346947009775,-477.90736732887535,9.99
33,18,W3,91.58718282267046,96.38211512878259,90.21568968773211,115.08302752556983,119.23339668552086,111.82676996079073,-23.495844702899376,-22.85128155673827,-21.61108027305862,2196.627327372102,2674.5346947009775,-477.90736732887535,9.99
33,19,W3,90.21568968773211,91.58718282267046,87.12485432098703,111.82676996079073,115.08302752556983,108.44808650489925,-21.61108027305862,-23.495844702899376,-21.323232183912225,2196.627327372102,2674.5346947009775,-477.90736732887535,9.99
33,20,W3,87.12485432098703,90.21568968773211,85.8367307873361,108.44808650489925,111.82676996079073,105.79285206070975,-21.323232183912225,-21.61108027305862,-19.956121273373654,2196.627327372102,2674.5346947009775,-477.90736732887535,9.99
33,21,W3,85.8367307873361,87.12485432098703,84.91744575715884,105.79285206070975,108.44808650489925,101.88060470597352,-19.956121273373654,-21.323232183912225,-16.96315894881468,2196.627327372102,2674.5346947009775,-477.90736732887535,9.99
33,22,W3,84.91744575715884,85.8367307873361,82.54193573069604,101.88060470597352,105.79285206070975,101.12590703315477,-16.96315894881468,-19.956121273373654,-18.583971302458735,2196.627327372102,2674.5346947009775,-477.90736732887535,9.99
33,23,W3,82.54193573069604,84.91744575715884,80.91227488581747,101.12590703315477,101.88060470597352,100.40686867272406,-18.583971302458735,-16.96315894881468,-19.49459378690659,2196.627327372102,2674.5346947009775,-477.90736732887535,9.99
34,0,W3,85.17182108940504,85.13499678139733,85.18808284325584,81.69289972343942,84.5558403785479,84.63091091473363,3.4789213659656184,0.5791564028494349,0.5571719285222088,2257.7866705220763,2206.7235042072602,51.063166314816044,0.5
34,1,W3,85.18808284325584,85.17182108940504,86.26818921587017,84.63091091473363,81.69289972343942,84.58248839945317,0.5571719285222088,3.4789213659656184,1.6857008164169969,2257.7866705220763,2206.7235042072602,51.063166314816044,0.5
34,2,W3,86.26818921587017,85.18808284325584,88.66793699986462,84.58248839945317,84.63091091473363,81.41724900598003,1.6857008164169969,0.5571719285222088,7.250687993884597,2257.7866705220763,2206.7235042072602,51.063166314816044,0.5
34,3,W3,88.66793699986462,86.26818921587017,92.08716460256953,81.41724900598003,84.58248839945317,83.38866813257941,7.250687993884597,1.6857008164169969,8.698496469990118,2257.7866705220763,2206.7235042072602,51.063166314816044,0.5
34,4,W3,92.08716460256953,88.66793699986462,95.06015467814383,83.38866813257941,81.41724900598003,86.15711260165813,8.698496469990118,7.250687993884597,8.903042076485704,2257.7866705220763,2206.7235042072602,51.063166314816044,0.5
34,5,W3,95.06015467814383,92.08716460256953,98.19466393166776,86.15711260165813,83.38866813257941,89.4250502050451,8.903042076485704,8.698496469990118,8.769613726622666,2257.7866705220763,2206.7235042072602,51.063166314816044,0.5
34,6,W3,98.19466393166776,95.06015467814383,98.55653022693708,89.4250502050451,86.15711260165813,89.96707382918707,8.769613726622666,8.903042076485704,8.589456397750013,2257.7866705220763,2206.7235042072602,51.063166314816044,0.5
34,7,W3,98.55653022693708,98.19466393166776,98.3787819564654,89.96707382918707,89.4250502050451,90.20967678172487,8.589456397750013,8.769613726622666,8.169105174740537,2257.7866705220763,2206.7235042072602,51.063166314816044,0.5
34,8,W3,98.3787819564654,98.55653022693708,95.86387704521621,90.20967678172487,89.96707382918707,95.45001034531751,8.169105174740537,8.589456397750013,0.41386669989870484,2257.7866705220763,2206.7235042072602,51.063166314816044,0.5
34,9,W3,95.86387704521621,98.3787819564654,94.49595944602427,95.45001034531751,90.20967678172487,97.77025951983157,0.41386669989870484,8.169105174740537,-3.2743000738072965,2257.7866705220763,2206.7235042072602,51.063166314816044,0.5
34,10,W3,94.49595944602427,95.86387704521621,95.0066073742796,97.77025951983157,95.45001034531751,98.76646877021537,-3.2743000738072965,0.41386669989870484,-3.759861395935772,2257.7866705220763,2206.7235042072602,51.063166314816044,9.99
34,11,W3,95.0066073742796,94.49595944602427,97.83659902667037,98.76646877021537,97.77025951983157,99.71082275290496,-3.759861395935772,-3.2743000738072965,-1.8742237262345895,2257.7866705220763,2206.7235042072602,51.063166314816044,9.99
34,12,W3,97.83659902667037,95.0066073742796,103.08319131735611,99.71082275290496,98.76646877021537,104.46526512911443,-1.8742237262345895,-3.759861395935772,-1.3820738117583176,2257.7866705220763,2206.7235042072602,51.063166314816044,9.99
34,13,W3,103.08319131735611,97.83659902667037,105.34802909402036,104.46526512911443,99.71082275290496,102.14725744174041,-1.3820738117583176,-1.8742237262345895,3.200771652279954,2257.7866705220763,2206.7235042072602,51.063166314816044,9.99
34,14,W3,105.34802909402036,103.08319131735611,105.71084527847232,102.14725744174041,104.46526512911443,102.74905241269664,3.200771652279954,-1.3820738117583176,2.961792865775678,2257.7866705220763,2206.7235042072602,51.063166314816044,0.5
34,15,W3,105.71084527847232,105.34802909402036,103.16731073977729,102.74905241269664,102.14725744174041,99.99577644716902,2.961792865775678,3.200771652279954,3.1715342926082712,2257.7866705220763,2206.7235042072602,51.063166314816044,0.5
34,16,W3,103.16731073977729,105.71084527847232,99.47965604602321,99.99577644716902,102.74905241269664,97.81471748255507,3.1715342926082712,2.961792865775678,1.6649385634681408,2257.7866705220763,2206.7235042072602,51.063166314816044,0.5
34,17,W3,99.47965604602321,103.16731073977729,95.35924194457598,97.81471748255507,99.99577644716902,94.80931751895328,1.6649385634681408,3.1715342926082712,0.5499244256227058,2257.7866705220763,2206.7235042072602,51.063166314816044,0.5
34,18,W3,95.35924194457598,99.47965604602321,91.02666894613048,94.80931751895328,97.81471748255507,89.88375932730345,0.5499244256227058,1.6649385634681408,1.1429096188270336,2257.7866705220763,2206.7235042072602,51.063166314816044,0.5
34,19,W3,91.02666894613048,95.35924194457598,87.7449046397625,89.88375932730345,94.80931751895328,90.02309279055436,1.1429096188270336,0.5499244256227058,-2.2781881507918627,2257.7866705220763,2206.7235042072602,51.063166314816044,0.5
34,20,W3,87.7449046397625,91.02666894613048,86.06377315220512,90.02309279055436,89.88375932730345,87.58663016958288,-2.2781881507918627,1.1429096188270336,-1.5228570173777598,2257.7866705220763,2206.7235042072602,51.063166314816044,9.99
34,21,W3,86.06377315220512,87.7449046397625,84.89168414598566,87.58663016958288,90.02309279055436,89.5241041269726,-1.5228570173777598,-2.2781881507918627,-4.632419980986938,2257.7866705220763,2206.7235042072602,51.063166314816044,9.99
34,22,W3,84.89168414598566,86.06377315220512,85.13499678139733,89.5241041269726,87.58663016958288,84.5558403785479,-4.632419980986938,-1.5228570173777598,0.5791564028494349,2257.7866705220763,2206.7235042072602,51.063166314816044,9.99
34,23,W3,85.13499678139733,84.89168414598566,85.17182108940504,84.5558403785479,89.5241041269726,81.69289972343942,0.5791564028494349,-4.632419980986938,3.4789213659656184,2257.7866705220763,2206.7235042072602,51.063166314816044,0.5
35,0,W3,67.58058471754225,66.83068570598367,67.74569949480222,81.4339322719728,81.96022572567293,80.88894296342202,-13.853347554430542,-15.129540019689259,-13.1432434686198,1807.0169740208707,2161.114287548917,-354.09731352804647,9.99
35,1,W3,67.74569949480222,67.58058471754225,67.20706576806876,80.88894296342202,81.4339322719728,80.89206414050798,-13.1432434686198,-13.853347554430542,-13.684998372439225,1807.0169740208707,2161.114287548917,-354.09731352804647,9.99
35,2,W3,67.20706576806876,67.74569949480222,74.12393331308313,80.89206414050798,80.88894296342202,81.41996100383426,-13.684998372439225,-13.1432434686198,-7.2960276907511314,1807.0169740208707,2161.114287548917,-354.09731352804647,9.99
35,3,W3,74.12393331308313,67.20706576806876,72.90601712706997,81.41996100383426,80.89206414050798,81.58319166102521,-7.2960276907511314,-13.684998372439225,-8.677174533955238,1807.0169740208707,2161.114287548917,-354.09731352804647,9.99
35,4,W3,72.90601712706997,74.12393331308313,78.0654125301303,81.58319166102521,81.41996100383426,82.67230576941209,-8.677174533955238,-7.2960276907511314,-4.6068932392817885,1807.0169740208707,2161.114287548917,-354.09731352804647,9.99
35,5,W3,78.0654125301303,72.90601712706997,81.24104997840969,82.67230576941209,81.58319166102521,84.22072522570902,-4.6068932392817885,-8.677174533955238,-2.979675247299326,1807.0169740208707,2161.114287548917,-354.09731352804647,9.99
35,6,W3,81.24104997840969,78.0654125301303,77.69498093506962,84.22072522570902,82.67230576941209,85.48835542199215,-2.979675247299326,-4.6068932392817885,-7.793374486922531,1807.0169740208707,2161.114287548917,-354.09731352804647,9.99
35,7,W3,77.69498093506962,81.24104997840969,82.34236152726695,85.48835542199215,84.22072522570902,88.1885834870171,-7.793374486922531,-2.979675247299326,-5.846221959750153,1807.0169740208707,2161.114287548917,-354.09731352804647,9.99
35,8,W3,82.34236152726695,77.69498093506962,78.32735519279856,88.1885834870171,85.48835542199215,91.35522913546554,-5.846221959750153,-7.793374486922531,-13.027873942666972,1807.0169740208707,2161.114287548917,-354.09731352804647,9.99
35,9,W3,78.32735519279856,82.34236152726695,75.98610482194664,91.35522913546554,88.1885834870171,94.74443865711342,-13.027873942666972,-5.846221959750153,-18.75833383516678,1807.0169740208707,2161.114287548917,-354.09731352804647,9.99
35,10,W3,75.98610482194664,78.32735519279856,77.28194497910286,94.74443865711342,91.35522913546554,97.65685438989539,-18.75833383516678,-13.027873942666972,-20.374909410792526,1807.0169740208707,2161.114287548917,-354.09731352804647,9.99
35,11,W3,77.28194497910286,75.98610482194664,78.00868421386278,97.65685438989539,94.74443865711342,100.68652593666647,-20.374909410792526,-18.75833383516678,-22.67784172280369,1807.0169740208707,2161.114287548917,-354.09731352804647,9.99
35,12,W3,78.00868421386278,77.28194497910286,80.4276087192567,100.68652593666647,97.65685438989539,102.61648015705116,-22.67784172280369,-20.374909410792526,-22.18887143779446,1807.0169740208707,2161.114287548917,-354.09731352804647,9.99
35,13,W3,80.4276087192567,78.00868421386278,83.81341382852476,102.61648015705116,100.68652593666647,103.2867839915429,-22.18887143779446,-22.67784172280369,-19.473370163018146,1807.0169740208707,2161.114287548917,-354.09731352804647,9.99
35,14,W3,83.81341382852476,80.4276087192567,82.54668194779865,103.2867839915429,102.61648015705116,102.24512041957142,-19.473370163018146,-22.18887143779446,-19.698438471772775,1807.0169740208707,2161.114287548917,-354.09731352804647,9.99
35,15,W3,82.54668194779865,83.81341382852476,81.81826745318442,102.24512041957142,103.2867839915429,100.19941284686988,-19.698438471772775,-19.473370163018146,-18.381145393685458,1807.0169740208707,2161.114287548917,-354.09731352804647,9.99
35,16,W3,81.81826745318442,82.54668194779865,82.2732950969279,100.19941284686988,102.24512041957142,97.56583123937355,-18.381145393685458,-19.698438471772775,-15.292536142445655,1807.0169740208707,2161.114287548917,-354.09731352804647,9.99
35,17,W3,82.2732950969279,81.81826745318442,75.74724378385443,97.56583123937355,100.19941284686988,94.56764070329214,-15.292536142445655,-18.381145393685458,-18.820396919437712,1807.0169740208707,2161.114287548917,-354.09731352804647,9.99
35,18,W3,75.74724378385443,82.2732950969279,69.0264440047276,94.56764070329214,97.56583123937355,91.15483926706224,-18.820396919437712,-15.292536142445655,-22.12839526233465,1807.0169740208707,2161.114287548917,-354.09731352804647,9.99
35,19,W3,69.0264440047276,75.74724378385443,67.72250156793706,91.15483926706224,94.56764070329214,87.89968180191889,-22.12839526233465,-18.820396919437712,-20.17718023398183,1807.0169740208707,2161.114287548917,-354.09731352804647,9.99
35,20,W3,67.72250156793706,69.0264440047276,68.40193620873883,87.89968180191889,91.15483926706224,85.03987408737092,-20.17718023398183,-22.12839526233465,-16.637937878632087,1807.0169740208707,2161.114287548917,-354.09731352804647,9.99
35,21,W3,68.40193620873883,67.72250156793706,69.89770110478291,85.03987408737092,87.89968180191889,83.34728724515767,-16.637937878632087,-20.17718023398183,-13.449586140374763,1807.0169740208707,2161.114287548917,-354.09731352804647,9.99
35,22,W3,69.89770110478291,68.40193620873883,66.83068570598367,83.34728724515767,85.03987408737092,81.96022572567293,-13.449586140374763,-16.637937878632087,-15.129540019689259,1807.0169740208707,2161.114287548917,-354.09731352804647,9.99
35,23,W3,66.83068570598367,69.89770110478291,67.58058471754225,81.96022572567293,83.34728724515767,81.4339322719728,-15.129540019689259,-13.449586140374763,-13.853347554430542,1807.0169740208707,2161.114287548917,-354.09731352804647,9.99
36,0,W3,77.48979339457891,77.11358301662615,75.85725164163419,55.407193414703016,56.631683251415595,55.508621705283005,22.082599979875894,20.481899765210557,20.348629936351188,2033.278803389164,1473.8452703194087,559.4335330697554,0.5
36,1,W3,75.85725164163419,77.48979339457891,76.52514517534435,55.508621705283005,55.407193414703016,55.750278866264765,20.348629936351188,22.082599979875894,20.774866309079584,2033.278803389164,1473.8452703194087,559.4335330697554,0.5
36,2,W3,76.52514517534435,75.85725164163419,78.21680214609792,55.750278866264765,55.508621705283005,54.804962468006345,20.774866309079584,20.348629936351188,23.411839678091575,2033.278803389164,1473.8452703194087,559.4335330697554,0.5
36,3,W3,78.21680214609792,76.52514517534435,83.90316377260869,54.804962468006345,55.750278866264765,55.17297005020062,23.411839678091575,20.774866309079584,28.730193722408075,2033.278803389164,1473.8452703194087,559.4335330697554,0.5
36,4,W3,83.90316377260869,78.21680214609792,86.90702725415075,55.17297005020062,54.804962468006345,56.27755918241224,28.730193722408075,23.411839678091575,30.629468071738508,2033.278803389164,1473.8452703194087,559.4335330697554,0.5
36,5,W3,86.90702725415075,83.90316377260869,89.33910222290501,56.27755918241224,55.17297005020062,57.63165327644519,30.629468071738508,28.730193722408075,31.70744894645982,2033.278803389164,1473.8452703194087,559.4335330697554,0.5
36,6,W3,89.33910222290501,86.90702725415075,91.60632962861003,57.63165327644519,56.27755918241224,58.516496471622574,31.70744894645982,30.629468071738508,33.08983315698745,2033.278803389164,1473.8452703194087,559.4335330697554,0.5
36,7,W3,91.60632962861003,89.33910222290501,89.10356023328109,58.516496471622574,57.63165327644519,59.683652252048034,33.08983315698745,31.70744894645982,29.419907981233052,2033.278803389164,1473.8452703194087,559.4335330697554,0.5
36,8,W3,89.10356023328109,91.60632962861003,87.1325489939115,59.683652252048034,58.516496471622574,61.980231737333874,29.419907981233052,33.08983315698745,25.152317256577625,2033.278803389164,1473.8452703194087,559.4335330697554,0.5
36,9,W3,87.1325489939115,89.10356023328109,83.09918834376836,61.980231737333874,59.683652252048034,64.45342966807578,25.152317256577625,29.419907981233052,18.645758675692576,2033.278803389164,1473.8452703194087,559.4335330697554,0.5
36,10,W3,83.09918834376836,87.1325489939115,86.19283484034106,64.45342966807578,61.980231737333874,66.79939406885936,18.645758675692576,25.152317256577625,19.393440771481707,2033.278803389164,1473.8452703194087,559.4335330697554,0.5
36,11,W3,86.19283484034106,83.09918834376836,89.02821071019032,66.79939406885936,64.45342966807578,68.51981531736583,19.393440771481707,18.645758675692576,20.508395392824497,2033.278803389164,1473.8452703194087,559.4335330697554,0.5
36,12,W3,89.02821071019032,86.19283484034106,92.42307640216455,68.51981531736583,66.79939406885936,70.20142754518612,20.508395392824497,19.393440771481707,22.221648856978433,2033.278803389164,1473.8452703194087,559.4335330697554,0.5
36,13,W3,92.42307640216455,89.02821071019032,93.69389424203138,70.20142754518612,68.51981531736583,70.07991608450156,22.221648856978433,20.508395392824497,23.613978157529814,2033.278803389164,1473.8452703194087,559.4335330697554,0.5
36,14,W3,93.69389424203138,92.42307640216455,94.06821789419104,70.07991608450156,70.20142754518612,70.26727720781255,23.613978157529814,22.221648856978433,23.800940686378482,2033.278803389164,1473.8452703194087,559.4335330697554,0.5
36,15,W3,94.06821789419104,93.69389424203138,92.18063731174455,70.26727720781255,70.07991608450156,68.35295871726434,23.800940686378482,23.613978157529814,23.827678594480204,2033.278803389164,1473.8452703194087,559.4335330697554,0.5
36,16,W3,92.18063731174455,94.06821789419104,87.77074184654519,68.35295871726434,70.26727720781255,66.65864890616535,23.827678594480204,23.800940686378482,21.11209294037984,2033.278803389164,1473.8452703194087,559.4335330697554,0.5
36,17,W3,87.77074184654519,92.18063731174455,85.30324706041077,66.65864890616535,68.35295871726434,64.47092616604624,21.11209294037984,23.827678594480204,20.83232089436453,2033.278803389164,1473.8452703194087,559.4335330697554,0.5
36,18,W3,85.30324706041077,87.77074184654519,81.32841930844535,64.47092616604624,66.65864890616535,62.21943283276861,20.83232089436453,21.11209294037984,19.108986475676737,2033.278803389164,1473.8452703194087,559.4335330697554,0.5
36,19,W3,81.32841930844535,85.30324706041077,78.94095366731845,62.21943283276861,64.47092616604624,59.87357911480454,19.108986475676737,20.83232089436453,19.06737455251391,2033.278803389164,1473.8452703194087,559.4335330697554,0.5
36,20,W3,78.94095366731845,81.32841930844535,77.71841221878203,59.87357911480454,62.21943283276861,57.89893517082627,19.06737455251391,19.108986475676737,19.819477047955765,2033.278803389164,1473.8452703194087,559.4335330697554,0.5
36,21,W3,77.71841221878203,78.94095366731845,78.33666206348235,57.89893517082627,59.87357911480454,56.68422684399689,19.819477047955765,19.06737455251391,21.65243521948546,2033.278803389164,1473.8452703194087,559.4335330697554,0.5
36,22,W3,78.33666206348235,77.71841221878203,77.11358301662615,56.68422684399689,57.89893517082627,56.631683251415595,21.65243521948546,19.819477047955765,20.481899765210557,2033.278803389164,1473.8452703194087,559.4335330697554,0.5
36,23,W3,77.11358301662615,78.33666206348235,77.48979339457891,56.631683251415595,56.68422684399689,55.407193414703016,20.481899765210557,21.65243521948546,22.082599979875894,2033.278803389164,1473.8452703194087,559.4335330697554,0.5
37,0,W3,95.97362501857705,94.19967706286533,97.69927378048405,87.19736879544067,87.32781657750235,86.70068328937407,8.776256223136386,6.871860485362987,10.99859049110998,2581.059014381985,2299.3458494503975,281.71316493158747,0.5
37,1,W3,97.69927378048405,95.97362501857705,99.11983162979189,86.70068328937407,87.19736879544067,86.39054046015886,10.99859049110998,8.776256223136386,12.72929116963303,2581.059014381985,2299.3458494503975,281.71316493158747,0.5
37,2,W3,99.11983162979189,97.69927378048405,105.6590083722331,86.39054046015886,86.70068328937407,86.82525333591012,12.72929116963303,10.99859049110998,18.833755036322984,2581.059014381985,2299.3458494503975,281.71316493158747,0.5
37,3,W3,105.6590083722331,99.11983162979189,107.77858925969737,86.82525333591012,86.39054046015886,86.93321296781853,18.833755036322984,12.72929116963303,20.845376291878836,2581.059014381985,2299.3458494503975,281.71316493158747,0.5
37,4,W3,107.77858925969737,105.6590083722331,111.79781937719353,86.93321296781853,86.82525333591012,87.96138453808094,20.845376291878836,18.833755036322984,23.8364348391126,2581.059014381985,2299.3458494503975,281.71316493158747,0.5
37,5,W3,111.79781937719353,107.77858925969737,113.94880961976584,87.96138453808094,86.93321296781853,88.71302262874434,23.8364348391126,20.845376291878836,25.2357869910215,2581.059014381985,2299.3458494503975,281.71316493158747,0.5
37,6,W3,113.94880961976584,111.79781937719353,115.94709510147811,88.71302262874434,87.96138453808094,90.96077780977069,25.2357869910215,23.8364348391126,24.986317291707422,2581.059014381985,2299.3458494503975,281.71316493158747,0.5
37,7,W3,115.94709510147811,113.94880961976584,113.49639307763528,90.96077780977069,88.71302262874434,93.3836869943967,24.986317291707422,25.2357869910215,20.112706083238578,2581.059014381985,2299.3458494503975,281.71316493158747,0.5
37,8,W3,113.49639307763528,115.94709510147811,108.30065348952547,93.3836869943967,90.96077780977069,96.83398931381848,20.112706083238578,24.986317291707422,11.466664175706995,2581.059014381985,2299.3458494503975,281.71316493158747,0.5
37,9,W3,108.30065348952547,113.49639307763528,106.53608292222249,96.83398931381848,93.3836869943967,100.43326156817533,11.466664175706995,20.112706083238578,6.102821354047165,2581.059014381985,2299.3458494503975,281.71316493158747,0.5
37,10,W3,106.53608292222249,108.30065348952547,110.9713774345048,100.43326156817533,96.83398931381848,104.47629907825205,6.102821354047165,11.466664175706995,6.495078356252748,2581.059014381985,2299.3458494503975,281.71316493158747,0.5
37,11,W3,110.9713774345048,106.53608292222249,112.40196143700305,104.47629907825205,100.43326156817533,107.29678234780505,6.495078356252748,6.102821354047165,5.105179089198003,2581.059014381985,2299.3458494503975,281.71316493158747,0.5
37,12,W3,112.40196143700305,110.9713774345048,116.09965798664332,107.29678234780505,104.47629907825205,109.11812938933284,5.105179089198003,6.495078356252748,6.981528597310486,2581.059014381985,2299.3458494503975,281.71316493158747,0.5
37,13,W3,116.09965798664332,112.40196143700305,119.85558553490485,109.11812938933284,107.29678234780505,109.66931088141507,6.981528597310486,5.105179089198003,10.186274653489775,2581.059014381985,2299.3458494503975,281.71316493158747,0.5
37,14,W3,119.85558553490485,116.09965798664332,120.9546152770193,109.66931088141507,109.11812938933284,109.083338289974,10.186274653489775,6.981528597310486,11.871276987045306,2581.059014381985,2299.3458494503975,281.71316493158747,0.5
37,15,W3,120.9546152770193,119.85558553490485,121.01847189505952,109.083338289974,109.66931088141507,106.84113325175619,11.871276987045306,10.186274653489775,14.17733864330333,2581.059014381985,2299.3458494503975,281.71316493158747,0.5
37,16,W3,121.01847189505952,120.9546152770193,114.07586272843619,106.84113325175619,109.083338289974,103.52671276106014,14.17733864330333,11.871276987045306,10.549149967376053,2581.059014381985,2299.3458494503975,281.71316493158747,0.5
37,17,W3,114.07586272843619,121.01847189505952,108.36355000498669,103.52671276106014,106.84113325175619,100.29940261026212,10.549149967376053,14.17733864330333,8.064147394724571,2581.059014381985,2299.3458494503975,281.71316493158747,0.5
37,18,W3,108.36355000498669,114.07586272843619,102.05420691651959,100.29940261026212,103.52671276106014,96.50206779135493,8.064147394724571,10.549149967376053,5.552139125164658,2581.059014381985,2299.3458494503975,281.71316493158747,0.5
37,19,W3,102.05420691651959,108.36355000498669,97.30187623716611,96.50206779135493,100.29940261026212,93.44147595166555,5.552139125164658,8.064147394724571,3.8604002855005604,2581.059014381985,2299.3458494503975,281.71316493158747,0.5
37,20,W3,97.30187623716611,102.05420691651959,95.08101846343668,93.44147595166555,96.50206779135493,90.7529122608436,3.8604002855005604,5.552139125164658,4.3281062025930765,2581.059014381985,2299.3458494503975,281.71316493158747,0.5
37,21,W3,95.08101846343668,97.30187623716611,92.42397175483539,90.7529122608436,93.44147595166555,88.67728655748482,4.3281062025930765,3.8604002855005604,3.7466851973505726,2581.059014381985,2299.3458494503975,281.71316493158747,0.5
37,22,W3,92.42397175483539,95.08101846343668,94.19967706286533,88.67728655748482,90.7529122608436,87.32781657750235,3.7466851973505726,4.3281062025930765,6.871860485362987,2581.059014381985,2299.3458494503975,281.71316493158747,0.5
37,23,W3,94.19967706286533,92.42397175483539,95.97362501857705,87.32781657750235,88.67728655748482,87.19736879544067,6.871860485362987,3.7466851973505726,8.776256223136386,2581.059014381985,2299.3458494503975,281.71316493158747,0.5
38,0,W3,87.03553467974167,86.44725163352697,87.23276978068141,37.18631103443461,36.20932306567066,39.14635701010866,49.84922364530706,50.237928567856315,48.08641277057275,2301.729883610849,1002.7231913977797,1299.006692213069,0.5
38,1,W3,87.23276978068141,87.03553467974167,87.93254767267933,39.14635701010866,37.18631103443461,40.24544017520149,48.08641277057275,49.84922364530706,47.68710749747785,2301.729883610849,1002.7231913977797,1299.006692213069,0.5
38,2,W3,87.93254767267933,87.23276978068141,89.53721990035406,40.24544017520149,39.14635701010866,40.36088701231759,47.68710749747785,48.08641277057275,49.17633288803647,2301.729883610849,1002.7231913977797,1299.006692213069,0.5
38,3,W3,89.53721990035406,87.93254767267933,94.0665911111077,40.36088701231759,40.24544017520149,37.297196935871455,49.17633288803647,47.68710749747785,56.76939417523624,2301.729883610849,1002.7231913977797,1299.006692213069,0.5
38,4,W3,94.0665911111077,89.53721990035406,99.70106596675362,37.297196935871455,40.36088701231759,38.25274837652589,56.76939417523624,49.17633288803647,61.448317590227724,2301.729883610849,1002.7231913977797,1299.006692213069,0.5
38,5,W3,99.70106596675362,94.0665911111077,102.44835387390168,38.25274837652589,37.297196935871455,40.17245379533559,61.448317590227724,56.76939417523624,62.27590007856609,2301.729883610849,1002.7231913977797,1299.006692213069,0.5
38,6,W3,102.44835387390168,99.70106596675362,103.70041028585759,40.17245379533559,38.25274837652589,40.39709648945696,62.27590007856609,61.448317590227724,63.30331379640062,2301.729883610849,1002.7231913977797,1299.006692213069,0.5
38,7,W3,103.70041028585759,102.44835387390168,100.71126531847514,40.39709648945696,40.17245379533559,40.96134512108945,63.30331379640062,62.27590007856609,59.74992019738569,2301.729883610849,1002.7231913977797,1299.006692213069,0.5
38,8,W3,100.71126531847514,103.70041028585759,97.52251718462847,40.96134512108945,40.39709648945696,42.10335723416692,59.74992019738569,63.30331379640062,55.41915995046155,2301.729883610849,1002.7231913977797,1299.006692213069,0.5
38,9,W3,97.52251718462847,100.71126531847514,96.14740826854424,42.10335723416692,40.96134512108945,43.70427408840044,55.41915995046155,59.74992019738569,52.4431341801438,2301.729883610849,1002.7231913977797,1299.006692213069,0.5
38,10,W3,96.14740826854424,97.52251718462847,96.60690779758487,43.70427408840044,42.10335723416692,44.65303493638952,52.4431341801438,55.41915995046155,51.95387286119535,2301.729883610849,1002.7231913977797,1299.006692213069,0.5
38,11,W3,96.60690779758487,96.14740826854424,100.61692255821093,44.65303493638952,43.70427408840044,45.74643540755238,51.95387286119535,52.4431341801438,54.87048715065855,2301.729883610849,1002.7231913977797,1299.006692213069,0.5
38,12,W3,100.61692255821093,96.60690779758487,105.06361932716311,45.74643540755238,44.65303493638952,49.31151424392084,54.87048715065855,51.95387286119535,55.75210508324227,2301.729883610849,1002.7231913977797,1299.006692213069,0.5
38,13,W3,105.06361932716311,100.61692255821093,108.28150803660277,49.31151424392084,45.74643540755238,49.18350609816716,55.75210508324227,54.87048715065855,59.098001938435615,2301.729883610849,1002.7231913977797,1299.006692213069,0.5
38,14,W3,108.28150803660277,105.06361932716311,109.16897620908514,49.18350609816716,49.31151424392084,50.95276184663013,59.098001938435615,55.75210508324227,58.21621436245501,2301.729883610849,1002.7231913977797,1299.006692213069,0.5
38,15,W3,109.16897620908514,108.28150803660277,107.17867475749043,50.95276184663013,49.18350609816716,50.23677168767907,58.21621436245501,59.098001938435615,56.94190306981136,2301.729883610849,1002.7231913977797,1299.006692213069,0.5
38,16,W3,107.17867475749043,109.16897620908514,100.47671507708411,50.23677168767907,50.95276184663013,47.61994901411204,56.94190306981136,58.21621436245501,52.85676606297207,2301.729883610849,1002.7231913977797,1299.006692213069,0.5
38,17,W3,100.47671507708411,107.17867475749043,95.79696245059313,47.61994901411204,50.23677168767907,43.098704857306906,52.85676606297207,56.94190306981136,52.69825759328622,2301.729883610849,1002.7231913977797,1299.006692213069,0.5
38,18,W3,95.79696245059313,100.47671507708411,88.97719349289294,43.098704857306906,47.61994901411204,40.02620909687905,52.69825759328622,52.85676606297207,48.95098439601389,2301.729883610849,1002.7231913977797,1299.006692213069,0.5
38,19,W3,88.97719349289294,95.79696245059313,87.05763450168764,40.02620909687905,43.098704857306906,36.224453284241235,48.95098439601389,52.69825759328622,50.83318121744641,2301.729883610849,1002.7231913977797,1299.006692213069,0.5
38,20,W3,87.05763450168764,88.97719349289294,85.44305818541739,36.224453284241235,40.02620909687905,34.266074694534865,50.83318121744641,48.95098439601389,51.17698349088252,2301.729883610849,1002.7231913977797,1299.006692213069,0.5
38,21,W3,85.44305818541739,87.05763450168764,84.57877554078475,34.266074694534865,36.224453284241235,35.366985891786754,51.17698349088252,50.83318121744641,49.21178964899799,2301.729883610849,1002.7231913977797,1299.006692213069,0.5
38,22,W3,84.57877554078475,85.44305818541739,86.44725163352697,35.366985891786754,34.266074694534865,36.20932306567066,49.21178964899799,51.17698349088252,50.237928567856315,2301.729883610849,1002.7231913977797,1299.006692213069,0.5
38,23,W3,86.44725163352697,84.57877554078475,87.03553467974167,36.20932306567066,35.366985891786754,37.18631103443461,50.237928567856315,49.21178964899799,49.84922364530706,2301.729883610849,1002.7231913977797,1299.006692213069,0.5
39,0,W3,97.4507958361172,96.9383350344372,97.47872763190357,69.38683507194325,70.17483654561622,68.67880799723788,28.06396076417394,26.763498488820986,28.799919634665684,2599.8954931740304,1866.401662764125,733.4938304099055,0.5
39,1,W3,97.47872763190357,97.4507958361172,99.33547522204988,68.67880799723788,69.38683507194325,68.5269691117693,28.799919634665684,28.06396076417394,30.808506110280575,2599.8954931740304,1866.401662764125,733.4938304099055,0.5
39,2,W3,99.33547522204988,97.47872763190357,101.4855795737446,68.5269691117693,68.67880799723788,69.20497344746389,30.808506110280575,28.799919634665684,32.280606126280716,2599.8954931740304,1866.401662764125,733.4938304099055,0.5
39,3,W3,101.4855795737446,99.33547522204988,105.6041382964736,69.20497344746389,68.5269691117693,70.41307178599774,32.280606126280716,30.808506110280575,35.19106651047585,2599.8954931740304,1866.401662764125,733.4938304099055,0.5
39,4,W3,105.6041382964736,101.4855795737446,110.03887100204996,70.41307178599774,69.20497344746389,71.39266105142227,35.19106651047585,32.280606126280716,38.64620995062769,2599.8954931740304,1866.401662764125,733.4938304099055,0.5
39,5,W3,110.03887100204996,105.6041382964736,114.42028609482988,71.39266105142227,70.41307178599774,71.67527632873183,38.64620995062769,35.19106651047585,42.74500976609805,2599.8954931740304,1866.401662764125,733.4938304099055,0.5
39,6,W3,114.42028609482988,110.03887100204996,116.18904659005211,71.67527632873183,71.39266105142227,73.09706374863471,42.74500976609805,38.64620995062769,43.091982841417405,2599.8954931740304,1866.401662764125,733.4938304099055,0.5
39,7,W3,116.18904659005211,114.42028609482988,114.6943176086403,73.09706374863471,71.67527632873183,76.23576513451188,43.091982841417405,42.74500976609805,38.458552474128425,2599.8954931740304,1866.401662764125,733.4938304099055,0.5
39,8,W3,114.6943176086403,116.18904659005211,111.19427854609107,76.23576513451188,73.09706374863471,78.22327280818664,38.458552474128425,43.091982841417405,32.971005737904434,2599.8954931740304,1866.401662764125,733.4938304099055,0.5
39,9,W3,111.19427854609107,114.6943176086403,108.73779129691292,78.22327280818664,76.23576513451188,81.91946890200335,32.971005737904434,38.458552474128425,26.818322394909572,2599.8954931740304,1866.401662764125,733.4938304099055,0.5
39,10,W3,108.73779129691292,111.19427854609107,108.801926563061,81.91946890200335,78.22327280818664,85.57030721323395,26.818322394909572,32.971005737904434,23.231619349827056,2599.8954931740304,1866.401662764125,733.4938304099055,0.5
39,11,W3,108.801926563061,108.73779129691292,112.51603857947931,85.57030721323395,81.91946890200335,88.98734558941368,23.231619349827056,26.818322394909572,23.528692990065636,2599.8954931740304,1866.401662764125,733.4938304099055,0.5
39,12,W3,112.51603857947931,108.801926563061,118.17919683163574,88.98734558941368,85.57030721323395,90.02384166056532,23.528692990065636,23.231619349827056,28.15535517107041,2599.8954931740304,1866.401662764125,733.4938304099055,0.5
39,13,W3,118.17919683163574,112.51603857947931,121.41981336041054,90.02384166056532,88.98734558941368,89.48269252773238,28.15535517107041,23.528692990065636,31.93712083267816,2599.8954931740304,1866.401662764125,733.4938304099055,0.5
39,14,W3,121.41981336041054,118.17919683163574,121.80372262792358,89.48269252773238,90.02384166056532,89.34246218700422,31.93712083267816,28.15535517107041,32.46126044091936,2599.8954931740304,1866.401662764125,733.4938304099055,0.5
39,15,W3,121.80372262792358,121.41981336041054,118.42838760123257,89.34246218700422,89.48269252773238,87.74238000055459,32.46126044091936,31.93712083267816,30.686007600677982,2599.8954931740304,1866.401662764125,733.4938304099055,0.5
39,16,W3,118.42838760123257,121.80372262792358,113.63266523050888,87.74238000055459,89.34246218700422,85.32459048394426,30.686007600677982,32.46126044091936,28.308074746564614,2599.8954931740304,1866.401662764125,733.4938304099055,0.5
39,17,W3,113.63266523050888,118.42838760123257,108.87450730679677,85.32459048394426,87.74238000055459,82.42012432072256,28.308074746564614,30.686007600677982,26.454382986074208,2599.8954931740304,1866.401662764125,733.4938304099055,0.5
39,18,W3,108.87450730679677,113.63266523050888,104.3669018868637,82.42012432072256,85.32459048394426,79.39902813629016,26.454382986074208,28.308074746564614,24.967873750573546,2599.8954931740304,1866.401662764125,733.4938304099055,0.5
39,19,W3,104.3669018868637,108.87450730679677,101.19328792153833,79.39902813629016,82.42012432072256,76.07585164797288,24.967873750573546,26.454382986074208,25.117436273565446,2599.8954931740304,1866.401662764125,733.4938304099055,0.5
39,20,W3,101.19328792153833,104.3669018868637,99.04880863913165,76.07585164797288,79.39902813629016,72.90910673391471,25.117436273565446,24.967873750573546,26.13970190521694,2599.8954931740304,1866.401662764125,733.4938304099055,0.5
39,21,W3,99.04880863913165,101.19328792153833,98.06259389214617,72.90910673391471,76.07585164797288,70.19493032925732,26.13970190521694,25.117436273565446,27.86766356288885,2599.8954931740304,1866.401662764125,733.4938304099055,0.5
39,22,W3,98.06259389214617,99.04880863913165,96.9383350344372,70.19493032925732,72.90910673391471,70.17483654561622,27.86766356288885,26.13970190521694,26.763498488820986,2599.8954931740304,1866.401662764125,733.4938304099055,0.5
39,23,W3,96.9383350344372,98.06259389214617,97.4507958361172,70.17483654561622,70.19493032925732,69.38683507194325,26.763498488820986,27.86766356288885,28.06396076417394,2599.8954931740304,1866.401662764125,733.4938304099055,0.5
40,0,W3,110.2933364171107,110.75079960530414,111.81063775734133,52.506387525048446,56.8774113712977,50.72353900485814,57.78694889206225,53.87338823400644,61.087098752483186,2884.558303347363,1384.0015224839108,1500.5567808634523,0.5
40,1,W3,111.81063775734133,110.2933364171107,113.39057752442989,50.72353900485814,52.506387525048446,53.578314706207934,61.087098752483186,57.78694889206225,59.81226281822195,2884.558303347363,1384.0015224839108,1500.5567808634523,0.5
40,2,W3,113.39057752442989,111.81063775734133,111.94823234527287,53.578314706207934,50.72353900485814,54.02047829808323,59.81226281822195,61.087098752483186,57.92775404718964,2884.558303347363,1384.0015224839108,1500.5567808634523,0.5
40,3,W3,111.94823234527287,113.39057752442989,115.19180707259238,54.02047829808323,53.578314706207934,53.892189199440054,57.92775404718964,59.81226281822195,61.29961787315233,2884.558303347363,1384.0015224839108,1500.5567808634523,0.5
40,4,W3,115.19180707259238,111.94823234527287,119.68541514273947,53.892189199440054,54.02047829808323,54.02399103582107,61.29961787315233,57.92775404718964,65.6614241069184,2884.558303347363,1384.0015224839108,1500.5567808634523,0.5
40,5,W3,119.68541514273947,115.19180707259238,124.60985608618591,54.02399103582107,53.892189199440054,54.54293537857724,65.6614241069184,61.29961787315233,70.06692070760867,2884.558303347363,1384.0015224839108,1500.5567808634523,0.5
40,6,W3,124.60985608618591,119.68541514273947,125.31615346653207,54.54293537857724,54.02399103582107,53.57140605670158,70.06692070760867,65.6614241069184,71.7447474098305,2884.558303347363,1384.0015224839108,1500.5567808634523,0.5
40,7,W3,125.31615346653207,124.60985608618591,125.46778946493782,53.57140605670158,54.54293537857724,57.97327475971265,71.7447474098305,70.06692070760867,67.49451470522517,2884.558303347363,1384.0015224839108,1500.5567808634523,0.5
40,8,W3,125.46778946493782,125.31615346653207,123.60609133606295,57.97327475971265,53.57140605670158,59.308620196049944,67.49451470522517,71.7447474098305,64.297471140013,2884.558303347363,1384.0015224839108,1500.5567808634523,0.5
40,9,W3,123.60609133606295,125.46778946493782,120.31618398376118,59.308620196049944,57.97327475971265,61.6495759730228,64.297471140013,67.49451470522517,58.66660801073838,2884.558303347363,1384.0015224839108,1500.5567808634523,0.5
40,10,W3,120.31618398376118,123.60609133606295,120.07437805348664,61.6495759730228,59.308620196049944,62.65153411153104,58.66660801073838,64.297471140013,57.4228439419556,2884.558303347363,1384.0015224839108,1500.5567808634523,0.5
40,11,W3,120.07437805348664,120.31618398376118,124.53574730956562,62.65153411153104,61.6495759730228,64.32039327858868,57.4228439419556,58.66660801073838,60.21535403097694,2884.558303347363,1384.0015224839108,1500.5567808634523,0.5
40,12,W3,124.53574730956562,120.07437805348664,130.53199022796858,64.32039327858868,62.65153411153104,64.0921747110216,60.21535403097694,57.4228439419556,66.43981551694698,2884.558303347363,1384.0015224839108,1500.5567808634523,0.5
40,13,W3,130.53199022796858,124.53574730956562,135.24609707657794,64.0921747110216,64.32039327858868,61.929102142691036,66.43981551694698,60.21535403097694,73.3169949338869,2884.558303347363,1384.0015224839108,1500.5567808634523,0.5
40,14,W3,135.24609707657794,130.53199022796858,133.6534600225219,61.929102142691036,64.0921747110216,62.69803251479574,73.3169949338869,66.43981551694698,70.95542750772616,2884.558303347363,1384.0015224839108,1500.5567808634523,0.5
40,15,W3,133.6534600225219,135.24609707657794,132.59075071623968,62.69803251479574,61.929102142691036,60.67032857367995,70.95542750772616,73.3169949338869,71.92042214255973,2884.558303347363,1384.0015224839108,1500.5567808634523,0.5
40,16,W3,132.59075071623968,133.6534600225219,126.71328066591956,60.67032857367995,62.69803251479574,60.41088418577584,71.92042214255973,70.95542750772616,66.30239648014371,2884.558303347363,1384.0015224839108,1500.5567808634523,0.5
40,17,W3,126.71328066591956,132.59075071623968,120.19151775886876,60.41088418577584,60.67032857367995,55.144023495667895,66.30239648014371,71.92042214255973,65.04749426320086,2884.558303347363,1384.0015224839108,1500.5567808634523,0.5
40,18,W3,120.19151775886876,126.71328066591956,115.99972410208498,55.144023495667895,60.41088418577584,55.422116855302804,65.04749426320086,66.30239648014371,60.57760724678218,2884.558303347363,1384.0015224839108,1500.5567808634523,0.5
40,19,W3,115.99972410208498,120.19151775886876,110.90974098602757,55.422116855302804,55.144023495667895,55.88873141191404,60.57760724678218,65.04749426320086,55.021009574113535,2884.558303347363,1384.0015224839108,1500.5567808634523,0.5
40,20,W3,110.90974098602757,115.99972410208498,109.9950900654163,55.88873141191404,55.422116855302804,61.0511268884354,55.021009574113535,60.57760724678218,48.94396317698091,2884.558303347363,1384.0015224839108,1500.5567808634523,0.5
40,21,W3,109.9950900654163,110.90974098602757,111.72964616041503,61.0511268884354,55.88873141191404,57.05495080968588,48.94396317698091,55.021009574113535,54.67469535072915,2884.558303347363,1384.0015224839108,1500.5567808634523,0.5
40,22,W3,111.72964616041503,109.9950900654163,110.75079960530414,57.05495080968588,61.0511268884354,56.8774113712977,54.67469535072915,48.94396317698091,53.87338823400644,2884.558303347363,1384.0015224839108,1500.5567808634523,0.5
40,23,W3,110.75079960530414,111.72964616041503,110.2933364171107,56.8774113712977,57.05495080968588,52.506387525048446,53.87338823400644,54.67469535072915,57.78694889206225,2884.558303347363,1384.0015224839108,1500.5567808634523,0.5
41,0,W3,98.47107587537197,95.71001730234539,96.56325827231181,93.02862981186558,89.69587289877835,90.21954642385045,5.442446063506381,6.014144403567045,6.343711848461368,2588.2915605602675,2392.41779742921,195.87376313105733,0.5
41,1,W3,96.56325827231181,98.47107587537197,96.44448436503103,90.21954642385045,93.02862981186558,93.55872271040039,6.343711848461368,5.442446063506381,2.8857616546306417,2588.2915605602675,2392.41779742921,195.87376313105733,0.5
41,2,W3,96.44448436503103,96.56325827231181,100.04954553247931,93.55872271040039,90.21954642385045,89.97986965039773,2.8857616546306417,6.343711848461368,10.069675882081583,2588.2915605602675,2392.41779742921,195.87376313105733,0.5
41,3,W3,100.04954553247931,96.44448436503103,102.92646960376285,89.97986965039773,93.55872271040039,89.47565168427164,10.069675882081583,2.8857616546306417,13.450817919491215,2588.2915605602675,2392.41779742921,195.87376313105733,0.5
41,4,W3,102.92646960376285,100.04954553247931,109.70162036920482,89.47565168427164,89.97986965039773,86.89921691030479,13.450817919491215,10.069675882081583,22.80240345890003,2588.2915605602675,2392.41779742921,195.87376313105733,0.5
41,5,W3,109.70162036920482,102.92646960376285,115.92595400579117,86.89921691030479,89.47565168427164,89.06720615411903,22.80240345890003,13.450817919491215,26.858747851672135,2588.2915605602675,2392.41779742921,195.87376313105733,0.5
41,6,W3,115.92595400579117,109.70162036920482,117.08976841468126,89.06720615411903,86.89921691030479,93.56456506165975,26.858747851672135,22.80240345890003,23.52520335302151,2588.2915605602675,2392.41779742921,195.87376313105733,0.5
41,7,W3,117.08976841468126,115.92595400579117,115.42559577931416,93.56456506165975,89.06720615411903,94.5029527747703,23.52520335302151,26.858747851672135,20.922643004543858,2588.2915605602675,2392.41779742921,195.87376313105733,0.5
41,8,W3,115.42559577931416,117.08976841468126,111.73098368098466,94.5029527747703,93.56456506165975,102.78348416927236,20.922643004543858,23.52520335302151,8.947499511712309,2588.2915605602675,2392.41779742921,195.87376313105733,0.5
41,9,W3,111.73098368098466,115.42559577931416,108.42320070925761,102.78348416927236,94.5029527747703,106.63965628565975,8.947499511712309,20.922643004543858,1.78354442359786,2588.2915605602675,2392.41779742921,195.87376313105733,0.5
41,10,W3,108.42320070925761,111.73098368098466,108.85224461266027,106.63965628565975,102.78348416927236,110.2258104248284,1.78354442359786,8.947499511712309,-1.373565812168124,2588.2915605602675,2392.41779742921,195.87376313105733,0.5
41,11,W3,108.85224461266027,108.42320070925761,112.49392222466479,110.2258104248284,106.63965628565975,111.38788689073087,-1.373565812168124,1.78354442359786,1.1060353339339173,2588.2915605602675,2392.41779742921,195.87376313105733,9.99
41,12,W3,112.49392222466479,108.85224461266027,118.21272564999987,111.38788689073087,110.2258104248284,112.73339518916316,1.1060353339339173,-1.373565812168124,5.479330460836707,2588.2915605602675,2392.41779742921,195.87376313105733,0.5
41,13,W3,118.21272564999987,112.49392222466479,121.16409360839688,112.73339518916316,111.38788689073087,112.62234663961482,5.479330460836707,1.1060353339339173,8.541746968782064,2588.2915605602675,2392.41779742921,195.87376313105733,0.5
41,14,W3,121.16409360839688,118.21272564999987,120.7678497936779,112.62234663961482,112.73339518916316,114.30771138262973,8.541746968782064,5.479330460836707,6.460138411048163,2588.2915605602675,2392.41779742921,195.87376313105733,0.5
41,15,W3,120.7678497936779,121.16409360839688,117.65963892260791,114.30771138262973,112.62234663961482,109.61534966662775,6.460138411048163,8.541746968782064,8.04428925598016,2588.2915605602675,2392.41779742921,195.87376313105733,0.5
41,16,W3,117.65963892260791,120.7678497936779,112.26672349385677,109.61534966662775,114.30771138262973,108.88016517393541,8.04428925598016,6.460138411048163,3.386558319921363,2588.2915605602675,2392.41779742921,195.87376313105733,0.5
41,17,W3,112.26672349385677,117.65963892260791,107.25745364311415,108.88016517393541,109.61534966662775,107.13335330100475,3.386558319921363,8.04428925598016,0.12410034210940069,2588.2915605602675,2392.41779742921,195.87376313105733,0.5
41,18,W3,107.25745364311415,112.26672349385677,103.71750981628807,107.13335330100475,108.88016517393541,100.02873436943099,0.12410034210940069,3.386558319921363,3.688775446857079,2588.2915605602675,2392.41779742921,195.87376313105733,0.5
41,19,W3,103.71750981628807,107.25745364311415,103.13858697612855,100.02873436943099,107.13335330100475,98.21393199956404,3.688775446857079,0.12410034210940069,4.924654976564511,2588.2915605602675,2392.41779742921,195.87376313105733,0.5
41,20,W3,103.13858697612855,103.71750981628807,98.50752375060755,98.21393199956404,100.02873436943099,94.6483152856055,4.924654976564511,3.688775446857079,3.859208465002041,2588.2915605602675,2392.41779742921,195.87376313105733,0.5
41,21,W3,98.50752375060755,103.13858697612855,95.79131415772852,94.6483152856055,98.21393199956404,93.2054225707246,3.859208465002041,4.924654976564511,2.5858915870039283,2588.2915605602675,2392.41779742921,195.87376313105733,0.5
41,22,W3,95.79131415772852,98.50752375060755,95.71001730234539,93.2054225707246,94.6483152856055,89.69587289877835,2.5858915870039283,3.859208465002041,6.014144403567045,2588.2915605602675,2392.41779742921,195.87376313105733,0.5
41,23,W3,95.71001730234539,95.79131415772852,98.47107587537197,89.69587289877835,93.2054225707246,93.02862981186558,6.014144403567045,2.5858915870039283,5.442446063506381,2588.2915605602675,2392.41779742921,195.87376313105733,0.5
42,0,W3,81.55233110652578,82.62524156859203,81.21203744049302,85.52418249614237,86.3049174548584,86.00162994086202,-3.971851389616589,-3.6796758862663665,-4.789592500368997,2177.447993545222,2283.2550905196167,-105.80709697439488,9.99
42,1,W3,81.21203744049302,81.55233110652578,82.6698732130313,86.00162994086202,85.52418249614237,85.54227592450529,-4.789592500368997,-3.971851389616589,-2.8724027114739954,2177.447993545222,2283.2550905196167,-105.80709697439488,9.99
42,2,W3,82.6698732130313,81.21203744049302,84.73729037551108,85.54227592450529,86.00162994086202,88.54717699667981,-2.8724027114739954,-4.789592500368997,-3.8098866211687294,2177.447993545222,2283.2550905196167,-105.80709697439488,9.99
42,3,W3,84.73729037551108,82.6698732130313,86.22441671229683,88.54717699667981,85.54227592450529,91.12522579156858,-3.8098866211687294,-2.8724027114739954,-4.9008090792717525,2177.447993545222,2283.2550905196167,-105.80709697439488,9.99
42,4,W3,86.22441671229683,84.73729037551108,90.48401777416149,91.12522579156858,88.54717699667981,90.99133177635504,-4.9008090792717525,-3.8098866211687294,-0.5073140021935529,2177.447993545222,2283.2550905196167,-105.80709697439488,9.99
42,5,W3,90.48401777416149,86.22441671229683,95.51355172737954,90.99133177635504,91.12522579156858,90.70460489926825,-0.5073140021935529,-4.9008090792717525,4.808946828111289,2177.447993545222,2283.2550905196167,-105.80709697439488,9.99
42,6,W3,95.51355172737954,90.48401777416149,96.13222901789402,90.70460489926825,90.99133177635504,92.82673927041188,4.808946828111289,-0.5073140021935529,3.3054897474821416,2177.447993545222,2283.2550905196167,-105.80709697439488,0.5
42,7,W3,96.13222901789402,95.51355172737954,96.33129685021383,92.82673927041188,90.70460489926825,94.31255614172379,3.3054897474821416,4.808946828111289,2.018740708490043,2177.447993545222,2283.2550905196167,-105.80709697439488,0.5
42,8,W3,96.33129685021383,96.13222901789402,94.04016645119168,94.31255614172379,92.82673927041188,98.33968222987588,2.018740708490043,3.3054897474821416,-4.299515778684196,2177.447993545222,2283.2550905196167,-105.80709697439488,0.5
42,9,W3,94.04016645119168,96.33129685021383,91.67505046724443,98.33968222987588,94.31255614172379,98.80447890993182,-4.299515778684196,2.018740708490043,-7.129428442687384,2177.447993545222,2283.2550905196167,-105.80709697439488,9.99
42,10,W3,91.67505046724443,94.04016645119168,92.34652701409237,98.80447890993182,98.33968222987588,102.57266191439001,-7.129428442687384,-4.299515778684196,-10.226134900297637,2177.447993545222,2283.2550905196167,-105.80709697439488,9.99
42,11,W3,92.34652701409237,91.67505046724443,94.55702576345439,102.57266191439001,98.80447890993182,105.72017546104345,-10.226134900297637,-7.129428442687384,-11.163149697589063,2177.447993545222,2283.2550905196167,-105.80709697439488,9.99
42,12,W3,94.55702576345439,92.34652701409237,99.55993438866336,105.72017546104345,102.57266191439001,108.12583141002942,-11.163149697589063,-10.226134900297637,-8.565897021366055,2177.447993545222,2283.2550905196167,-105.80709697439488,9.99
42,13,W3,99.55993438866336,94.55702576345439,100.82572921676885,108.12583141002942,105.72017546104345,107.16007497489036,-8.565897021366055,-11.163149697589063,-6.334345758121515,2177.447993545222,2283.2550905196167,-105.80709697439488,9.99
42,14,W3,100.82572921676885,99.55993438866336,100.09868524214926,107.16007497489036,108.12583141002942,108.2666240986734,-6.334345758121515,-8.565897021366055,-8.167938856524145,2177.447993545222,2283.2550905196167,-105.80709697439488,9.99
42,15,W3,100.09868524214926,100.82572921676885,98.66979436531355,108.2666240986734,107.16007497489036,107.18600146655368,-8.167938856524145,-6.334345758121515,-8.516207101240127,2177.447993545222,2283.2550905196167,-105.80709697439488,9.99
42,16,W3,98.66979436531355,100.09868524214926,93.69274333340094,107.18600146655368,108.2666240986734,101.38642602578554,-8.516207101240127,-8.167938856524145,-7.6936826923845985,2177.447993545222,2283.2550905196167,-105.80709697439488,9.99
42,17,W3,93.69274333340094,98.66979436531355,91.77308825409143,101.38642602578554,107.18600146655368,96.56360884655476,-7.6936826923845985,-8.516207101240127,-4.790520592463324,2177.447993545222,2283.2550905196167,-105.80709697439488,9.99
42,18,W3,91.77308825409143,93.69274333340094,88.15582584432943,96.56360884655476,101.38642602578554,91.8724209223886,-4.790520592463324,-7.6936826923845985,-3.7165950780591714,2177.447993545222,2283.2550905196167,-105.80709697439488,9.99
42,19,W3,88.15582584432943,91.77308825409143,86.16033802200214,91.8724209223886,96.56360884655476,91.05411773545958,-3.7165950780591714,-4.790520592463324,-4.893779713457448,2177.447993545222,2283.2550905196167,-105.80709697439488,9.99
42,20,W3,86.16033802200214,88.15582584432943,85.11027463937063,91.05411773545958,91.8724209223886,87.69636632625274,-4.893779713457448,-3.7165950780591714,-2.5860916868821135,2177.447993545222,2283.2550905196167,-105.80709697439488,9.99
42,21,W3,85.11027463937063,86.16033802200214,83.30052475705024,87.69636632625274,91.05411773545958,86.62597950541209,-2.5860916868821135,-4.893779713457448,-3.3254547483618495,2177.447993545222,2283.2550905196167,-105.80709697439488,9.99
42,22,W3,83.30052475705024,85.11027463937063,82.62524156859203,86.62597950541209,87.69636632625274,86.3049174548584,-3.3254547483618495,-2.5860916868821135,-3.6796758862663665,2177.447993545222,2283.2550905196167,-105.80709697439488,9.99
42,23,W3,82.62524156859203,83.30052475705024,81.55233110652578,86.3049174548584,86.62597950541209,85.52418249614237,-3.6796758862663665,-3.3254547483618495,-3.971851389616589,2177.447993545222,2283.2550905196167,-105.80709697439488,9.99
43,0,W3,98.65314421910712,98.64779480985109,98.40187837107545,85.31756505287451,86.32884994288727,84.23651976366368,13.335579166232606,12.318944866963818,14.165358607411775,2623.4320799791735,2268.8414945467084,354.5905854324651,0.5
43,1,W3,98.40187837107545,98.65314421910712,98.85104080541218,84.23651976366368,85.31756505287451,84.31115528797396,14.165358607411775,13.335579166232606,14.539885517438222,2623.4320799791735,2268.8414945467084,354.5905854324651,0.5
43,2,W3,98.85104080541218,98.40187837107545,101.5223870165709,84.31115528797396,84.23651976366368,84.9916675386758,14.539885517438222,14.165358607411775,16.530719477895104,2623.4320799791735,2268.8414945467084,354.5905854324651,0.5
43,3,W3,101.5223870165709,98.85104080541218,105.22666327160405,84.9916675386758,84.31115528797396,85.41371468896386,16.530719477895104,14.539885517438222,19.81294858264019,2623.4320799791735,2268.8414945467084,354.5905854324651,0.5
43,4,W3,105.22666327160405,101.5223870165709,109.44294754864126,85.41371468896386,84.9916675386758,86.51144393455795,19.81294858264019,16.530719477895104,22.93150361408331,2623.4320799791735,2268.8414945467084,354.5905854324651,0.5
43,5,W3,109.44294754864126,105.22666327160405,114.63381214997153,86.51144393455795,85.41371468896386,87.91097022408324,22.93150361408331,19.81294858264019,26.72284192588829,2623.4320799791735,2268.8414945467084,354.5905854324651,0.5
43,6,W3,114.63381214997153,109.44294754864126,117.13318243713908,87.91097022408324,86.51144393455795,89.97757729699505,26.72284192588829,22.93150361408331,27.155605140144033,2623.4320799791735,2268.8414945467084,354.5905854324651,0.5
43,7,W3,117.13318243713908,114.63381214997153,115.96578089185863,89.97757729699505,87.91097022408324,92.40979447406067,27.155605140144033,26.72284192588829,23.555986417797953,2623.4320799791735,2268.8414945467084,354.5905854324651,0.5
43,8,W3,115.96578089185863,117.13318243713908,112.18779887146195,92.40979447406067,89.97757729699505,95.90416609610836,23.555986417797953,27.155605140144033,16.283632775353595,2623.4320799791735,2268.8414945467084,354.5905854324651,0.5
43,9,W3,112.18779887146195,115.96578089185863,109.40337599127045,95.90416609610836,92.40979447406067,99.50392794350486,16.283632775353595,23.555986417797953,9.899448047765588,2623.4320799791735,2268.8414945467084,354.5905854324651,0.5
43,10,W3,109.40337599127045,112.18779887146195,109.73092207867361,99.50392794350486,95.90416609610836,102.89396472526451,9.899448047765588,16.283632775353595,6.836957353409105,2623.4320799791735,2268.8414945467084,354.5905854324651,0.5
43,11,W3,109.73092207867361,109.40337599127045,114.39813100616544,102.89396472526451,99.50392794350486,106.07193222652296,6.836957353409105,9.899448047765588,8.326198779642482,2623.4320799791735,2268.8414945467084,354.5905854324651,0.5
43,12,W3,114.39813100616544,109.73092207867361,118.79867651902647,106.07193222652296,102.89396472526451,108.0712887052325,8.326198779642482,6.836957353409105,10.727387813793968,2623.4320799791735,2268.8414945467084,354.5905854324651,0.5
43,13,W3,118.79867651902647,114.39813100616544,122.67230909839948,108.0712887052325,106.07193222652296,109.02829465994044,10.727387813793968,8.326198779642482,13.644014438459038,2623.4320799791735,2268.8414945467084,354.5905854324651,0.5
43,14,W3,122.67230909839948,118.79867651902647,123.02673276370425,109.02829465994044,108.0712887052325,108.05453256999826,13.644014438459038,10.727387813793968,14.972200193705987,2623.4320799791735,2268.8414945467084,354.5905854324651,0.5
43,15,W3,123.02673276370425,122.67230909839948,119.51286180352932,108.05453256999826,109.02829465994044,105.56449421102806,14.972200193705987,13.644014438459038,13.948367592501256,2623.4320799791735,2268.8414945467084,354.5905854324651,0.5
43,16,W3,119.51286180352932,123.02673276370425,115.14853155233622,105.56449421102806,108.05453256999826,102.25631540370254,13.948367592501256,14.972200193705987,12.892216148633679,2623.4320799791735,2268.8414945467084,354.5905854324651,0.5
43,17,W3,115.14853155233622,119.51286180352932,109.67876118850792,102.25631540370254,105.56449421102806,98.7696186062239,12.892216148633679,13.948367592501256,10.90914258228402,2623.4320799791735,2268.8414945467084,354.5905854324651,0.5
43,18,W3,109.67876118850792,115.14853155233622,106.2384947156402,98.7696186062239,102.25631540370254,95.21450123473636,10.90914258228402,12.892216148633679,11.02399348090384,2623.4320799791735,2268.8414945467084,354.5905854324651,0.5
43,19,W3,106.2384947156402,109.67876118850792,103.43297831713866,95.21450123473636,98.7696186062239,92.31683175383831,11.02399348090384,10.90914258228402,11.116146563300347,2623.4320799791735,2268.8414945467084,354.5905854324651,0.5
43,20,W3,103.43297831713866,106.2384947156402,101.10209669940282,92.31683175383831,95.21450123473636,89.77271064397368,11.116146563300347,11.02399348090384,11.32938605542914,2623.4320799791735,2268.8414945467084,354.5905854324651,0.5
43,21,W3,101.10209669940282,103.43297831713866,99.62177785268544,89.77271064397368,92.31683175383831,88.00965756189747,11.32938605542914,11.116146563300347,11.61212029078797,2623.4320799791735,2268.8414945467084,354.5905854324651,0.5
43,22,W3,99.62177785268544,101.10209669940282,98.64779480985109,88.00965756189747,89.77271064397368,86.32884994288727,11.61212029078797,11.32938605542914,12.318944866963818,2623.4320799791735,2268.8414945467084,354.5905854324651,0.5
43,23,W3,98.64779480985109,99.62177785268544,98.65314421910712,86.32884994288727,88.00965756189747,85.31756505287451,12.318944866963818,11.61212029078797,13.335579166232606,2623.4320799791735,2268.8414945467084,354.5905854324651,0.5
44,0,W3,98.10671497899345,95.38507387743485,97.42298333642904,82.94736081818809,86.14513545344398,83.39539944263441,15.159354160805364,9.239938423990864,14.027583893794628,2655.488288933482,2209.141765106489,446.34652382699323,0.5
44,1,W3,97.42298333642904,98.10671497899345,100.66383162214925,83.39539944263441,82.94736081818809,84.42311279965534,14.027583893794628,15.159354160805364,16.240718822493903,2655.488288933482,2209.141765106489,446.34652382699323,0.5
44,2,W3,100.66383162214925,97.42298333642904,102.4345298951757,84.42311279965534,83.39539944263441,80.89837010586756,16.240718822493903,14.027583893794628,21.536159789308144,2655.488288933482,2209.141765106489,446.34652382699323,0.5
44,3,W3,102.4345298951757,100.66383162214925,107.14964574899497,80.89837010586756,84.42311279965534,82.38919225363296,21.536159789308144,16.240718822493903,24.760453495362015,2655.488288933482,2209.141765106489,446.34652382699323,0.5
44,4,W3,107.14964574899497,102.4345298951757,114.12812088037181,82.38919225363296,80.89837010586756,83.3633710171987,24.760453495362015,21.536159789308144,30.76474986317311,2655.488288933482,2209.141765106489,446.34652382699323,0.5
44,5,W3,114.12812088037181,107.14964574899497,116.0524135516781,83.3633710171987,82.38919225363296,85.58681599661489,30.76474986317311,24.760453495362015,30.465597555063212,2655.488288933482,2209.141765106489,446.34652382699323,0.5
44,6,W3,116.0524135516781,114.12812088037181,120.84174211004175,85.58681599661489,83.3633710171987,86.23881006185218,30.465597555063212,30.76474986317311,34.60293204818957,2655.488288933482,2209.141765106489,446.34652382699323,0.5
44,7,W3,120.84174211004175,116.0524135516781,119.04458613797104,86.23881006185218,85.58681599661489,88.95324385310138,34.60293204818957,30.465597555063212,30.091342284869654,2655.488288933482,2209.141765106489,446.34652382699323,0.5
44,8,W3,119.04458613797104,120.84174211004175,114.82189064518451,88.95324385310138,86.23881006185218,90.55931079522298,30.091342284869654,34.60293204818957,24.262579849961526,2655.488288933482,2209.141765106489,446.34652382699323,0.5
44,9,W3,114.82189064518451,119.04458613797104,114.54735303410601,90.55931079522298,88.95324385310138,94.37800547199171,24.262579849961526,30.091342284869654,20.169347562114297,2655.488288933482,2209.141765106489,446.34652382699323,0.5
44,10,W3,114.54735303410601,114.82189064518451,115.09659677581855,94.37800547199171,90.55931079522298,98.14023927850135,20.169347562114297,24.262579849961526,16.9563574973172,2655.488288933482,2209.141765106489,446.34652382699323,0.5
44,11,W3,115.09659677581855,114.54735303410601,116.02555015621851,98.14023927850135,94.37800547199171,99.96733088636212,16.9563574973172,20.169347562114297,16.058219269856394,2655.488288933482,2209.141765106489,446.34652382699323,0.5
44,12,W3,116.02555015621851,115.09659677581855,121.17060177712249,99.96733088636212,98.14023927850135,105.3937570498734,16.058219269856394,16.9563574973172,15.776844727249085,2655.488288933482,2209.141765106489,446.34652382699323,0.5
44,13,W3,121.17060177712249,116.02555015621851,123.37546524931187,105.3937570498734,99.96733088636212,105.5856552105886,15.776844727249085,16.058219269856394,17.789810038723274,2655.488288933482,2209.141765106489,446.34652382699323,0.5
44,14,W3,123.37546524931187,121.17060177712249,124.43235509725734,105.5856552105886,105.3937570498734,103.904818252632,17.789810038723274,15.776844727249085,20.527536844625345,2655.488288933482,2209.141765106489,446.34652382699323,0.5
44,15,W3,124.43235509725734,123.37546524931187,120.73730924628707,103.904818252632,105.5856552105886,102.86728543282877,20.527536844625345,17.789810038723274,17.870023813458303,2655.488288933482,2209.141765106489,446.34652382699323,0.5
44,16,W3,120.73730924628707,124.43235509725734,115.45460797145961,102.86728543282877,103.904818252632,102.19670156714656,17.870023813458303,20.527536844625345,13.257906404313047,2655.488288933482,2209.141765106489,446.34652382699323,0.5
44,17,W3,115.45460797145961,120.73730924628707,112.11785563860708,102.19670156714656,102.86728543282877,99.59334709634668,13.257906404313047,17.870023813458303,12.524508542260406,2655.488288933482,2209.141765106489,446.34652382699323,0.5
44,18,W3,112.11785563860708,115.45460797145961,104.31765332383776,99.59334709634668,102.19670156714656,93.69446650965716,12.524508542260406,13.257906404313047,10.623186814180599,2655.488288933482,2209.141765106489,446.34652382699323,0.5
44,19,W3,104.31765332383776,112.11785563860708,102.14415394381705,93.69446650965716,99.59334709634668,91.18688278055788,10.623186814180599,12.524508542260406,10.957271163259165,2655.488288933482,2209.141765106489,446.34652382699323,0.5
44,20,W3,102.14415394381705,104.31765332383776,100.06606494864272,91.18688278055788,93.69446650965716,89.34525646429285,10.957271163259165,10.623186814180599,10.720808484349874,2655.488288933482,2209.141765106489,446.34652382699323,0.5
44,21,W3,100.06606494864272,102.14415394381705,99.95118898657157,89.34525646429285,91.18688278055788,87.98789650829721,10.720808484349874,10.957271163259165,11.963292478274354,2655.488288933482,2209.141765106489,446.34652382699323,0.5
44,22,W3,99.95118898657157,100.06606494864272,95.38507387743485,87.98789650829721,89.34525646429285,86.14513545344398,11.963292478274354,10.720808484349874,9.239938423990864,2655.488288933482,2209.141765106489,446.34652382699323,0.5
44,23,W3,95.38507387743485,99.95118898657157,98.10671497899345,86.14513545344398,87.98789650829721,82.94736081818809,9.239938423990864,11.963292478274354,15.159354160805364,2655.488288933482,2209.141765106489,446.34652382699323,0.5
45,0,W3,78.26907729776165,78.7795146328466,78.66766978606063,54.64449778761056,55.21489163930685,54.085208683213246,23.624579510151094,23.56462299353975,24.582461102847383,2092.8320831011056,1431.6142643623414,661.2178187387642,0.5
45,1,W3,78.66766978606063,78.26907729776165,79.658644922639,54.085208683213246,54.64449778761056,53.60534008021949,24.582461102847383,23.624579510151094,26.053304842419507,2092.8320831011056,1431.6142643623414,661.2178187387642,0.5
45,2,W3,79.658644922639,78.66766978606063,81.61190883750797,53.60534008021949,54.085208683213246,52.82763086381462,26.053304842419507,24.582461102847383,28.78427797369335,2092.8320831011056,1431.6142643623414,661.2178187387642,0.5
45,3,W3,81.61190883750797,79.658644922639,84.62938804841895,52.82763086381462,53.60534008021949,53.12136935337185,28.78427797369335,26.053304842419507,31.5080186950471,2092.8320831011056,1431.6142643623414,661.2178187387642,0.5
45,4,W3,84.62938804841895,81.61190883750797,88.3240378083038,53.12136935337185,52.82763086381462,53.690579675229046,31.5080186950471,28.78427797369335,34.633458133074754,2092.8320831011056,1431.6142643623414,661.2178187387642,0.5
45,5,W3,88.3240378083038,84.62938804841895,91.7215161229758,53.690579675229046,53.12136935337185,54.48646389835213,34.633458133074754,31.5080186950471,37.23505222462367,2092.8320831011056,1431.6142643623414,661.2178187387642,0.5
45,6,W3,91.7215161229758,88.3240378083038,93.17722119280532,54.48646389835213,53.690579675229046,55.84876759567527,37.23505222462367,34.633458133074754,37.32845359713005,2092.8320831011056,1431.6142643623414,661.2178187387642,0.5
45,7,W3,93.17722119280532,91.7215161229758,91.96108830787044,55.84876759567527,54.48646389835213,57.66066988286524,37.32845359713005,37.23505222462367,34.3004184250052,2092.8320831011056,1431.6142643623414,661.2178187387642,0.5
45,8,W3,91.96108830787044,93.17722119280532,89.10016930922293,57.66066988286524,55.84876759567527,60.062654641431735,34.3004184250052,37.32845359713005,29.0375146677912,2092.8320831011056,1431.6142643623414,661.2178187387642,0.5
45,9,W3,89.10016930922293,91.96108830787044,87.08999429881062,60.062654641431735,57.66066988286524,61.79993953340422,29.0375146677912,34.3004184250052,25.290054765406403,2092.8320831011056,1431.6142643623414,661.2178187387642,0.5
45,10,W3,87.08999429881062,89.10016930922293,87.71314750516017,61.79993953340422,60.062654641431735,64.50394084989557,25.290054765406403,29.0375146677912,23.209206655264595,2092.8320831011056,1431.6142643623414,661.2178187387642,0.5
45,11,W3,87.71314750516017,87.08999429881062,90.890028713978,64.50394084989557,61.79993953340422,66.33405168352587,23.209206655264595,25.290054765406403,24.555977030452127,2092.8320831011056,1431.6142643623414,661.2178187387642,0.5
45,12,W3,90.890028713978,87.71314750516017,95.02512782994653,66.33405168352587,64.50394084989557,68.49035353961746,24.555977030452127,23.209206655264595,26.534774290329068,2092.8320831011056,1431.6142643623414,661.2178187387642,0.5
45,13,W3,95.02512782994653,90.890028713978,97.94518384620709,68.49035353961746,66.33405168352587,69.17439647389159,26.534774290329068,24.555977030452127,28.770787372315496,2092.8320831011056,1431.6142643623414,661.2178187387642,0.5
45,14,W3,97.94518384620709,95.02512782994653,98.0972133947419,69.17439647389159,68.49035353961746,68.2387300027257,28.770787372315496,26.534774290329068,29.858483392016197,2092.8320831011056,1431.6142643623414,661.2178187387642,0.5
45,15,W3,98.0972133947419,97.94518384620709,96.30564166750514,68.2387300027257,69.17439647389159,66.83826130239555,29.858483392016197,28.770787372315496,29.46738036510959,2092.8320831011056,1431.6142643623414,661.2178187387642,0.5
45,16,W3,96.30564166750514,98.0972133947419,92.26724506043918,66.83826130239555,68.2387300027257,65.20887495369897,29.46738036510959,29.858483392016197,27.058370106740213,2092.8320831011056,1431.6142643623414,661.2178187387642,0.5
45,17,W3,92.26724506043918,96.30564166750514,87.80171499075819,65.20887495369897,66.83826130239555,63.894374208828516,27.058370106740213,29.46738036510959,23.90734078192967,2092.8320831011056,1431.6142643623414,661.2178187387642,0.5
45,18,W3,87.80171499075819,92.26724506043918,83.76420463026845,63.894374208828516,65.20887495369897,60.978098040432045,23.90734078192967,27.058370106740213,22.786106589836407,2092.8320831011056,1431.6142643623414,661.2178187387642,0.5
45,19,W3,83.76420463026845,87.80171499075819,81.22934368315711,60.978098040432045,63.894374208828516,58.246522791188426,22.786106589836407,23.90734078192967,22.982820891968686,2092.8320831011056,1431.6142643623414,661.2178187387642,0.5
45,20,W3,81.22934368315711,83.76420463026845,79.84130911170774,58.246522791188426,60.978098040432045,56.950925991927356,22.982820891968686,22.786106589836407,22.890383119780388,2092.8320831011056,1431.6142643623414,661.2178187387642,0.5
45,21,W3,79.84130911170774,81.22934368315711,78.96169210201221,56.950925991927356,58.246522791188426,55.707720889720086,22.890383119780388,22.982820891968686,23.25397121229212,2092.8320831011056,1431.6142643623414,661.2178187387642,0.5
45,22,W3,78.96169210201221,79.84130911170774,78.7795146328466,55.707720889720086,56.950925991927356,55.21489163930685,23.25397121229212,22.890383119780388,23.56462299353975,2092.8320831011056,1431.6142643623414,661.2178187387642,0.5
45,23,W3,78.7795146328466,78.96169210201221,78.26907729776165,55.21489163930685,55.707720889720086,54.64449778761056,23.56462299353975,23.25397121229212,23.624579510151094,2092.8320831011056,1431.6142643623414,661.2178187387642,0.5
46,0,W3,79.12100062205134,79.45023103282566,78.11040644832923,72.89456265679281,73.87633131399424,73.12985018371882,6.226437965258526,5.573899718831413,4.980556264610414,2069.90713955482,1922.166653244222,147.74048631059782,0.5
46,1,W3,78.11040644832923,79.12100062205134,76.67314036872388,73.12985018371882,72.89456265679281,73.28847370428343,4.980556264610414,6.226437965258526,3.384666664440445,2069.90713955482,1922.166653244222,147.74048631059782,0.5
46,2,W3,76.67314036872388,78.11040644832923,79.62925093142307,73.28847370428343,73.12985018371882,70.37962571349777,3.384666664440445,4.980556264610414,9.2496252179253,2069.90713955482,1922.166653244222,147.74048631059782,0.5
46,3,W3,79.62925093142307,76.67314036872388,85.40514633520449,70.37962571349777,73.28847370428343,73.02724806575482,9.2496252179253,3.384666664440445,12.377898269449673,2069.90713955482,1922.166653244222,147.74048631059782,0.5
46,4,W3,85.40514633520449,79.62925093142307,88.28432312793387,73.02724806575482,70.37962571349777,71.46649666857047,12.377898269449673,9.2496252179253,16.817826459363403,2069.90713955482,1922.166653244222,147.74048631059782,0.5
46,5,W3,88.28432312793387,85.40514633520449,91.12522298653839,71.46649666857047,73.02724806575482,72.79353960941728,16.817826459363403,12.377898269449673,18.33168337712111,2069.90713955482,1922.166653244222,147.74048631059782,0.5
46,6,W3,91.12522298653839,88.28432312793387,88.08977762996729,72.79353960941728,71.46649666857047,75.32270209373468,18.33168337712111,16.817826459363403,12.76707553623261,2069.90713955482,1922.166653244222,147.74048631059782,0.5
46,7,W3,88.08977762996729,91.12522298653839,90.59774289905023,75.32270209373468,72.79353960941728,78.41944758853094,12.76707553623261,18.33168337712111,12.178295310519289,2069.90713955482,1922.166653244222,147.74048631059782,0.5
46,8,W3,90.59774289905023,88.08977762996729,87.81363406700379,78.41944758853094,75.32270209373468,78.93692412578315,12.178295310519289,12.76707553623261,8.87670994122064,2069.90713955482,1922.166653244222,147.74048631059782,0.5
46,9,W3,87.81363406700379,90.59774289905023,83.45576038856815,78.93692412578315,78.41944758853094,84.37540849664921,8.87670994122064,12.178295310519289,-0.9196481080810628,2069.90713955482,1922.166653244222,147.74048631059782,0.5
46,10,W3,83.45576038856815,87.81363406700379,84.6198744943792,84.37540849664921,78.93692412578315,88.69401615788004,-0.9196481080810628,8.87670994122064,-4.074141663500839,2069.90713955482,1922.166653244222,147.74048631059782,9.99
46,11,W3,84.6198744943792,83.45576038856815,87.59982364763573,88.69401615788004,84.37540849664921,91.98349671144116,-4.074141663500839,-0.9196481080810628,-4.383673063805432,2069.90713955482,1922.166653244222,147.74048631059782,9.99
46,12,W3,87.59982364763573,84.6198744943792,93.27603931834972,91.98349671144116,88.69401615788004,94.34394925075931,-4.383673063805432,-4.074141663500839,-1.0679099324095915,2069.90713955482,1922.166653244222,147.74048631059782,9.99
46,13,W3,93.27603931834972,87.59982364763573,99.3697285223094,94.34394925075931,91.98349671144116,94.07391139253363,-1.0679099324095915,-4.383673063805432,5.29581712977577,2069.90713955482,1922.166653244222,147.74048631059782,9.99
46,14,W3,99.3697285223094,93.27603931834972,97.8903898742502,94.07391139253363,94.34394925075931,93.82012872943984,5.29581712977577,-1.0679099324095915,4.07026114481036,2069.90713955482,1922.166653244222,147.74048631059782,0.5
46,15,W3,97.8903898742502,99.3697285223094,95.65058614357167,93.82012872943984,94.07391139253363,91.36721642220755,4.07026114481036,5.29581712977577,4.283369721364124,2069.90713955482,1922.166653244222,147.74048631059782,0.5
46,16,W3,95.65058614357167,97.8903898742502,91.07474345839287,91.36721642220755,93.82012872943984,84.67637534389667,4.283369721364124,4.07026114481036,6.398368114496208,2069.90713955482,1922.166653244222,147.74048631059782,0.5
46,17,W3,91.07474345839287,95.65058614357167,85.93967217526244,84.67637534389667,91.36721642220755,81.140612956566,6.398368114496208,4.283369721364124,4.799059218696442,2069.90713955482,1922.166653244222,147.74048631059782,0.5
46,18,W3,85.93967217526244,91.07474345839287,83.21173426100641,81.140612956566,84.67637534389667,80.79643276818084,4.799059218696442,6.398368114496208,2.415301492825577,2069.90713955482,1922.166653244222,147.74048631059782,0.5
46,19,W3,83.21173426100641,85.93967217526244,82.81936363450171,80.79643276818084,81.140612956566,76.31684576364556,2.415301492825577,4.799059218696442,6.502517870856153,2069.90713955482,1922.166653244222,147.74048631059782,0.5
46,20,W3,82.81936363450171,83.21173426100641,81.33666504068984,76.31684576364556,80.79643276818084,73.10808239857738,6.502517870856153,2.415301492825577,8.228582642112457,2069.90713955482,1922.166653244222,147.74048631059782,0.5
46,21,W3,81.33666504068984,82.81936363450171,79.36288214685113,73.10808239857738,76.31684576364556,73.93497512836637,8.228582642112457,6.502517870856153,5.42790701848476,2069.90713955482,1922.166653244222,147.74048631059782,0.5
46,22,W3,79.36288214685113,81.33666504068984,79.45023103282566,73.93497512836637,73.10808239857738,73.87633131399424,5.42790701848476,8.228582642112457,5.573899718831413,2069.90713955482,1922.166653244222,147.74048631059782,0.5
46,23,W3,79.45023103282566,79.36288214685113,79.12100062205134,73.87633131399424,73.93497512836637,72.89456265679281,5.573899718831413,5.42790701848476,6.226437965258526,2069.90713955482,1922.166653244222,147.74048631059782,0.5
47,0,W3,86.4895601438743,90.30591726797799,90.3666792041449,91.52347329440522,91.7647669514781,92.13620380615994,-5.033913150530921,-1.4588496835001052,-1.7695246020150392,2344.391821224666,2442.051113468213,-97.65929224354704,9.99
47,1,W3,90.3666792041449,86.4895601438743,92.39118020895587,92.13620380615994,91.52347329440522,92.16532480170517,-1.7695246020150392,-5.033913150530921,0.2258554072507053,2344.391821224666,2442.051113468213,-97.65929224354704,9.99
47,2,W3,92.39118020895587,90.3666792041449,93.93474648151701,92.16532480170517,92.13620380615994,91.07408170980031,0.2258554072507053,-1.7695246020150392,2.8606647717166993,2344.391821224666,2442.051113468213,-97.65929224354704,0.5
47,3,W3,93.93474648151701,92.39118020895587,93.43120572833183,91.07408170980031,92.16532480170517,92.46953852331659,2.8606647717166993,0.2258554072507053,0.9616672050152459,2344.391821224666,2442.051113468213,-97.65929224354704,0.5
47,4,W3,93.43120572833183,93.93474648151701,98.27862424745757,92.46953852331659,91.07408170980031,93.43817874503648,0.9616672050152459,2.8606647717166993,4.84044550242109,2344.391821224666,2442.051113468213,-97.65929224354704,0.5
47,5,W3,98.27862424745757,93.43120572833183,102.20503969536574,93.43817874503648,92.46953852331659,93.29916463846901,4.84044550242109,0.9616672050152459,8.905875056896733,2344.391821224666,2442.051113468213,-97.65929224354704,0.5
47,6,W3,102.20503969536574,98.27862424745757,103.98080668930187,93.29916463846901,93.43817874503648,94.60534009470899,8.905875056896733,4.84044550242109,9.37546659459288,2344.391821224666,2442.051113468213,-97.65929224354704,0.5
47,7,W3,103.98080668930187,102.20503969536574,102.59816214828777,94.60534009470899,93.29916463846901,98.90844276209265,9.37546659459288,8.905875056896733,3.6897193861951223,2344.391821224666,2442.051113468213,-97.65929224354704,0.5
47,8,W3,102.59816214828777,103.98080668930187,101.81891711733024,98.90844276209265,94.60534009470899,103.65307523302366,3.6897193861951223,9.37546659459288,-1.8341581156934126,2344.391821224666,2442.051113468213,-97.65929224354704,0.5
47,9,W3,101.81891711733024,102.59816214828777,98.60634121210376,103.65307523302366,98.90844276209265,108.83326532204215,-1.8341581156934126,3.6897193861951223,-10.226924109938395,2344.391821224666,2442.051113468213,-97.65929224354704,9.99
47,10,W3,98.60634121210376,101.81891711733024,100.1229131109628,108.83326532204215,103.65307523302366,110.84891671833361,-10.226924109938395,-1.8341581156934126,-10.726003607370814,2344.391821224666,2442.051113468213,-97.65929224354704,9.99
47,11,W3,100.1229131109628,98.60634121210376,100.30885904770899,110.84891671833361,108.83326532204215,113.40030706631467,-10.726003607370814,-10.226924109938395,-13.091448018605675,2344.391821224666,2442.051113468213,-97.65929224354704,9.99
47,12,W3,100.30885904770899,100.1229131109628,104.09250413230096,113.40030706631467,110.84891671833361,116.5704526839375,-13.091448018605675,-10.726003607370814,-12.477948551636544,2344.391821224666,2442.051113468213,-97.65929224354704,9.99
47,13,W3,104.09250413230096,100.30885904770899,108.36086310395375,116.5704526839375,113.40030706631467,118.19821243254404,-12.477948551636544,-13.091448018605675,-9.837349328590292,2344.391821224666,2442.051113468213,-97.65929224354704,9.99
47,14,W3,108.36086310395375,104.09250413230096,107.77699006649767,118.19821243254404,116.5704526839375,116.29032412720716,-9.837349328590292,-12.477948551636544,-8.513334060709482,2344.391821224666,2442.051113468213,-97.65929224354704,9.99
47,15,W3,107.77699006649767,108.36086310395375,106.17921221195772,116.29032412720716,118.19821243254404,114.22701379710026,-8.513334060709482,-9.837349328590292,-8.047801585142537,2344.391821224666,2442.051113468213,-97.65929224354704,9.99
47,16,W3,106.17921221195772,107.77699006649767,102.36711025925248,114.22701379710026,116.29032412720716,110.38723585278001,-8.047801585142537,-8.513334060709482,-8.020125593527524,2344.391821224666,2442.051113468213,-97.65929224354704,9.99
47,17,W3,102.36711025925248,106.17921221195772,98.43572905557038,110.38723585278001,114.22701379710026,106.9559668611505,-8.020125593527524,-8.047801585142537,-8.520237805580123,2344.391821224666,2442.051113468213,-97.65929224354704,9.99
47,18,W3,98.43572905557038,102.36711025925248,94.02709808269096,106.9559668611505,110.38723585278001,102.97358411869206,-8.520237805580123,-8.020125593527524,-8.946486036001104,2344.391821224666,2442.051113468213,-97.65929224354704,9.99
47,19,W3,94.02709808269096,98.43572905557038,92.62318849493003,102.97358411869206,106.9559668611505,98.93872026870721,-8.946486036001104,-8.520237805580123,-6.315531773777181,2344.391821224666,2442.051113468213,-97.65929224354704,9.99
47,20,W3,92.62318849493003,94.02709808269096,88.36709567225917,98.93872026870721,102.97358411869206,96.1833351771943,-6.315531773777181,-8.946486036001104,-7.816239504935126,2344.391821224666,2442.051113468213,-97.65929224354704,9.99
47,21,W3,88.36709567225917,92.62318849493003,87.32307784193213,96.1833351771943,98.93872026870721,93.2061884820132,-7.816239504935126,-6.315531773777181,-5.883110640081071,2344.391821224666,2442.051113468213,-97.65929224354704,9.99
47,22,W3,87.32307784193213,88.36709567225917,90.30591726797799,93.2061884820132,96.1833351771943,91.7647669514781,-5.883110640081071,-7.816239504935126,-1.4588496835001052,2344.391821224666,2442.051113468213,-97.65929224354704,9.99
47,23,W3,90.30591726797799,87.32307784193213,86.4895601438743,91.7647669514781,93.2061884820132,91.52347329440522,-1.4588496835001052,-5.883110640081071,-5.033913150530921,2344.391821224666,2442.051113468213,-97.65929224354704,9.99
48,0,W3,89.50547582629424,87.70299791992777,91.58585243498466,42.30433295402253,42.309304629384464,42.076309096830315,47.20114287227172,45.393693290543304,49.509543338154344,2427.609238902988,1112.571390309341,1315.0378485936471,0.5
48,1,W3,91.58585243498466,89.50547582629424,92.41631309953866,42.076309096830315,42.30433295402253,41.82521250307007,49.509543338154344,47.20114287227172,50.591100596468586,2427.609238902988,1112.571390309341,1315.0378485936471,0.5
48,2,W3,92.41631309953866,91.58585243498466,93.72895379156738,41.82521250307007,42.076309096830315,41.76283440185289,50.591100596468586,49.509543338154344,51.966119389714486,2427.609238902988,1112.571390309341,1315.0378485936471,0.5
48,3,W3,93.72895379156738,92.41631309953866,98.41819435603671,41.76283440185289,41.82521250307007,41.87079337362648,51.966119389714486,50.591100596468586,56.547400982410224,2427.609238902988,1112.571390309341,1315.0378485936471,0.5
48,4,W3,98.41819435603671,93.72895379156738,103.37162889104208,41.87079337362648,41.76283440185289,42.06209312227202,56.547400982410224,51.966119389714486,61.30953576877006,2427.609238902988,1112.571390309341,1315.0378485936471,0.5
48,5,W3,103.37162889104208,98.41819435603671,108.22401115525709,42.06209312227202,41.87079337362648,42.60368737474157,61.30953576877006,56.547400982410224,65.62032378051552,2427.609238902988,1112.571390309341,1315.0378485936471,0.5
48,6,W3,108.22401115525709,103.37162889104208,110.79429881611506,42.60368737474157,42.06209312227202,43.808103630874704,65.62032378051552,61.30953576877006,66.98619518524035,2427.609238902988,1112.571390309341,1315.0378485936471,0.5
48,7,W3,110.79429881611506,108.22401115525709,109.76587990247934,43.808103630874704,42.60368737474157,44.754172896786166,66.98619518524035,65.62032378051552,65.01170700569318,2427.609238902988,1112.571390309341,1315.0378485936471,0.5
48,8,W3,109.76587990247934,110.79429881611506,105.00193935634758,44.754172896786166,43.808103630874704,46.461411575210484,65.01170700569318,66.98619518524035,58.540527781137094,2427.609238902988,1112.571390309341,1315.0378485936471,0.5
48,9,W3,105.00193935634758,109.76587990247934,102.41806345239863,46.461411575210484,44.754172896786166,48.26127390949025,58.540527781137094,65.01170700569318,54.15678954290838,2427.609238902988,1112.571390309341,1315.0378485936471,0.5
48,10,W3,102.41806345239863,105.00193935634758,102.88881460975456,48.26127390949025,46.461411575210484,50.08800615274855,54.15678954290838,58.540527781137094,52.80080845700601,2427.609238902988,1112.571390309341,1315.0378485936471,0.5
48,11,W3,102.88881460975456,102.41806345239863,106.64693294636803,50.08800615274855,48.26127390949025,51.99410655102818,52.80080845700601,54.15678954290838,54.652826395339844,2427.609238902988,1112.571390309341,1315.0378485936471,0.5
48,12,W3,106.64693294636803,102.88881460975456,111.4419305036023,51.99410655102818,50.08800615274855,53.090928213681686,54.652826395339844,52.80080845700601,58.35100228992061,2427.609238902988,1112.571390309341,1315.0378485936471,0.5
48,13,W3,111.4419305036023,106.64693294636803,114.37297761030396,53.090928213681686,51.99410655102818,53.27241616127576,58.35100228992061,54.652826395339844,61.100561449028206,2427.609238902988,1112.571390309341,1315.0378485936471,0.5
48,14,W3,114.37297761030396,111.4419305036023,113.70612839234661,53.27241616127576,53.090928213681686,52.65585493271212,61.100561449028206,58.35100228992061,61.0502734596345,2427.609238902988,1112.571390309341,1315.0378485936471,0.5
48,15,W3,113.70612839234661,114.37297761030396,110.77123510883075,52.65585493271212,53.27241616127576,51.76927952268326,61.0502734596345,61.100561449028206,59.00195558614749,2427.609238902988,1112.571390309341,1315.0378485936471,0.5
48,16,W3,110.77123510883075,113.70612839234661,104.92014394755445,51.76927952268326,52.65585493271212,50.492206982245044,59.00195558614749,61.0502734596345,54.42793696530941,2427.609238902988,1112.571390309341,1315.0378485936471,0.5
48,17,W3,104.92014394755445,110.77123510883075,99.11517730642649,50.492206982245044,51.76927952268326,49.09710270010202,54.42793696530941,59.00195558614749,50.01807460632447,2427.609238902988,1112.571390309341,1315.0378485936471,0.5
48,18,W3,99.11517730642649,104.92014394755445,96.3110553288584,49.09710270010202,50.492206982245044,47.035563140765014,50.01807460632447,54.42793696530941,49.27549218809339,2427.609238902988,1112.571390309341,1315.0378485936471,0.5
48,19,W3,96.3110553288584,99.11517730642649,93.02246082997215,47.035563140765014,49.09710270010202,45.6190519167171,49.27549218809339,50.01807460632447,47.40340891325505,2427.609238902988,1112.571390309341,1315.0378485936471,0.5
48,20,W3,93.02246082997215,96.3110553288584,91.50645767713652,45.6190519167171,47.035563140765014,44.158626692686724,47.40340891325505,49.27549218809339,47.3478309844498,2427.609238902988,1112.571390309341,1315.0378485936471,0.5
48,21,W3,91.50645767713652,93.02246082997215,89.97231563984498,44.158626692686724,45.6190519167171,43.19871787453355,47.3478309844498,47.40340891325505,46.77359776531143,2427.609238902988,1112.571390309341,1315.0378485936471,0.5
48,22,W3,89.97231563984498,91.50645767713652,87.70299791992777,43.19871787453355,44.158626692686724,42.309304629384464,46.77359776531143,47.3478309844498,45.393693290543304,2427.609238902988,1112.571390309341,1315.0378485936471,0.5
48,23,W3,87.70299791992777,89.97231563984498,89.50547582629424,42.309304629384464,43.19871787453355,42.30433295402253,45.393693290543304,46.77359776531143,47.20114287227172,2427.609238902988,1112.571390309341,1315.0378485936471,0.5
49,0,W3,87.74531280557444,84.89699707624344,88.96590248905028,45.31831592278226,44.03131299364708,44.84252331466277,42.42699688279218,40.86568408259636,44.12337917438751,2399.1198780249833,1186.9306555971534,1212.18922242783,0.5
49,1,W3,88.96590248905028,87.74531280557444,87.80311526474142,44.84252331466277,45.31831592278226,44.17483513001525,44.12337917438751,42.42699688279218,43.62828013472617,2399.1198780249833,1186.9306555971534,1212.18922242783,0.5
49,2,W3,87.80311526474142,88.96590248905028,91.33235648005812,44.17483513001525,44.84252331466277,44.95223756453638,43.62828013472617,44.12337917438751,46.38011891552174,2399.1198780249833,1186.9306555971534,1212.18922242783,0.5
49,3,W3,91.33235648005812,87.80311526474142,94.59828161675226,44.95223756453638,44.17483513001525,45.59054638441504,46.38011891552174,43.62828013472617,49.00773523233722,2399.1198780249833,1186.9306555971534,1212.18922242783,0.5
49,4,W3,94.59828161675226,91.33235648005812,101.44654617762224,45.59054638441504,44.95223756453638,47.17009527399517,49.00773523233722,46.38011891552174,54.276450903627065,2399.1198780249833,1186.9306555971534,1212.18922242783,0.5
49,5,W3,101.44654617762224,94.59828161675226,103.85397638468174,47.17009527399517,45.59054638441504,45.74056628553749,54.276450903627065,49.00773523233722,58.113410099144254,2399.1198780249833,1186.9306555971534,1212.18922242783,0.5
49,6,W3,103.85397638468174,101.44654617762224,103.40344667590062,45.74056628553749,47.17009527399517,46.922343196043364,58.113410099144254,54.276450903627065,56.48110347985726,2399.1198780249833,1186.9306555971534,1212.18922242783,0.5
49,7,W3,103.40344667590062,103.85397638468174,100.41745574348894,46.922343196043364,45.74056628553749,48.43167018878861,56.48110347985726,58.113410099144254,51.985785554700335,2399.1198780249833,1186.9306555971534,1212.18922242783,0.5
49,8,W3,100.41745574348894,103.40344667590062,99.14981917116994,48.43167018878861,46.922343196043364,50.55855691748522,51.985785554700335,56.48110347985726,48.59126225368472,2399.1198780249833,1186.9306555971534,1212.18922242783,0.5
49,9,W3,99.14981917116994,100.41745574348894,105.2055171784972,50.55855691748522,48.43167018878861,52.39172954182196,48.59126225368472,51.985785554700335,52.813787636675244,2399.1198780249833,1186.9306555971534,1212.18922242783,0.5
49,10,W3,105.2055171784972,99.14981917116994,101.8222992710427,52.39172954182196,50.55855691748522,52.84098095729834,52.813787636675244,48.59126225368472,48.98131831374435,2399.1198780249833,1186.9306555971534,1212.18922242783,0.5
49,11,W3,101.8222992710427,105.2055171784972,104.05843829376258,52.84098095729834,52.39172954182196,55.61318490991263,48.98131831374435,52.813787636675244,48.445253383849945,2399.1198780249833,1186.9306555971534,1212.18922242783,0.5
49,12,W3,104.05843829376258,101.8222992710427,111.93753008450528,55.61318490991263,52.84098095729834,57.41640651223633,48.445253383849945,48.98131831374435,54.521123572268955,2399.1198780249833,1186.9306555971534,1212.18922242783,0.5
49,13,W3,111.93753008450528,104.05843829376258,115.77180840905868,57.41640651223633,55.61318490991263,58.324297741466424,54.521123572268955,48.445253383849945,57.447510667592255,2399.1198780249833,1186.9306555971534,1212.18922242783,0.5
49,14,W3,115.77180840905868,111.93753008450528,117.63773175985854,58.324297741466424,57.41640651223633,56.13169346852388,57.447510667592255,54.521123572268955,61.50603829133466,2399.1198780249833,1186.9306555971534,1212.18922242783,0.5
49,15,W3,117.63773175985854,115.77180840905868,114.29170922875329,56.13169346852388,58.324297741466424,55.76447143200055,61.50603829133466,57.447510667592255,58.52723779675274,2399.1198780249833,1186.9306555971534,1212.18922242783,0.5
49,16,W3,114.29170922875329,117.63773175985854,109.64580504216113,55.76447143200055,56.13169346852388,53.35479017369735,58.52723779675274,61.50603829133466,56.291014868463776,2399.1198780249833,1186.9306555971534,1212.18922242783,0.5
49,17,W3,109.64580504216113,114.29170922875329,103.79772277222636,53.35479017369735,55.76447143200055,51.35741072195466,56.291014868463776,58.52723779675274,52.44031205027171,2399.1198780249833,1186.9306555971534,1212.18922242783,0.5
49,18,W3,103.79772277222636,109.64580504216113,96.62275111831453,51.35741072195466,53.35479017369735,48.301865676923406,52.44031205027171,56.291014868463776,48.32088544139112,2399.1198780249833,1186.9306555971534,1212.18922242783,0.5
49,19,W3,96.62275111831453,103.79772277222636,93.95883137895031,48.301865676923406,51.35741072195466,46.71881058376998,48.32088544139112,52.44031205027171,47.24002079518033,2399.1198780249833,1186.9306555971534,1212.18922242783,0.5
49,20,W3,93.95883137895031,96.62275111831453,90.07731356155692,46.71881058376998,48.301865676923406,45.4523948525911,47.24002079518033,48.32088544139112,44.62491870896582,2399.1198780249833,1186.9306555971534,1212.18922242783,0.5
49,21,W3,90.07731356155692,93.95883137895031,90.67921004101234,45.4523948525911,46.71881058376998,45.52961585304824,44.62491870896582,47.24002079518033,45.1495941879641,2399.1198780249833,1186.9306555971534,1212.18922242783,0.5
49,22,W3,90.67921004101234,90.07731356155692,84.89699707624344,45.52961585304824,45.4523948525911,44.03131299364708,45.1495941879641,44.62491870896582,40.86568408259636,2399.1198780249833,1186.9306555971534,1212.18922242783,0.5
49,23,W3,84.89699707624344,90.67921004101234,87.74531280557444,44.03131299364708,45.52961585304824,45.31831592278226,40.86568408259636,45.1495941879641,42.42699688279218,2399.1198780249833,1186.9306555971534,1212.18922242783,0.5
