scenario_id,time_id,generator_name,demand,previous_demand,next_demand,total_wind_generation_capacity,previous_wind_generation_capacity,next_wind_generation_capacity,residual_demand,previous_residual_demand,next_residual_demand,total_demand_over_horizon,total_wind_over_horizon,total_residual_over_horizon,target_bid_G2_B1,target_bid_G2_B2
0,0,G2,0.3514616533699638,0.25335493858463476,0.36395110937230424,0.1048792412706235,0.1003146195093852,0.0785874562828404,0.6891672493228257,0.6332343818352195,0.7168414487100819,0.4876972975138782,0.07957909287853733,0.7802284946213093,30.0,40.0
0,1,G2,0.36395110937230424,0.3514616533699638,0.352367404367207,0.0785874562828404,0.1048792412706235,0.11665205213492597,0.7168414487100819,0.6891672493228257,0.6807114574256534,0.4876972975138782,0.07957909287853733,0.7802284946213093,49.99,49.99
0,2,G2,0.352367404367207,0.36395110937230424,0.39598813874219935,0.11665205213492597,0.0785874562828404,0.07995684235031886,0.6807114574256534,0.7168414487100819,0.7351991900387863,0.4876972975138782,0.07957909287853733,0.7802284946213093,30.0,40.0
0,3,G2,0.39598813874219935,0.352367404367207,0.446135689429205,0.07995684235031886,0.11665205213492597,0.10252528544344212,0.7351991900387863,0.6807114574256534,0.7483125744523565,0.4876972975138782,0.07957909287853733,0.7802284946213093,49.99,49.99
0,4,G2,0.446135689429205,0.39598813874219935,0.5044516318407649,0.10252528544344212,0.07995684235031886,0.13311766467324684,0.7483125744523565,0.7351991900387863,0.7602365332252241,0.4876972975138782,0.07957909287853733,0.7802284946213093,49.99,49.99
0,5,G2,0.5044516318407649,0.446135689429205,0.5484750350597704,0.13311766467324684,0.10252528544344212,0.10505804944747853,0.7602365332252241,0.7483125744523565,0.8083632468848395,0.4876972975138782,0.07957909287853733,0.7802284946213093,49.99,49.99
0,6,G2,0.5484750350597704,0.5044516318407649,0.5825356840880843,0.10505804944747853,0.13311766467324684,0.106104914767714,0.8083632468848395,0.7602365332252241,0.8281933920673238,0.4876972975138782,0.07957909287853733,0.7802284946213093,49.99,49.99
0,7,G2,0.5825356840880843,0.5484750350597704,0.534751827213716,0.106104914767714,0.10505804944747853,0.12864690195816367,0.8281933920673238,0.8083632468848395,0.782009086097339,0.4876972975138782,0.07957909287853733,0.7802284946213093,49.99,49.99
0,8,G2,0.534751827213716,0.5825356840880843,0.4870395566772798,0.12864690195816367,0.106104914767714,0.13845398428555764,0.782009086097339,0.8281933920673238,0.745608409821099,0.4876972975138782,0.07957909287853733,0.7802284946213093,49.99,49.99
0,9,G2,0.4870395566772798,0.534751827213716,0.4396763021004639,0.13845398428555764,0.12864690195816367,0.14274264692376196,0.745608409821099,0.782009086097339,0.7136398890489387,0.4876972975138782,0.07957909287853733,0.7802284946213093,49.99,49.99
0,10,G2,0.4396763021004639,0.4870395566772798,0.46931457895236794,0.14274264692376196,0.13845398428555764,0.1562947491050555,0.7136398890489387,0.745608409821099,0.7212267559946629,0.4876972975138782,0.07957909287853733,0.7802284946213093,49.99,49.99
0,11,G2,0.46931457895236794,0.4396763021004639,0.5175638136338633,0.1562947491050555,0.14274264692376196,0.1737043137132584,0.7212267559946629,0.7136398890489387,0.7371360724929986,0.4876972975138782,0.07957909287853733,0.7802284946213093,49.99,49.99
0,12,G2,0.5175638136338633,0.46931457895236794,0.5696284456863451,0.1737043137132584,0.1562947491050555,0.18438054492512534,0.7371360724929986,0.7212267559946629,0.7605063871428883,0.4876972975138782,0.07957909287853733,0.7802284946213093,49.99,49.99
0,13,G2,0.5696284456863451,0.5175638136338633,0.5888559696127883,0.18438054492512534,0.1737043137132584,0.20915621049641872,0.7605063871428883,0.7371360724929986,0.7532030459989749,0.4876972975138782,0.07957909287853733,0.7802284946213093,49.99,49.99
0,14,G2,0.5888559696127883,0.5696284456863451,0.5907176642509282,0.20915621049641872,0.18438054492512534,0.20889864773174602,0.7532030459989749,0.7605063871428883,0.7545276874300557,0.4876972975138782,0.07957909287853733,0.7802284946213093,49.99,49.99
0,15,G2,0.5907176642509282,0.5888559696127883,0.5627447056365239,0.20889864773174602,0.20915621049641872,0.17698047966367184,0.7545276874300557,0.7532030459989749,0.7619967712128637,0.4876972975138782,0.07957909287853733,0.7802284946213093,49.99,49.99
0,16,G2,0.5627447056365239,0.5907176642509282,0.5004491476492977,0.17698047966367184,0.20889864773174602,0.16877226315275798,0.7619967712128637,0.7545276874300557,0.7305418370400532,0.4876972975138782,0.07957909287853733,0.7802284946213093,49.99,49.99
0,17,G2,0.5004491476492977,0.5627447056365239,0.48267270933547657,0.16877226315275798,0.17698047966367184,0.18323067915803692,0.7305418370400532,0.7619967712128637,0.7087159965191103,0.4876972975138782,0.07957909287853733,0.7802284946213093,49.99,49.99
0,18,G2,0.48267270933547657,0.5004491476492977,0.4535116998124876,0.18323067915803692,0.16877226315275798,0.12317902869251768,0.7087159965191103,0.7305418370400532,0.7369833109960847,0.4876972975138782,0.07957909287853733,0.7802284946213093,49.99,49.99
0,19,G2,0.4535116998124876,0.48267270933547657,0.317871763672955,0.12317902869251768,0.18323067915803692,0.10856143805916227,0.7369833109960847,0.7087159965191103,0.6660052325596802,0.4876972975138782,0.07957909287853733,0.7802284946213093,49.99,49.99
0,20,G2,0.317871763672955,0.4535116998124876,0.24726624432581082,0.10856143805916227,0.12317902869251768,0.12150713789827847,0.6660052325596802,0.7369833109960847,0.613337345741315,0.4876972975138782,0.07957909287853733,0.7802284946213093,30.0,40.0
0,21,G2,0.24726624432581082,0.317871763672955,0.2530395139721487,0.12150713789827847,0.10856143805916227,0.1001662984738756,0.613337345741315,0.6660052325596802,0.6331567694189889,0.4876972975138782,0.07957909287853733,0.7802284946213093,30.0,40.0
0,22,G2,0.2530395139721487,0.24726624432581082,0.25335493858463476,0.1001662984738756,0.12150713789827847,0.1003146195093852,0.6331567694189889,0.613337345741315,0.6332343818352195,0.4876972975138782,0.07957909287853733,0.7802284946213093,30.0,40.0
0,23,G2,0.25335493858463476,0.2530395139721487,0.3514616533699638,0.1003146195093852,0.1001662984738756,0.1048792412706235,0.6332343818352195,0.6331567694189889,0.6891672493228257,0.4876972975138782,0.07957909287853733,0.7802284946213093,30.0,40.0
1,0,G2,0.31064601778700196,0.2682559493220179,0.31829089354286216,0.4139385344052305,0.4313936300584448,0.3883958763113807,0.4280614079083936,0.38903486747760163,0.4522282335591618,0.414793481810794,0.600321401309761,0.39526340454470166,30.0,40.0
1,1,G2,0.31829089354286216,0.31064601778700196,0.29739974845052763,0.3883958763113807,0.4139385344052305,0.3964175975803928,0.4522282335591618,0.4280614079083936,0.4334388818809293,0.414793481810794,0.600321401309761,0.39526340454470166,30.0,40.0
1,2,G2,0.29739974845052763,0.31829089354286216,0.2803215741109709,0.3964175975803928,0.3883958763113807,0.44492149911295614,0.4334388818809293,0.4522282335591618,0.38599635733875737,0.414793481810794,0.600321401309761,0.39526340454470166,30.0,40.0
1,3,G2,0.2803215741109709,0.29739974845052763,0.3839126518558086,0.44492149911295614,0.3964175975803928,0.4357859306518673,0.38599635733875737,0.4334388818809293,0.45572971827352293,0.414793481810794,0.600321401309761,0.39526340454470166,30.0,40.0
1,4,G2,0.3839126518558086,0.2803215741109709,0.43040584592876385,0.4357859306518673,0.44492149911295614,0.4512565774747689,0.45572971827352293,0.38599635733875737,0.47205836314767696,0.414793481810794,0.600321401309761,0.39526340454470166,30.0,40.0
1,5,G2,0.43040584592876385,0.3839126518558086,0.45702671331334493,0.4512565774747689,0.4357859306518673,0.4287234416013464,0.47205836314767696,0.45572971827352293,0.5054172881225585,0.414793481810794,0.600321401309761,0.39526340454470166,30.0,40.0
1,6,G2,0.45702671331334493,0.43040584592876385,0.486258420000275,0.4287234416013464,0.4512565774747689,0.47645990351737655,0.5054172881225585,0.47205836314767696,0.4866120454868412,0.414793481810794,0.600321401309761,0.39526340454470166,30.0,40.0
1,7,G2,0.486258420000275,0.45702671331334493,0.466560461987904,0.47645990351737655,0.4287234416013464,0.5170574481476098,0.4866120454868412,0.5054172881225585,0.44362985759687684,0.414793481810794,0.600321401309761,0.39526340454470166,30.0,40.0
1,8,G2,0.466560461987904,0.486258420000275,0.4530120785985655,0.5170574481476098,0.47645990351737655,0.5191579231287211,0.44362985759687684,0.4866120454868412,0.43381693666636123,0.414793481810794,0.600321401309761,0.39526340454470166,30.0,40.0
1,9,G2,0.4530120785985655,0.466560461987904,0.4179385758883085,0.5191579231287211,0.5170574481476098,0.5415442501946727,0.43381693666636123,0.44362985759687684,0.3954504617015166,0.414793481810794,0.600321401309761,0.39526340454470166,30.0,40.0
1,10,G2,0.4179385758883085,0.4530120785985655,0.4213071391652088,0.5415442501946727,0.5191579231287211,0.5729682261315073,0.3954504617015166,0.43381693666636123,0.3734562586555516,0.414793481810794,0.600321401309761,0.39526340454470166,30.0,40.0
1,11,G2,0.4213071391652088,0.4179385758883085,0.44474726083735133,0.5729682261315073,0.5415442501946727,0.5881604068400638,0.3734562586555516,0.3954504617015166,0.3760344367175655,0.414793481810794,0.600321401309761,0.39526340454470166,30.0,40.0
1,12,G2,0.44474726083735133,0.4213071391652088,0.521267115029114,0.5881604068400638,0.5729682261315073,0.6423615923621364,0.3760344367175655,0.3734562586555516,0.3809275135925282,0.414793481810794,0.600321401309761,0.39526340454470166,30.0,40.0
1,13,G2,0.521267115029114,0.44474726083735133,0.5313776298618308,0.6423615923621364,0.5881604068400638,0.6664885954708275,0.3809275135925282,0.3760344367175655,0.3685980472252305,0.414793481810794,0.600321401309761,0.39526340454470166,30.0,40.0
1,14,G2,0.5313776298618308,0.521267115029114,0.5597024959590041,0.6664885954708275,0.6423615923621364,0.6715817739932161,0.3685980472252305,0.3809275135925282,0.3818591622218081,0.414793481810794,0.600321401309761,0.39526340454470166,30.0,40.0
1,15,G2,0.5597024959590041,0.5313776298618308,0.5692964424041742,0.6715817739932161,0.6664885954708275,0.6557181563225487,0.3818591622218081,0.3685980472252305,0.39980356057604083,0.414793481810794,0.600321401309761,0.39526340454470166,30.0,40.0
1,16,G2,0.5692964424041742,0.5597024959590041,0.4583628907268371,0.6557181563225487,0.6715817739932161,0.5858578607043983,0.39980356057604083,0.3818591622218081,0.3860426432129171,0.414793481810794,0.600321401309761,0.39526340454470166,30.0,40.0
1,17,G2,0.4583628907268371,0.5692964424041742,0.3291910643032592,0.5858578607043983,0.6557181563225487,0.5533218051957534,0.3860426432129171,0.39980356057604083,0.3326872622143704,0.414793481810794,0.600321401309761,0.39526340454470166,30.0,40.0
1,18,G2,0.3291910643032592,0.4583628907268371,0.3136344446059416,0.5533218051957534,0.5858578607043983,0.5117277231642475,0.3326872622143704,0.3860426432129171,0.35507763847495055,0.414793481810794,0.600321401309761,0.39526340454470166,30.0,40.0
1,19,G2,0.3136344446059416,0.3291910643032592,0.3589253615029584,0.5117277231642475,0.5533218051957534,0.5015220845051184,0.35507763847495055,0.3326872622143704,0.39031651439976645,0.414793481810794,0.600321401309761,0.39526340454470166,30.0,40.0
1,20,G2,0.3589253615029584,0.3136344446059416,0.29699099877829843,0.5015220845051184,0.5117277231642475,0.46888049518146274,0.39031651439976645,0.35507763847495055,0.37776818091575864,0.414793481810794,0.600321401309761,0.39526340454470166,30.0,40.0
1,21,G2,0.29699099877829843,0.3589253615029584,0.2485669408737001,0.46888049518146274,0.5015220845051184,0.45007061131740794,0.37776818091575864,0.39031651439976645,0.362824004114057,0.414793481810794,0.600321401309761,0.39526340454470166,30.0,40.0
1,22,G2,0.2485669408737001,0.29699099877829843,0.2682559493220179,0.45007061131740794,0.46888049518146274,0.4313936300584448,0.362824004114057,0.37776818091575864,0.38903486747760163,0.414793481810794,0.600321401309761,0.39526340454470166,30.0,40.0
1,23,G2,0.2682559493220179,0.2485669408737001,0.31064601778700196,0.4313936300584448,0.45007061131740794,0.4139385344052305,0.38903486747760163,0.362824004114057,0.4280614079083936,0.414793481810794,0.600321401309761,0.39526340454470166,30.0,40.0
2,0,G2,0.5124218184335555,0.5021175996643686,0.5225569648697402,0.41867086185161717,0.426529600430867,0.407787887864311,0.5466592939466304,0.5344071947830545,0.5611220655372576,0.7968928777266121,0.5713805182679759,0.6047675459055124,30.0,40.0
2,1,G2,0.5225569648697402,0.5124218184335555,0.5113306470321847,0.407787887864311,0.41867086185161717,0.40377882886298166,0.5611220655372576,0.5466592939466304,0.5573885065187658,0.7968928777266121,0.5713805182679759,0.6047675459055124,30.0,40.0
2,2,G2,0.5113306470321847,0.5225569648697402,0.5995373356565741,0.40377882886298166,0.407787887864311,0.4105926354952028,0.5573885065187658,0.5611220655372576,0.6056045550255361,0.7968928777266121,0.5713805182679759,0.6047675459055124,30.0,40.0
2,3,G2,0.5995373356565741,0.5113306470321847,0.6251818351839543,0.4105926354952028,0.40377882886298166,0.41444128556608767,0.6056045550255361,0.5573885065187658,0.6181940234966142,0.7968928777266121,0.5713805182679759,0.6047675459055124,30.0,40.0
2,4,G2,0.6251818351839543,0.5995373356565741,0.6876370611316525,0.41444128556608767,0.4105926354952028,0.41358471139484415,0.6181940234966142,0.6056045550255361,0.6566788589175494,0.7968928777266121,0.5713805182679759,0.6047675459055124,30.0,40.0
2,5,G2,0.6876370611316525,0.6251818351839543,0.7638920419331993,0.41358471139484415,0.41444128556608767,0.43150940176694164,0.6566788589175494,0.6181940234966142,0.6891575120679935,0.7968928777266121,0.5713805182679759,0.6047675459055124,30.0,40.0
2,6,G2,0.7638920419331993,0.6876370611316525,0.7754661303249967,0.43150940176694164,0.41358471139484415,0.45327714742588743,0.6891575120679935,0.6566788589175494,0.6795190190725726,0.7968928777266121,0.5713805182679759,0.6047675459055124,30.0,40.0
2,7,G2,0.7754661303249967,0.7638920419331993,0.754876391315727,0.45327714742588743,0.43150940176694164,0.4649561812963906,0.6795190190725726,0.6891575120679935,0.6581149427381302,0.7968928777266121,0.5713805182679759,0.6047675459055124,30.0,40.0
2,8,G2,0.754876391315727,0.7754661303249967,0.6966658115730565,0.4649561812963906,0.45327714742588743,0.5056340702910181,0.6581149427381302,0.6795190190725726,0.591743865866666,0.7968928777266121,0.5713805182679759,0.6047675459055124,30.0,40.0
2,9,G2,0.6966658115730565,0.754876391315727,0.661527328226433,0.5056340702910181,0.4649561812963906,0.530145051743846,0.591743865866666,0.6581149427381302,0.5517129934435949,0.7968928777266121,0.5713805182679759,0.6047675459055124,30.0,40.0
2,10,G2,0.661527328226433,0.6966658115730565,0.6469722290214748,0.530145051743846,0.5056340702910181,0.5542887810691836,0.5517129934435949,0.591743865866666,0.524430552116862,0.7968928777266121,0.5713805182679759,0.6047675459055124,30.0,40.0
2,11,G2,0.6469722290214748,0.661527328226433,0.7048146778275198,0.5542887810691836,0.530145051743846,0.5824534298137962,0.524430552116862,0.5517129934435949,0.5379245569191473,0.7968928777266121,0.5713805182679759,0.6047675459055124,30.0,40.0
2,12,G2,0.7048146778275198,0.6469722290214748,0.7845808124619306,0.5824534298137962,0.5542887810691836,0.5995163849634049,0.5379245569191473,0.524430552116862,0.5731890438388032,0.7968928777266121,0.5713805182679759,0.6047675459055124,30.0,40.0
2,13,G2,0.7845808124619306,0.7048146778275198,0.8359439020308638,0.5995163849634049,0.5824534298137962,0.6093550891228966,0.5731890438388032,0.5379245569191473,0.5967750090311245,0.7968928777266121,0.5713805182679759,0.6047675459055124,30.0,40.0
2,14,G2,0.8359439020308638,0.7845808124619306,0.8500364489442451,0.6093550891228966,0.5995163849634049,0.6048317593929745,0.5967750090311245,0.5731890438388032,0.6087706507731604,0.7968928777266121,0.5713805182679759,0.6047675459055124,30.0,40.0
2,15,G2,0.8500364489442451,0.8359439020308638,0.8079461908137257,0.6048317593929745,0.6093550891228966,0.6018123774444598,0.6087706507731604,0.5967750090311245,0.5855855757111191,0.7968928777266121,0.5713805182679759,0.6047675459055124,30.0,40.0
2,16,G2,0.8079461908137257,0.8500364489442451,0.7636635283991691,0.6018123774444598,0.6048317593929745,0.5710886480919894,0.5855855757111191,0.6087706507731604,0.5822621624327677,0.7968928777266121,0.5713805182679759,0.6047675459055124,30.0,40.0
2,17,G2,0.7636635283991691,0.8079461908137257,0.6809342222374359,0.5710886480919894,0.6018123774444598,0.5311829327228014,0.5822621624327677,0.5855855757111191,0.5626741004534374,0.7968928777266121,0.5713805182679759,0.6047675459055124,30.0,40.0
2,18,G2,0.6809342222374359,0.7636635283991691,0.6153377491057551,0.5311829327228014,0.5710886480919894,0.5062910095355133,0.5626741004534374,0.5822621624327677,0.5419802758173875,0.7968928777266121,0.5713805182679759,0.6047675459055124,30.0,40.0
2,19,G2,0.6153377491057551,0.6809342222374359,0.5556197010473355,0.5062910095355133,0.5311829327228014,0.46317952226527936,0.5419802758173875,0.5626741004534374,0.5387822665735648,0.7968928777266121,0.5713805182679759,0.6047675459055124,30.0,40.0
2,20,G2,0.5556197010473355,0.6153377491057551,0.5206818445686886,0.46317952226527936,0.5062910095355133,0.4604280812748685,0.5387822665735648,0.5419802758173875,0.519724530684596,0.7968928777266121,0.5713805182679759,0.6047675459055124,30.0,40.0
2,21,G2,0.5206818445686886,0.5556197010473355,0.48285321129043207,0.4604280812748685,0.46317952226527936,0.4447535281941292,0.519724530684596,0.5387822665735648,0.5088000447336413,0.7968928777266121,0.5713805182679759,0.6047675459055124,30.0,40.0
2,22,G2,0.48285321129043207,0.5206818445686886,0.5021175996643686,0.4447535281941292,0.4604280812748685,0.426529600430867,0.5088000447336413,0.519724530684596,0.5344071947830545,0.7968928777266121,0.5713805182679759,0.6047675459055124,30.0,40.0
2,23,G2,0.5021175996643686,0.48285321129043207,0.5124218184335555,0.426529600430867,0.4447535281941292,0.41867086185161717,0.5344071947830545,0.5088000447336413,0.5466592939466304,0.7968928777266121,0.5713805182679759,0.6047675459055124,30.0,40.0
3,0,G2,0.33865358617207575,0.2818449658223403,0.35439291282970486,0.2843596734660441,0.3063845776068241,0.29787389788462887,0.544134001416402,0.49287880593635486,0.5433311212701485,0.5331271690279833,0.4409672619487021,0.5608476541296781,30.0,40.0
3,1,G2,0.35439291282970486,0.33865358617207575,0.3625873277751632,0.29787389788462887,0.2843596734660441,0.32556115888728393,0.5433311212701485,0.544134001416402,0.5271179992644737,0.5331271690279833,0.4409672619487021,0.5608476541296781,30.0,40.0
3,2,G2,0.3625873277751632,0.35439291282970486,0.44151874576037675,0.32556115888728393,0.29787389788462887,0.3389742497129063,0.5271179992644737,0.5433311212701485,0.564668483082326,0.5331271690279833,0.4409672619487021,0.5608476541296781,30.0,40.0
3,3,G2,0.44151874576037675,0.3625873277751632,0.48014237398248427,0.3389742497129063,0.32556115888728393,0.3391352474256177,0.564668483082326,0.5271179992644737,0.5879400196277508,0.5331271690279833,0.4409672619487021,0.5608476541296781,30.0,40.0
3,4,G2,0.48014237398248427,0.44151874576037675,0.5429764265889325,0.3391352474256177,0.3389742497129063,0.35613433411990797,0.5879400196277508,0.564668483082326,0.6129974434441535,0.5331271690279833,0.4409672619487021,0.5608476541296781,30.0,40.0
3,5,G2,0.5429764265889325,0.48014237398248427,0.6188029352025949,0.35613433411990797,0.3391352474256177,0.34936206740065706,0.6129974434441535,0.5879400196277508,0.6641059906448982,0.5331271690279833,0.4409672619487021,0.5608476541296781,30.0,40.0
3,6,G2,0.6188029352025949,0.5429764265889325,0.6204687707908895,0.34936206740065706,0.35613433411990797,0.3745164877473585,0.6641059906448982,0.6129974434441535,0.6458756886657436,0.5331271690279833,0.4409672619487021,0.5608476541296781,30.0,40.0
3,7,G2,0.6204687707908895,0.6188029352025949,0.6422412382873373,0.3745164877473585,0.34936206740065706,0.3944585291960055,0.6458756886657436,0.6641059906448982,0.643810831258407,0.5331271690279833,0.4409672619487021,0.5608476541296781,30.0,40.0
3,8,G2,0.6422412382873373,0.6204687707908895,0.562427810191471,0.3944585291960055,0.3745164877473585,0.41700958375162867,0.643810831258407,0.6458756886657436,0.5782189937835862,0.5331271690279833,0.4409672619487021,0.5608476541296781,30.0,40.0
3,9,G2,0.562427810191471,0.6422412382873373,0.4953166125397495,0.41700958375162867,0.3944585291960055,0.46690802478463855,0.5782189937835862,0.643810831258407,0.49940441069234676,0.5331271690279833,0.4409672619487021,0.5608476541296781,30.0,40.0
3,10,G2,0.4953166125397495,0.562427810191471,0.4914808879678121,0.46690802478463855,0.41700958375162867,0.45091721633243026,0.49940441069234676,0.5782189937835862,0.5093116194314627,0.5331271690279833,0.4409672619487021,0.5608476541296781,30.0,40.0
3,11,G2,0.4914808879678121,0.4953166125397495,0.5413667028436149,0.45091721633243026,0.46690802478463855,0.4908047602859138,0.5093116194314627,0.49940441069234676,0.509019984812021,0.5331271690279833,0.4409672619487021,0.5608476541296781,30.0,40.0
3,12,G2,0.5413667028436149,0.4914808879678121,0.5651273816507809,0.4908047602859138,0.45091721633243026,0.49901691152123206,0.509019984812021,0.5093116194314627,0.5171309902444334,0.5331271690279833,0.4409672619487021,0.5608476541296781,30.0,40.0
3,13,G2,0.5651273816507809,0.5413667028436149,0.6214406653449255,0.49901691152123206,0.4908047602859138,0.5151179198361997,0.5171309902444334,0.509019984812021,0.5389256199393461,0.5331271690279833,0.4409672619487021,0.5608476541296781,30.0,40.0
3,14,G2,0.6214406653449255,0.5651273816507809,0.5822213806455222,0.5151179198361997,0.49901691152123206,0.5065094540188037,0.5389256199393461,0.5171309902444334,0.5217543198383522,0.5331271690279833,0.4409672619487021,0.5608476541296781,30.0,40.0
3,15,G2,0.5822213806455222,0.6214406653449255,0.610780769881254,0.5065094540188037,0.5151179198361997,0.47670036208312666,0.5217543198383522,0.5389256199393461,0.56185242673424,0.5331271690279833,0.4409672619487021,0.5608476541296781,30.0,40.0
3,16,G2,0.610780769881254,0.5822213806455222,0.5520799943575067,0.47670036208312666,0.5065094540188037,0.45867303626023154,0.56185242673424,0.5217543198383522,0.5400850124911182,0.5331271690279833,0.4409672619487021,0.5608476541296781,30.0,40.0
3,17,G2,0.5520799943575067,0.610780769881254,0.4697582297845195,0.45867303626023154,0.47670036208312666,0.4411298814865551,0.5400850124911182,0.56185242673424,0.5036398375967467,0.5331271690279833,0.4409672619487021,0.5608476541296781,30.0,40.0
3,18,G2,0.4697582297845195,0.5520799943575067,0.39248667089742945,0.4411298814865551,0.45867303626023154,0.4306785763636031,0.5036398375967467,0.5400850124911182,0.46482942870872573,0.5331271690279833,0.4409672619487021,0.5608476541296781,30.0,40.0
3,19,G2,0.39248667089742945,0.4697582297845195,0.3531344308584053,0.4306785763636031,0.4411298814865551,0.35128838582394345,0.46482942870872573,0.5036398375967467,0.5017148719560836,0.5331271690279833,0.4409672619487021,0.5608476541296781,30.0,40.0
3,20,G2,0.3531344308584053,0.39248667089742945,0.33443249560118266,0.35128838582394345,0.4306785763636031,0.325789631122274,0.5017148719560836,0.46482942870872573,0.5098896202629257,0.5331271690279833,0.4409672619487021,0.5608476541296781,30.0,40.0
3,21,G2,0.33443249560118266,0.3531344308584053,0.29995388661744876,0.325789631122274,0.35128838582394345,0.34336309503539897,0.5098896202629257,0.5017148719560836,0.4755645874986954,0.5331271690279833,0.4409672619487021,0.5608476541296781,30.0,40.0
3,22,G2,0.29995388661744876,0.33443249560118266,0.2818449658223403,0.34336309503539897,0.325789631122274,0.3063845776068241,0.4755645874986954,0.5098896202629257,0.49287880593635486,0.5331271690279833,0.4409672619487021,0.5608476541296781,30.0,40.0
3,23,G2,0.2818449658223403,0.29995388661744876,0.33865358617207575,0.3063845776068241,0.34336309503539897,0.2843596734660441,0.49287880593635486,0.4755645874986954,0.544134001416402,0.5331271690279833,0.4409672619487021,0.5608476541296781,30.0,40.0
4,0,G2,0.17245423591931555,0.16393654600659888,0.15334482532490532,0.37515418479094315,0.3914699230114187,0.3738157678621728,0.3740215561946285,0.35638325240657787,0.3634705019215629,0.21355001820332484,0.5374487486417284,0.3372281235221429,30.0,40.0
4,1,G2,0.15334482532490532,0.17245423591931555,0.17192789682017895,0.3738157678621728,0.37515418479094315,0.37223025426230905,0.3634705019215629,0.3740215561946285,0.37593911095415744,0.21355001820332484,0.5374487486417284,0.3372281235221429,30.0,40.0
4,2,G2,0.17192789682017895,0.15334482532490532,0.20513346837333196,0.37223025426230905,0.3738157678621728,0.3811302837144952,0.37593911095415744,0.3634705019215629,0.38924484955671523,0.21355001820332484,0.5374487486417284,0.3372281235221429,30.0,40.0
4,3,G2,0.20513346837333196,0.17192789682017895,0.24422384246595222,0.3811302837144952,0.37223025426230905,0.37584990608793,0.38924484955671523,0.37593911095415744,0.416960924427765,0.21355001820332484,0.5374487486417284,0.3372281235221429,30.0,40.0
4,4,G2,0.24422384246595222,0.20513346837333196,0.3022583699850776,0.37584990608793,0.3811302837144952,0.39280384422425757,0.416960924427765,0.38924484955671523,0.43914576497761176,0.21355001820332484,0.5374487486417284,0.3372281235221429,30.0,40.0
4,5,G2,0.3022583699850776,0.24422384246595222,0.3281547610202111,0.39280384422425757,0.37584990608793,0.4160922157440852,0.43914576497761176,0.416960924427765,0.43701937018891795,0.21355001820332484,0.5374487486417284,0.3372281235221429,30.0,40.0
4,6,G2,0.3281547610202111,0.3022583699850776,0.32011927547709207,0.4160922157440852,0.39280384422425757,0.4325407567521083,0.43701937018891795,0.43914576497761176,0.41957156790449673,0.21355001820332484,0.5374487486417284,0.3372281235221429,30.0,40.0
4,7,G2,0.32011927547709207,0.3281547610202111,0.3203792725331455,0.4325407567521083,0.4160922157440852,0.4560048770508657,0.41957156790449673,0.43701937018891795,0.4017825599836803,0.21355001820332484,0.5374487486417284,0.3372281235221429,30.0,40.0
4,8,G2,0.3203792725331455,0.32011927547709207,0.2728064566526587,0.4560048770508657,0.4325407567521083,0.5054475354639277,0.4017825599836803,0.41957156790449673,0.3351511531415038,0.21355001820332484,0.5374487486417284,0.3372281235221429,30.0,40.0
4,9,G2,0.2728064566526587,0.3203792725331455,0.2456480259793888,0.5054475354639277,0.4560048770508657,0.5258878936476833,0.3351511531415038,0.4017825599836803,0.30306727857204235,0.21355001820332484,0.5374487486417284,0.3372281235221429,30.0,40.0
4,10,G2,0.2456480259793888,0.2728064566526587,0.24244037067893426,0.5258878936476833,0.5054475354639277,0.5569416844396741,0.30306727857204235,0.3351511531415038,0.2773729368525686,0.21355001820332484,0.5374487486417284,0.3372281235221429,30.0,40.0
4,11,G2,0.24244037067893426,0.2456480259793888,0.30255573938014524,0.5569416844396741,0.5258878936476833,0.580071792819206,0.2773729368525686,0.30306727857204235,0.29609432865935914,0.21355001820332484,0.5374487486417284,0.3372281235221429,30.0,40.0
4,12,G2,0.30255573938014524,0.24244037067893426,0.3678787745577515,0.580071792819206,0.5569416844396741,0.5847602658700463,0.29609432865935914,0.2773729368525686,0.3320751022018111,0.21355001820332484,0.5374487486417284,0.3372281235221429,30.0,40.0
4,13,G2,0.3678787745577515,0.30255573938014524,0.3948665829036915,0.5847602658700463,0.580071792819206,0.5804612052529096,0.3320751022018111,0.29609432865935914,0.35170998672938936,0.21355001820332484,0.5374487486417284,0.3372281235221429,30.0,40.0
4,14,G2,0.3948665829036915,0.3678787745577515,0.4089816619615553,0.5804612052529096,0.5847602658700463,0.572431448821449,0.35170998672938936,0.3320751022018111,0.3664011605842955,0.21355001820332484,0.5374487486417284,0.3372281235221429,30.0,40.0
4,15,G2,0.4089816619615553,0.3948665829036915,0.37853042279120913,0.572431448821449,0.5804612052529096,0.5607332045635223,0.3664011605842955,0.35170998672938936,0.3569039552094701,0.21355001820332484,0.5374487486417284,0.3372281235221429,30.0,40.0
4,16,G2,0.37853042279120913,0.4089816619615553,0.3249977860587989,0.5607332045635223,0.572431448821449,0.5415503486173725,0.3569039552094701,0.3664011605842955,0.3391507337762841,0.21355001820332484,0.5374487486417284,0.3372281235221429,30.0,40.0
4,17,G2,0.3249977860587989,0.37853042279120913,0.2700987865472147,0.5415503486173725,0.5607332045635223,0.5106948097407962,0.3391507337762841,0.3569039552094701,0.3294977249134108,0.21355001820332484,0.5374487486417284,0.3372281235221429,30.0,40.0
4,18,G2,0.2700987865472147,0.3249977860587989,0.22008074901016147,0.5106948097407962,0.5415503486173725,0.4764883426786624,0.3294977249134108,0.3391507337762841,0.3253641095888145,0.21355001820332484,0.5374487486417284,0.3372281235221429,30.0,40.0
4,19,G2,0.22008074901016147,0.2700987865472147,0.1935763263255272,0.4764883426786624,0.5106948097407962,0.4386910941066015,0.3253641095888145,0.3294977249134108,0.33821930286442436,0.21355001820332484,0.5374487486417284,0.3372281235221429,30.0,40.0
4,20,G2,0.1935763263255272,0.22008074901016147,0.17494157254865053,0.4386910941066015,0.4764883426786624,0.42313146172833627,0.33821930286442436,0.3253641095888145,0.33883282365605394,0.21355001820332484,0.5374487486417284,0.3372281235221429,30.0,40.0
4,21,G2,0.17494157254865053,0.1935763263255272,0.1580133637754162,0.42313146172833627,0.4386910941066015,0.3952330856591958,0.33883282365605394,0.33821930286442436,0.34991727999199285,0.21355001820332484,0.5374487486417284,0.3372281235221429,30.0,40.0
4,22,G2,0.1580133637754162,0.17494157254865053,0.16393654600659888,0.3952330856591958,0.42313146172833627,0.3914699230114187,0.34991727999199285,0.33883282365605394,0.35638325240657787,0.21355001820332484,0.5374487486417284,0.3372281235221429,30.0,40.0
4,23,G2,0.16393654600659888,0.1580133637754162,0.17245423591931555,0.3914699230114187,0.3952330856591958,0.37515418479094315,0.35638325240657787,0.34991727999199285,0.3740215561946285,0.21355001820332484,0.5374487486417284,0.3372281235221429,30.0,40.0
5,0,G2,0.14574477932782057,0.20188414944639346,0.12764215368497303,0.24656116025353988,0.2565125657227054,0.23688884983181324,0.4561975454927561,0.4825903469269388,0.45263047336036255,0.2470158416018192,0.32047926119464853,0.4991630522073355,30.0,40.0
5,1,G2,0.12764215368497303,0.14574477932782057,0.17961834865262818,0.23688884983181324,0.24656116025353988,0.2292754743967217,0.45263047336036255,0.4561975454927561,0.4899359938190639,0.2470158416018192,0.32047926119464853,0.4991630522073355,30.0,40.0
5,2,G2,0.17961834865262818,0.12764215368497303,0.18447681193924478,0.2292754743967217,0.23688884983181324,0.23390649145289735,0.4899359938190639,0.45263047336036255,0.4893367831571357,0.2470158416018192,0.32047926119464853,0.4991630522073355,30.0,40.0
5,3,G2,0.18447681193924478,0.17961834865262818,0.24768782482497947,0.23390649145289735,0.2292754743967217,0.24193036173141996,0.4893367831571357,0.4899359938190639,0.5214872133955649,0.2470158416018192,0.32047926119464853,0.4991630522073355,30.0,40.0
5,4,G2,0.24768782482497947,0.18447681193924478,0.31306774618186833,0.24193036173141996,0.23390649145289735,0.25110931146106685,0.5214872133955649,0.4893367831571357,0.5540679103452412,0.2470158416018192,0.32047926119464853,0.4991630522073355,30.0,40.0
5,5,G2,0.31306774618186833,0.24768782482497947,0.3614656964823178,0.25110931146106685,0.24193036173141996,0.26233435013541173,0.5540679103452412,0.5214872133955649,0.5747975288187678,0.2470158416018192,0.32047926119464853,0.4991630522073355,30.0,40.0
5,6,G2,0.3614656964823178,0.31306774618186833,0.34586097248222347,0.26233435013541173,0.25110931146106685,0.2785214687126064,0.5747975288187678,0.5540679103452412,0.552964919914714,0.2470158416018192,0.32047926119464853,0.4991630522073355,30.0,40.0
5,7,G2,0.34586097248222347,0.3614656964823178,0.32221976233539484,0.2785214687126064,0.26233435013541173,0.2949028140383925,0.552964919914714,0.5747975288187678,0.5261159858468323,0.2470158416018192,0.32047926119464853,0.4991630522073355,30.0,40.0
5,8,G2,0.32221976233539484,0.34586097248222347,0.335035867877372,0.2949028140383925,0.2785214687126064,0.3167569609299522,0.5261159858468323,0.552964919914714,0.5171637098647638,0.2470158416018192,0.32047926119464853,0.4991630522073355,30.0,40.0
5,9,G2,0.335035867877372,0.32221976233539484,0.26995771806959556,0.3167569609299522,0.2949028140383925,0.3487039145834451,0.5171637098647638,0.5261159858468323,0.45331072496748887,0.2470158416018192,0.32047926119464853,0.4991630522073355,30.0,40.0
5,10,G2,0.26995771806959556,0.335035867877372,0.25998880025757876,0.3487039145834451,0.3167569609299522,0.37530469364917357,0.45331072496748887,0.5171637098647638,0.4269269044265201,0.2470158416018192,0.32047926119464853,0.4991630522073355,30.0,40.0
5,11,G2,0.25998880025757876,0.26995771806959556,0.3069441774584266,0.37530469364917357,0.3487039145834451,0.3946568151703079,0.4269269044265201,0.45331072496748887,0.440566758752563,0.2470158416018192,0.32047926119464853,0.4991630522073355,30.0,40.0
5,12,G2,0.3069441774584266,0.25998880025757876,0.3890404485566645,0.3946568151703079,0.37530469364917357,0.40640111860286354,0.440566758752563,0.4269269044265201,0.4813105913210838,0.2470158416018192,0.32047926119464853,0.4991630522073355,30.0,40.0
5,13,G2,0.3890404485566645,0.3069441774584266,0.4328366399209542,0.40640111860286354,0.3946568151703079,0.41369472439814475,0.4813105913210838,0.440566758752563,0.5022598328593801,0.2470158416018192,0.32047926119464853,0.4991630522073355,30.0,40.0
5,14,G2,0.4328366399209542,0.3890404485566645,0.4525975637273939,0.41369472439814475,0.40640111860286354,0.4013370511289169,0.5022598328593801,0.4813105913210838,0.5236809445797102,0.2470158416018192,0.32047926119464853,0.4991630522073355,30.0,40.0
5,15,G2,0.4525975637273939,0.4328366399209542,0.38986805979047734,0.4013370511289169,0.41369472439814475,0.39138750514313897,0.5236809445797102,0.5022598328593801,0.4932950182181015,0.2470158416018192,0.32047926119464853,0.4991630522073355,30.0,40.0
5,16,G2,0.38986805979047734,0.4525975637273939,0.36421288076624647,0.39138750514313897,0.4013370511289169,0.36931099766110653,0.4932950182181015,0.5236809445797102,0.4946406252263129,0.2470158416018192,0.32047926119464853,0.4991630522073355,30.0,40.0
5,17,G2,0.36421288076624647,0.38986805979047734,0.3183079932274155,0.36931099766110653,0.39138750514313897,0.340635996789992,0.4946406252263129,0.4932950182181015,0.4887676494372538,0.2470158416018192,0.32047926119464853,0.4991630522073355,30.0,40.0
5,18,G2,0.3183079932274155,0.36421288076624647,0.22439621867370863,0.340635996789992,0.36931099766110653,0.3152010632460133,0.4887676494372538,0.4946406252263129,0.45133831522863455,0.2470158416018192,0.32047926119464853,0.4991630522073355,30.0,40.0
5,19,G2,0.22439621867370863,0.3183079932274155,0.23315026518069246,0.3152010632460133,0.340635996789992,0.2939279519293298,0.45133831522863455,0.4887676494372538,0.4729114202571507,0.2470158416018192,0.32047926119464853,0.4991630522073355,30.0,40.0
5,20,G2,0.23315026518069246,0.22439621867370863,0.2631410313344731,0.2939279519293298,0.3152010632460133,0.2764128441975071,0.4729114202571507,0.45133831522863455,0.5044734930572968,0.2470158416018192,0.32047926119464853,0.4991630522073355,30.0,40.0
5,21,G2,0.2631410313344731,0.23315026518069246,0.21465750098611514,0.2764128441975071,0.2939279519293298,0.2682874955928141,0.5044734930572968,0.4729114202571507,0.4813212455802444,0.2470158416018192,0.32047926119464853,0.4991630522073355,30.0,40.0
5,22,G2,0.21465750098611514,0.2631410313344731,0.20188414944639346,0.2682874955928141,0.2764128441975071,0.2565125657227054,0.4813212455802444,0.5044734930572968,0.4825903469269388,0.2470158416018192,0.32047926119464853,0.4991630522073355,30.0,40.0
5,23,G2,0.20188414944639346,0.21465750098611514,0.14574477932782057,0.2565125657227054,0.2682874955928141,0.24656116025353988,0.4825903469269388,0.4813212455802444,0.4561975454927561,0.2470158416018192,0.32047926119464853,0.4991630522073355,30.0,40.0
6,0,G2,0.24635457555318807,0.23683691164446158,0.2556510780568575,0.6593982025350749,0.5914756279407294,0.6494559624351499,0.20138012092976026,0.2475656469128746,0.21461539979514097,0.37209800313737573,0.8828083953886873,0.18486539108191147,30.0,40.0
6,1,G2,0.2556510780568575,0.24635457555318807,0.3009763799466922,0.6494559624351499,0.6593982025350749,0.6417952653585178,0.21461539979514097,0.20138012092976026,0.24792860899765873,0.37209800313737573,0.8828083953886873,0.18486539108191147,30.0,40.0
6,2,G2,0.3009763799466922,0.2556510780568575,0.3155268893407118,0.6417952653585178,0.6494559624351499,0.6223808010342587,0.24792860899765873,0.21461539979514097,0.27159110035592815,0.37209800313737573,0.8828083953886873,0.18486539108191147,30.0,40.0
6,3,G2,0.3155268893407118,0.3009763799466922,0.34346173468369984,0.6223808010342587,0.6417952653585178,0.6491492695521226,0.27159110035592815,0.24792860899765873,0.2680376695176268,0.37209800313737573,0.8828083953886873,0.18486539108191147,30.0,40.0
6,4,G2,0.34346173468369984,0.3155268893407118,0.3647505484136082,0.6491492695521226,0.6223808010342587,0.607163791250666,0.2680376695176268,0.27159110035592815,0.31304501146056934,0.37209800313737573,0.8828083953886873,0.18486539108191147,30.0,40.0
6,5,G2,0.3647505484136082,0.34346173468369984,0.4057297719484931,0.607163791250666,0.6491492695521226,0.6271793894355184,0.31304501146056934,0.2680376695176268,0.3225575973845445,0.37209800313737573,0.8828083953886873,0.18486539108191147,30.0,40.0
6,6,G2,0.4057297719484931,0.3647505484136082,0.4734712118117407,0.6271793894355184,0.607163791250666,0.6673099750348281,0.3225575973845445,0.31304501146056934,0.3328953837639356,0.37209800313737573,0.8828083953886873,0.18486539108191147,30.0,40.0
6,7,G2,0.4734712118117407,0.4057297719484931,0.4250205640118914,0.6673099750348281,0.6271793894355184,0.6831350229507752,0.3328953837639356,0.3225575973845445,0.2914446355888248,0.37209800313737573,0.8828083953886873,0.18486539108191147,30.0,40.0
6,8,G2,0.4250205640118914,0.4734712118117407,0.3882334529414761,0.6831350229507752,0.6673099750348281,0.7222972921097777,0.2914446355888248,0.3328953837639356,0.23920916347852958,0.37209800313737573,0.8828083953886873,0.18486539108191147,30.0,40.0
6,9,G2,0.3882334529414761,0.4250205640118914,0.33220995923114915,0.7222972921097777,0.6831350229507752,0.7588995113117275,0.23920916347852958,0.2914446355888248,0.17728009283431662,0.37209800313737573,0.8828083953886873,0.18486539108191147,30.0,40.0
6,10,G2,0.33220995923114915,0.3882334529414761,0.34859070002911374,0.7588995113117275,0.7222972921097777,0.8085821403439991,0.17728009283431662,0.23920916347852958,0.14920238334947106,0.37209800313737573,0.8828083953886873,0.18486539108191147,30.0,40.0
6,11,G2,0.34859070002911374,0.33220995923114915,0.4155996300941888,0.8085821403439991,0.7588995113117275,0.8380264304544693,0.14920238334947106,0.17728009283431662,0.1672698760201308,0.37209800313737573,0.8828083953886873,0.18486539108191147,30.0,40.0
6,12,G2,0.4155996300941888,0.34859070002911374,0.4687630039650561,0.8380264304544693,0.8085821403439991,0.8602989151043289,0.1672698760201308,0.14920238334947106,0.18243633466259104,0.37209800313737573,0.8828083953886873,0.18486539108191147,30.0,40.0
6,13,G2,0.4687630039650561,0.4155996300941888,0.5228397159783232,0.8602989151043289,0.8380264304544693,0.8538719736503909,0.18243633466259104,0.1672698760201308,0.2201067150811915,0.37209800313737573,0.8828083953886873,0.18486539108191147,30.0,40.0
6,14,G2,0.5228397159783232,0.4687630039650561,0.5363819300043567,0.8538719736503909,0.8602989151043289,0.8656784689451389,0.2201067150811915,0.18243633466259104,0.21927917782661682,0.37209800313737573,0.8828083953886873,0.18486539108191147,30.0,40.0
6,15,G2,0.5363819300043567,0.5228397159783232,0.5063991275032793,0.8656784689451389,0.8538719736503909,0.8731852090765848,0.21927917782661682,0.2201067150811915,0.19537681074381763,0.37209800313737573,0.8828083953886873,0.18486539108191147,30.0,40.0
6,16,G2,0.5063991275032793,0.5363819300043567,0.4778008204892217,0.8731852090765848,0.8656784689451389,0.8460423746501445,0.19537681074381763,0.21927917782661682,0.19881471003897966,0.37209800313737573,0.8828083953886873,0.18486539108191147,30.0,40.0
6,17,G2,0.4778008204892217,0.5063991275032793,0.42008474332494966,0.8460423746501445,0.8731852090765848,0.7949208140808083,0.19881471003897966,0.19537681074381763,0.20295580262203566,0.37209800313737573,0.8828083953886873,0.18486539108191147,30.0,40.0
6,18,G2,0.42008474332494966,0.4778008204892217,0.3498598802179439,0.7949208140808083,0.8460423746501445,0.7043717193420821,0.20295580262203566,0.19881471003897966,0.22967629123795957,0.37209800313737573,0.8828083953886873,0.18486539108191147,30.0,40.0
6,19,G2,0.3498598802179439,0.42008474332494966,0.2918908416892165,0.7043717193420821,0.7949208140808083,0.6716512939979683,0.22967629123795957,0.20295580262203566,0.2195900874994355,0.37209800313737573,0.8828083953886873,0.18486539108191147,30.0,40.0
6,20,G2,0.2918908416892165,0.3498598802179439,0.2504341784614847,0.6716512939979683,0.7043717193420821,0.6320094401077156,0.2195900874994355,0.22967629123795957,0.22479941868466713,0.37209800313737573,0.8828083953886873,0.18486539108191147,30.0,40.0
6,21,G2,0.2504341784614847,0.2918908416892165,0.24936824501782692,0.6320094401077156,0.6716512939979683,0.6012081689164868,0.22479941868466713,0.2195900874994355,0.24771207050250918,0.37209800313737573,0.8828083953886873,0.18486539108191147,30.0,40.0
6,22,G2,0.24936824501782692,0.2504341784614847,0.23683691164446158,0.6012081689164868,0.6320094401077156,0.5914756279407294,0.24771207050250918,0.22479941868466713,0.2475656469128746,0.37209800313737573,0.8828083953886873,0.18486539108191147,30.0,40.0
6,23,G2,0.23683691164446158,0.24936824501782692,0.24635457555318807,0.5914756279407294,0.6012081689164868,0.6593982025350749,0.2475656469128746,0.24771207050250918,0.20138012092976026,0.37209800313737573,0.8828083953886873,0.18486539108191147,30.0,40.0
7,0,G2,0.1573739618218504,0.19000932552850439,0.16160859517216442,0.19752736905951956,0.1932688800582815,0.21721876468100917,0.5007448523389662,0.523769480282977,0.48824887871815836,0.30428713820893966,0.2568748787828663,0.5702497023118809,30.0,40.0
7,1,G2,0.16160859517216442,0.1573739618218504,0.19499060389318673,0.21721876468100917,0.19752736905951956,0.2057106952207684,0.48824887871815836,0.5007448523389662,0.5172705848426459,0.30428713820893966,0.2568748787828663,0.5702497023118809,30.0,40.0
7,2,G2,0.19499060389318673,0.16160859517216442,0.21316807568804255,0.2057106952207684,0.21721876468100917,0.21363534651934726,0.5172705848426459,0.48824887871815836,0.5222196859105778,0.30428713820893966,0.2568748787828663,0.5702497023118809,30.0,40.0
7,3,G2,0.21316807568804255,0.19499060389318673,0.24084397870732857,0.21363534651934726,0.2057106952207684,0.19299350388212985,0.5222196859105778,0.5172705848426459,0.5547711031093728,0.30428713820893966,0.2568748787828663,0.5702497023118809,30.0,40.0
7,4,G2,0.24084397870732857,0.21316807568804255,0.2447953571705152,0.19299350388212985,0.21363534651934726,0.20745227627839713,0.5547711031093728,0.5222196859105778,0.5461057219992629,0.30428713820893966,0.2568748787828663,0.5702497023118809,30.0,40.0
7,5,G2,0.2447953571705152,0.24084397870732857,0.36893642951610695,0.20745227627839713,0.19299350388212985,0.21577373571971975,0.5461057219992629,0.5547711031093728,0.61493442098106,0.30428713820893966,0.2568748787828663,0.5702497023118809,30.0,40.0
7,6,G2,0.36893642951610695,0.2447953571705152,0.36659044423476245,0.21577373571971975,0.20745227627839713,0.22101149829303438,0.61493442098106,0.5461057219992629,0.6095073434793139,0.30428713820893966,0.2568748787828663,0.5702497023118809,30.0,40.0
7,7,G2,0.36659044423476245,0.36893642951610695,0.4076006882706924,0.22101149829303438,0.21577373571971975,0.2587342734933652,0.6095073434793139,0.61493442098106,0.6054954161208106,0.30428713820893966,0.2568748787828663,0.5702497023118809,30.0,40.0
7,8,G2,0.4076006882706924,0.36659044423476245,0.4082684641144782,0.2587342734933652,0.22101149829303438,0.2728789088481872,0.6054954161208106,0.6095073434793139,0.5950813948350088,0.30428713820893966,0.2568748787828663,0.5702497023118809,30.0,40.0
7,9,G2,0.4082684641144782,0.4076006882706924,0.373572672659166,0.2728789088481872,0.2587342734933652,0.27692083445321114,0.5950813948350088,0.6054954161208106,0.5709743855924986,0.30428713820893966,0.2568748787828663,0.5702497023118809,30.0,40.0
7,10,G2,0.373572672659166,0.4082684641144782,0.3538596068099934,0.27692083445321114,0.2728789088481872,0.30218414757074746,0.5709743855924986,0.5950813948350088,0.5397114063029009,0.30428713820893966,0.2568748787828663,0.5702497023118809,30.0,40.0
7,11,G2,0.3538596068099934,0.373572672659166,0.39679824838112676,0.30218414757074746,0.27692083445321114,0.3162388188509812,0.5397114063029009,0.5709743855924986,0.5549700334535065,0.30428713820893966,0.2568748787828663,0.5702497023118809,30.0,40.0
7,12,G2,0.39679824838112676,0.3538596068099934,0.41903149894233516,0.3162388188509812,0.30218414757074746,0.3297784438329228,0.5549700334535065,0.5397114063029009,0.5580811532350479,0.30428713820893966,0.2568748787828663,0.5702497023118809,30.0,40.0
7,13,G2,0.41903149894233516,0.39679824838112676,0.46860104660195995,0.3297784438329228,0.3162388188509812,0.36174252992634975,0.5580811532350479,0.5549700334535065,0.5636581953234543,0.30428713820893966,0.2568748787828663,0.5702497023118809,30.0,40.0
7,14,G2,0.46860104660195995,0.41903149894233516,0.47290487544295345,0.36174252992634975,0.3297784438329228,0.345344118909195,0.5636581953234543,0.5580811532350479,0.5788073580983925,0.30428713820893966,0.2568748787828663,0.5702497023118809,30.0,40.0
7,15,G2,0.47290487544295345,0.46860104660195995,0.4559750648050561,0.345344118909195,0.36174252992634975,0.3406281702339513,0.5788073580983925,0.5636581953234543,0.5721598060336044,0.30428713820893966,0.2568748787828663,0.5702497023118809,30.0,40.0
7,16,G2,0.4559750648050561,0.47290487544295345,0.4248755203620759,0.3406281702339513,0.345344118909195,0.3236678422546864,0.5721598060336044,0.5788073580983925,0.5662946117098592,0.30428713820893966,0.2568748787828663,0.5702497023118809,30.0,40.0
7,17,G2,0.4248755203620759,0.4559750648050561,0.40404390202180956,0.3236678422546864,0.3406281702339513,0.3038348725983926,0.5662946117098592,0.5721598060336044,0.5688459264591609,0.30428713820893966,0.2568748787828663,0.5702497023118809,30.0,40.0
7,18,G2,0.40404390202180956,0.4248755203620759,0.32662450888192884,0.3038348725983926,0.3236678422546864,0.3191426002770997,0.5688459264591609,0.5662946117098592,0.5102442228728786,0.30428713820893966,0.2568748787828663,0.5702497023118809,30.0,40.0
7,19,G2,0.32662450888192884,0.40404390202180956,0.307844916560004,0.3191426002770997,0.3038348725983926,0.2930749949652728,0.5102442228728786,0.5688459264591609,0.5188070179764469,0.30428713820893966,0.2568748787828663,0.5702497023118809,30.0,40.0
7,20,G2,0.307844916560004,0.32662450888192884,0.25068444295518305,0.2930749949652728,0.3191426002770997,0.2371423137382094,0.5188070179764469,0.5102442228728786,0.5269644216119849,0.30428713820893966,0.2568748787828663,0.5702497023118809,30.0,40.0
7,21,G2,0.25068444295518305,0.307844916560004,0.20996855669509285,0.2371423137382094,0.2930749949652728,0.19122788825688933,0.5269644216119849,0.5188070179764469,0.5374200131640283,0.30428713820893966,0.2568748787828663,0.5702497023118809,30.0,40.0
7,22,G2,0.20996855669509285,0.25068444295518305,0.19000932552850439,0.19122788825688933,0.2371423137382094,0.1932688800582815,0.5374200131640283,0.5269644216119849,0.523769480282977,0.30428713820893966,0.2568748787828663,0.5702497023118809,30.0,40.0
7,23,G2,0.19000932552850439,0.20996855669509285,0.1573739618218504,0.1932688800582815,0.19122788825688933,0.19752736905951956,0.523769480282977,0.5374200131640283,0.5007448523389662,0.30428713820893966,0.2568748787828663,0.5702497023118809,30.0,40.0
8,0,G2,0.0,0.022016097832679125,0.024106913304676257,0.1983599996758321,0.19636919772307307,0.19684093665791436,0.404785207023032,0.419643214733534,0.42054883159209533,0.0,0.24989778675059213,0.4235141522929136,30.0,40.0
8,1,G2,0.024106913304676257,0.0,0.041342867708188645,0.19684093665791436,0.1983599996758321,0.19471017249749623,0.42054883159209533,0.404785207023032,0.43261851372930316,0.0,0.24989778675059213,0.4235141522929136,30.0,40.0
8,2,G2,0.041342867708188645,0.024106913304676257,0.06370231745036105,0.19471017249749623,0.19684093665791436,0.19576115511076472,0.43261851372930316,0.42054883159209533,0.44535798926120135,0.0,0.24989778675059213,0.4235141522929136,30.0,40.0
8,3,G2,0.06370231745036105,0.041342867708188645,0.08133944972519544,0.19576115511076472,0.19471017249749623,0.198888152120137,0.44535798926120135,0.43261851372930316,0.45364927917678244,0.0,0.24989778675059213,0.4235141522929136,30.0,40.0
8,4,G2,0.08133944972519544,0.06370231745036105,0.1355129476997091,0.198888152120137,0.19576115511076472,0.2019884499939228,0.45364927917678244,0.44535798926120135,0.4840913917504373,0.0,0.24989778675059213,0.4235141522929136,30.0,40.0
8,5,G2,0.1355129476997091,0.08133944972519544,0.20037893287443595,0.2019884499939228,0.198888152120137,0.21475352334171638,0.4840913917504373,0.45364927917678244,0.5136179527440526,0.0,0.24989778675059213,0.4235141522929136,30.0,40.0
8,6,G2,0.20037893287443595,0.1355129476997091,0.19276073939752197,0.21475352334171638,0.2019884499939228,0.23048712908930735,0.5136179527440526,0.4840913917504373,0.49696972493344604,0.0,0.24989778675059213,0.4235141522929136,30.0,40.0
8,7,G2,0.19276073939752197,0.20037893287443595,0.180584415257842,0.23048712908930735,0.21475352334171638,0.24147125705657124,0.49696972493344604,0.5136179527440526,0.48119322640097895,0.0,0.24989778675059213,0.4235141522929136,30.0,40.0
8,8,G2,0.180584415257842,0.19276073939752197,0.14244164484541283,0.24147125705657124,0.23048712908930735,0.2688105510001071,0.48119322640097895,0.49696972493344604,0.4371794008136011,0.0,0.24989778675059213,0.4235141522929136,30.0,40.0
8,9,G2,0.14244164484541283,0.180584415257842,0.12451806948837638,0.2688105510001071,0.24147125705657124,0.29136849864504616,0.4371794008136011,0.48119322640097895,0.4090695257852018,0.0,0.24989778675059213,0.4235141522929136,30.0,40.0
8,10,G2,0.12451806948837638,0.14244164484541283,0.12948915480976164,0.29136849864504616,0.2688105510001071,0.31373016501376294,0.4090695257852018,0.4371794008136011,0.39497727587157677,0.0,0.24989778675059213,0.4235141522929136,30.0,40.0
8,11,G2,0.12948915480976164,0.12451806948837638,0.1633397087388046,0.31373016501376294,0.29136849864504616,0.33472384822943696,0.39497727587157677,0.4090695257852018,0.39942387658450496,0.0,0.24989778675059213,0.4235141522929136,30.0,40.0
8,12,G2,0.1633397087388046,0.12948915480976164,0.19736410858895245,0.33472384822943696,0.31373016501376294,0.3439152754012489,0.39942387658450496,0.39497727587157677,0.41300271174921643,0.0,0.24989778675059213,0.4235141522929136,30.0,40.0
8,13,G2,0.19736410858895245,0.1633397087388046,0.23241583196720791,0.3439152754012489,0.33472384822943696,0.35531721795276405,0.41300271174921643,0.39942387658450496,0.42551309718262575,0.0,0.24989778675059213,0.4235141522929136,30.0,40.0
8,14,G2,0.23241583196720791,0.19736410858895245,0.228093982550816,0.35531721795276405,0.3439152754012489,0.34713212213220246,0.42551309718262575,0.41300271174921643,0.4291556704290062,0.0,0.24989778675059213,0.4235141522929136,30.0,40.0
8,15,G2,0.228093982550816,0.23241583196720791,0.20366503156232513,0.34713212213220246,0.35531721795276405,0.3348298273209548,0.4291556704290062,0.42551309718262575,0.4237682255888436,0.0,0.24989778675059213,0.4235141522929136,30.0,40.0
8,16,G2,0.20366503156232513,0.228093982550816,0.16224684988982147,0.3348298273209548,0.34713212213220246,0.31333064787924525,0.4237682255888436,0.4291556704290062,0.41512447328560126,0.0,0.24989778675059213,0.4235141522929136,30.0,40.0
8,17,G2,0.16224684988982147,0.20366503156232513,0.12700764404091913,0.31333064787924525,0.3348298273209548,0.2927713596168919,0.41512447328560126,0.4237682255888436,0.4095045075427842,0.0,0.24989778675059213,0.4235141522929136,30.0,40.0
8,18,G2,0.12700764404091913,0.16224684988982147,0.07690677587902599,0.2927713596168919,0.31333064787924525,0.2757861109165869,0.4095045075427842,0.41512447328560126,0.3921491029027495,0.0,0.24989778675059213,0.4235141522929136,30.0,40.0
8,19,G2,0.07690677587902599,0.12700764404091913,0.04467875509213808,0.2757861109165869,0.2927713596168919,0.24621194487842293,0.3921491029027495,0.4095045075427842,0.3952480518973322,0.0,0.24989778675059213,0.4235141522929136,30.0,40.0
8,20,G2,0.04467875509213808,0.07690677587902599,0.04554312481261479,0.24621194487842293,0.2757861109165869,0.22580131302597775,0.3952480518973322,0.3921491029027495,0.41138264360350674,0.0,0.24989778675059213,0.4235141522929136,30.0,40.0
8,21,G2,0.04554312481261479,0.04467875509213808,0.030893776071692785,0.22580131302597775,0.24621194487842293,0.202360186822371,0.41138264360350674,0.3952480518973322,0.4204383061533683,0.0,0.24989778675059213,0.4235141522929136,30.0,40.0
8,22,G2,0.030893776071692785,0.04554312481261479,0.022016097832679125,0.202360186822371,0.22580131302597775,0.19636919772307307,0.4204383061533683,0.41138264360350674,0.419643214733534,0.0,0.24989778675059213,0.4235141522929136,30.0,40.0
8,23,G2,0.022016097832679125,0.030893776071692785,0.0,0.19636919772307307,0.202360186822371,0.1983599996758321,0.419643214733534,0.4204383061533683,0.404785207023032,0.0,0.24989778675059213,0.4235141522929136,30.0,40.0
9,0,G2,0.3144760878844267,0.31311846688501277,0.3304127198751307,0.5502769459277439,0.5529982914071773,0.5457842604739593,0.3261031252028766,0.3231993858573349,0.3391923074684967,0.4572588959372595,0.7809493807369395,0.29544470587050886,30.0,40.0
9,1,G2,0.3304127198751307,0.3144760878844267,0.31840475752292074,0.5457842604739593,0.5502769459277439,0.5410307832068251,0.3391923074684967,0.3261031252028766,0.3355546663903911,0.4572588959372595,0.7809493807369395,0.29544470587050886,30.0,40.0
9,2,G2,0.31840475752292074,0.3304127198751307,0.3456402723381388,0.5410307832068251,0.5457842604739593,0.5469697242389431,0.3355546663903911,0.3391923074684967,0.3475090716772797,0.4572588959372595,0.7809493807369395,0.29544470587050886,30.0,40.0
9,3,G2,0.3456402723381388,0.31840475752292074,0.37333759715985076,0.5469697242389431,0.5410307832068251,0.5509443681411647,0.3475090716772797,0.3355546663903911,0.36124558854234945,0.4572588959372595,0.7809493807369395,0.29544470587050886,30.0,40.0
9,4,G2,0.37333759715985076,0.3456402723381388,0.43403685820060245,0.5509443681411647,0.5469697242389431,0.5580787206621315,0.36124558854234945,0.3475090716772797,0.39255497440030973,0.4572588959372595,0.7809493807369395,0.29544470587050886,30.0,40.0
9,5,G2,0.43403685820060245,0.37333759715985076,0.49918623859336486,0.5580787206621315,0.5509443681411647,0.5722916025857121,0.39255497440030973,0.36124558854234945,0.4211458365994635,0.4572588959372595,0.7809493807369395,0.29544470587050886,30.0,40.0
9,6,G2,0.49918623859336486,0.43403685820060245,0.5070236620851564,0.5722916025857121,0.5580787206621315,0.5918904383130432,0.4211458365994635,0.39255497440030973,0.41090289930112067,0.4572588959372595,0.7809493807369395,0.29544470587050886,30.0,40.0
9,7,G2,0.5070236620851564,0.49918623859336486,0.516429767782117,0.5918904383130432,0.5722916025857121,0.6195500944744907,0.41090289930112067,0.4211458365994635,0.39544482268091413,0.4572588959372595,0.7809493807369395,0.29544470587050886,30.0,40.0
9,8,G2,0.516429767782117,0.5070236620851564,0.46991329790018344,0.6195500944744907,0.5918904383130432,0.6548363079439042,0.39544482268091413,0.41090289930112067,0.3402807856117419,0.4572588959372595,0.7809493807369395,0.29544470587050886,30.0,40.0
9,9,G2,0.46991329790018344,0.516429767782117,0.4233730331282043,0.6548363079439042,0.6195500944744907,0.693641868617664,0.3402807856117419,0.39544482268091413,0.28241056935000575,0.4572588959372595,0.7809493807369395,0.29544470587050886,30.0,40.0
9,10,G2,0.4233730331282043,0.46991329790018344,0.4316593958322112,0.693641868617664,0.6548363079439042,0.7328258139401624,0.28241056935000575,0.3402807856117419,0.2574599224765215,0.4572588959372595,0.7809493807369395,0.29544470587050886,30.0,40.0
9,11,G2,0.4316593958322112,0.4233730331282043,0.49116128704703815,0.7328258139401624,0.693641868617664,0.7612138959814908,0.2574599224765215,0.28241056935000575,0.27178817375712555,0.4572588959372595,0.7809493807369395,0.29544470587050886,30.0,40.0
9,12,G2,0.49116128704703815,0.4316593958322112,0.5366564281236581,0.7612138959814908,0.7328258139401624,0.7848830526813602,0.27178817375712555,0.2574599224765215,0.2812416734301954,0.4572588959372595,0.7809493807369395,0.29544470587050886,30.0,40.0
9,13,G2,0.5366564281236581,0.49116128704703815,0.5821138463491955,0.7848830526813602,0.7612138959814908,0.7942555188306402,0.2812416734301954,0.27178817375712555,0.3016071222386909,0.4572588959372595,0.7809493807369395,0.29544470587050886,30.0,40.0
9,14,G2,0.5821138463491955,0.5366564281236581,0.5719458749454718,0.7942555188306402,0.7848830526813602,0.7857140361493354,0.3016071222386909,0.2812416734301954,0.30198122922095944,0.4572588959372595,0.7809493807369395,0.29544470587050886,30.0,40.0
9,15,G2,0.5719458749454718,0.5821138463491955,0.5569032399407233,0.7857140361493354,0.7942555188306402,0.7632856337148054,0.30198122922095944,0.3016071222386909,0.3100240948168281,0.4572588959372595,0.7809493807369395,0.29544470587050886,30.0,40.0
9,16,G2,0.5569032399407233,0.5719458749454718,0.5015716753593955,0.7632856337148054,0.7857140361493354,0.7308568117897836,0.3100240948168281,0.30198122922095944,0.30131240016768723,0.4572588959372595,0.7809493807369395,0.29544470587050886,30.0,40.0
9,17,G2,0.5015716753593955,0.5569032399407233,0.4337893157096068,0.7308568117897836,0.7632856337148054,0.6926890307167165,0.30131240016768723,0.3100240948168281,0.2894485807774297,0.4572588959372595,0.7809493807369395,0.29544470587050886,30.0,40.0
9,18,G2,0.4337893157096068,0.5015716753593955,0.392961891360855,0.6926890307167165,0.7308568117897836,0.6536023969320277,0.2894485807774297,0.30131240016768723,0.2946143884468952,0.4572588959372595,0.7809493807369395,0.29544470587050886,30.0,40.0
9,19,G2,0.392961891360855,0.4337893157096068,0.3375556034463689,0.6536023969320277,0.6926890307167165,0.621152007858722,0.2946143884468952,0.2894485807774297,0.2858739288046331,0.4572588959372595,0.7809493807369395,0.29544470587050886,30.0,40.0
9,20,G2,0.3375556034463689,0.392961891360855,0.31173612939712353,0.621152007858722,0.6536023969320277,0.5897999756730636,0.2858739288046331,0.2946143884468952,0.294214389336925,0.4572588959372595,0.7809493807369395,0.29544470587050886,30.0,40.0
9,21,G2,0.31173612939712353,0.3375556034463689,0.3233974272354175,0.5897999756730636,0.621152007858722,0.5683878229152869,0.294214389336925,0.2858739288046331,0.3176547879684603,0.4572588959372595,0.7809493807369395,0.29544470587050886,30.0,40.0
9,22,G2,0.3233974272354175,0.31173612939712353,0.31311846688501277,0.5683878229152869,0.5897999756730636,0.5529982914071773,0.3176547879684603,0.294214389336925,0.3231993858573349,0.4572588959372595,0.7809493807369395,0.29544470587050886,30.0,40.0
9,23,G2,0.31311846688501277,0.3233974272354175,0.3144760878844267,0.5529982914071773,0.5683878229152869,0.5502769459277439,0.3231993858573349,0.3176547879684603,0.3261031252028766,0.4572588959372595,0.7809493807369395,0.29544470587050886,30.0,40.0
10,0,G2,0.5536328612530576,0.5527830563995974,0.5554041305381642,0.21433971337151725,0.1860458516012738,0.1997152310059362,0.7279035028807941,0.7490292780973757,0.7401618856363771,0.8653390860320976,0.25506888423615615,0.8506276381170174,49.99,49.99
10,1,G2,0.5554041305381642,0.5536328612530576,0.5708738599860809,0.1997152310059362,0.21433971337151725,0.20503234504652115,0.7401618856363771,0.7279035028807941,0.7454652532752425,0.8653390860320976,0.25506888423615615,0.8506276381170174,49.99,49.99
10,2,G2,0.5708738599860809,0.5554041305381642,0.6084285540915353,0.20503234504652115,0.1997152310059362,0.22446546092657602,0.7454652532752425,0.7401618856363771,0.7533490817952812,0.8653390860320976,0.25506888423615615,0.8506276381170174,49.99,49.99
10,3,G2,0.6084285540915353,0.5708738599860809,0.6601738896238042,0.22446546092657602,0.20503234504652115,0.1962742890281517,0.7533490817952812,0.7454652532752425,0.8062536594668018,0.8653390860320976,0.25506888423615615,0.8506276381170174,49.99,49.99
10,4,G2,0.6601738896238042,0.6084285540915353,0.7279952034257746,0.1962742890281517,0.22446546092657602,0.2164877574239688,0.8062536594668018,0.7533490817952812,0.8318733976787346,0.8653390860320976,0.25506888423615615,0.8506276381170174,49.99,49.99
10,5,G2,0.7279952034257746,0.6601738896238042,0.7908397908106863,0.2164877574239688,0.1962742890281517,0.22005432051541027,0.8318733976787346,0.8062536594668018,0.8672110441616014,0.8653390860320976,0.25506888423615615,0.8506276381170174,49.99,49.99
10,6,G2,0.7908397908106863,0.7279952034257746,0.8171172297765384,0.22005432051541027,0.2164877574239688,0.23429137626449095,0.8672110441616014,0.8318733976787346,0.8722383361773599,0.8653390860320976,0.25506888423615615,0.8506276381170174,49.99,49.99
10,7,G2,0.8171172297765384,0.7908397908106863,0.7998515639017457,0.23429137626449095,0.22005432051541027,0.26183397429618144,0.8722383361773599,0.8672110441616014,0.8407144618429648,0.8653390860320976,0.25506888423615615,0.8506276381170174,49.99,49.99
10,8,G2,0.7998515639017457,0.8171172297765384,0.7475714102207358,0.26183397429618144,0.23429137626449095,0.29371756986715664,0.8407144618429648,0.8722383361773599,0.7846617964158569,0.8653390860320976,0.25506888423615615,0.8506276381170174,49.99,49.99
10,9,G2,0.7475714102207358,0.7998515639017457,0.7055323885720656,0.29371756986715664,0.26183397429618144,0.3027960167348735,0.7846617964158569,0.8407144618429648,0.7522547530102992,0.8653390860320976,0.25506888423615615,0.8506276381170174,49.99,49.99
10,10,G2,0.7055323885720656,0.7475714102207358,0.7126584115869623,0.3027960167348735,0.29371756986715664,0.32297636167067967,0.7522547530102992,0.7846617964158569,0.7411361478335152,0.8653390860320976,0.25506888423615615,0.8506276381170174,49.99,49.99
10,11,G2,0.7126584115869623,0.7055323885720656,0.7692514929020638,0.32297636167067967,0.3027960167348735,0.33170047526667334,0.7411361478335152,0.7522547530102992,0.7687424581719237,0.8653390860320976,0.25506888423615615,0.8506276381170174,49.99,49.99
10,12,G2,0.7692514929020638,0.7126584115869623,0.8459166545928212,0.33170047526667334,0.32297636167067967,0.3552817165021759,0.7687424581719237,0.7411361478335152,0.7971431587247622,0.8653390860320976,0.25506888423615615,0.8506276381170174,49.99,49.99
10,13,G2,0.8459166545928212,0.7692514929020638,0.897406179166589,0.3552817165021759,0.33170047526667334,0.36360911172835486,0.7971431587247622,0.7687424581719237,0.8219616286598608,0.8653390860320976,0.25506888423615615,0.8506276381170174,49.99,49.99
10,14,G2,0.897406179166589,0.8459166545928212,0.9026958706368101,0.36360911172835486,0.3552817165021759,0.3598962207838762,0.8219616286598608,0.7971431587247622,0.8280054398601961,0.8653390860320976,0.25506888423615615,0.8506276381170174,49.99,49.99
10,15,G2,0.9026958706368101,0.897406179166589,0.8593103837001108,0.3598962207838762,0.36360911172835486,0.3171518670459984,0.8280054398601961,0.8219616286598608,0.8344194068192088,0.8653390860320976,0.25506888423615615,0.8506276381170174,49.99,49.99
10,16,G2,0.8593103837001108,0.9026958706368101,0.7944076158706399,0.3171518670459984,0.3598962207838762,0.29875700109014014,0.8344194068192088,0.8280054398601961,0.8091765030532508,0.8653390860320976,0.25506888423615615,0.8506276381170174,49.99,49.99
10,17,G2,0.7944076158706399,0.8593103837001108,0.7172368386004593,0.29875700109014014,0.3171518670459984,0.28585615129767505,0.8091765030532508,0.8344194068192088,0.7723006683476948,0.8653390860320976,0.25506888423615615,0.8506276381170174,49.99,49.99
10,18,G2,0.7172368386004593,0.7944076158706399,0.6512313258341779,0.28585615129767505,0.29875700109014014,0.2657102085657115,0.7723006683476948,0.8091765030532508,0.7477291301001628,0.8653390860320976,0.25506888423615615,0.8506276381170174,49.99,49.99
10,19,G2,0.6512313258341779,0.7172368386004593,0.6049693074963601,0.2657102085657115,0.28585615129767505,0.23231009262132907,0.7477291301001628,0.7723006683476948,0.7452538328220164,0.8653390860320976,0.25506888423615615,0.8506276381170174,49.99,49.99
10,20,G2,0.6049693074963601,0.6512313258341779,0.5756235847270171,0.23231009262132907,0.2657102085657115,0.22729658847948433,0.7452538328220164,0.7477291301001628,0.7313134370461645,0.8653390860320976,0.25506888423615615,0.8506276381170174,49.99,49.99
10,21,G2,0.5756235847270171,0.6049693074963601,0.5593233371335636,0.22729658847948433,0.23231009262132907,0.19010561600337647,0.7313134370461645,0.7452538328220164,0.7498856808021517,0.8653390860320976,0.25506888423615615,0.8506276381170174,49.99,49.99
10,22,G2,0.5593233371335636,0.5756235847270171,0.5527830563995974,0.19010561600337647,0.22729658847948433,0.1860458516012738,0.7498856808021517,0.7313134370461645,0.7490292780973757,0.8653390860320976,0.25506888423615615,0.8506276381170174,49.99,49.99
10,23,G2,0.5527830563995974,0.5593233371335636,0.5536328612530576,0.1860458516012738,0.19010561600337647,0.21433971337151725,0.7490292780973757,0.7498856808021517,0.7279035028807941,0.8653390860320976,0.25506888423615615,0.8506276381170174,49.99,49.99
11,0,G2,0.13790826855302446,0.14835003644708317,0.15773622599828035,0.6409830705529856,0.6149851177799502,0.5938588348613034,0.14977800839167202,0.17598716782363896,0.19783086608232708,0.20884685633891897,0.8801403030627587,0.10542132282016708,30.0,40.0
11,1,G2,0.15773622599828035,0.13790826855302446,0.15754071035921963,0.5938588348613034,0.6409830705529856,0.5753716785255083,0.19783086608232708,0.14977800839167202,0.21185230898410287,0.20884685633891897,0.8801403030627587,0.10542132282016708,30.0,40.0
11,2,G2,0.15754071035921963,0.15773622599828035,0.19321179556790458,0.5753716785255083,0.5938588348613034,0.5972806423110985,0.21185230898410287,0.19783086608232708,0.2167015709883589,0.20884685633891897,0.8801403030627587,0.10542132282016708,30.0,40.0
11,3,G2,0.19321179556790458,0.15754071035921963,0.21984702059359104,0.5972806423110985,0.5753716785255083,0.6005719386895506,0.2167015709883589,0.21185230898410287,0.23031742168604427,0.20884685633891897,0.8801403030627587,0.10542132282016708,30.0,40.0
11,4,G2,0.21984702059359104,0.19321179556790458,0.2658316670530163,0.6005719386895506,0.5972806423110985,0.6610231829930874,0.23031742168604427,0.2167015709883589,0.21193470519663393,0.20884685633891897,0.8801403030627587,0.10542132282016708,30.0,40.0
11,5,G2,0.2658316670530163,0.21984702059359104,0.31260299808370756,0.6610231829930874,0.6005719386895506,0.6366666143235163,0.21193470519663393,0.23031742168604427,0.2588935946512327,0.20884685633891897,0.8801403030627587,0.10542132282016708,30.0,40.0
11,6,G2,0.31260299808370756,0.2658316670530163,0.35112918226357437,0.6366666143235163,0.6610231829930874,0.6726942416885416,0.2588935946512327,0.21193470519663393,0.2546735809207297,0.20884685633891897,0.8801403030627587,0.10542132282016708,30.0,40.0
11,7,G2,0.35112918226357437,0.31260299808370756,0.34070376549286874,0.6726942416885416,0.6366666143235163,0.6459203643511328,0.2546735809207297,0.2588935946512327,0.268836765402265,0.20884685633891897,0.8801403030627587,0.10542132282016708,30.0,40.0
11,8,G2,0.34070376549286874,0.35112918226357437,0.29528876410823335,0.6459203643511328,0.6726942416885416,0.700680573657566,0.268836765402265,0.2546735809207297,0.1994452467125535,0.20884685633891897,0.8801403030627587,0.10542132282016708,30.0,40.0
11,9,G2,0.29528876410823335,0.34070376549286874,0.27617631071044835,0.700680573657566,0.6459203643511328,0.7432526758266753,0.1994452467125535,0.268836765402265,0.15530746737586418,0.20884685633891897,0.8801403030627587,0.10542132282016708,30.0,40.0
11,10,G2,0.27617631071044835,0.29528876410823335,0.27397693473782436,0.7432526758266753,0.700680573657566,0.779048389099144,0.15530746737586418,0.1994452467125535,0.12659699848916434,0.20884685633891897,0.8801403030627587,0.10542132282016708,30.0,40.0
11,11,G2,0.27397693473782436,0.27617631071044835,0.3034906059826055,0.779048389099144,0.7432526758266753,0.8373889325551489,0.12659699848916434,0.15530746737586418,0.09985203149210989,0.20884685633891897,0.8801403030627587,0.10542132282016708,30.0,40.0
11,12,G2,0.3034906059826055,0.27397693473782436,0.3596655670389859,0.8373889325551489,0.779048389099144,0.8571028712033618,0.09985203149210989,0.12659699848916434,0.11879953462959553,0.20884685633891897,0.8801403030627587,0.10542132282016708,30.0,40.0
11,13,G2,0.3596655670389859,0.3034906059826055,0.3945280451566347,0.8571028712033618,0.8373889325551489,0.8761137822132985,0.11879953462959553,0.09985203149210989,0.12537558660545586,0.20884685633891897,0.8801403030627587,0.10542132282016708,30.0,40.0
11,14,G2,0.3945280451566347,0.3596655670389859,0.4044901690567625,0.8761137822132985,0.8571028712033618,0.8640906056845175,0.12537558660545586,0.11879953462959553,0.1406056387810404,0.20884685633891897,0.8801403030627587,0.10542132282016708,30.0,40.0
11,15,G2,0.4044901690567625,0.3945280451566347,0.36575613601692847,0.8640906056845175,0.8761137822132985,0.863042319267805,0.1406056387810404,0.12537558660545586,0.11794587023352564,0.20884685633891897,0.8801403030627587,0.10542132282016708,30.0,40.0
11,16,G2,0.36575613601692847,0.4044901690567625,0.318176894645563,0.863042319267805,0.8640906056845175,0.8384277562863667,0.11794587023352564,0.1406056387810404,0.10795310476764496,0.20884685633891897,0.8801403030627587,0.10542132282016708,30.0,40.0
11,17,G2,0.318176894645563,0.36575613601692847,0.2680854776165232,0.8384277562863667,0.863042319267805,0.7916692958929034,0.10795310476764496,0.11794587023352564,0.11337541248548437,0.20884685633891897,0.8801403030627587,0.10542132282016708,30.0,40.0
11,18,G2,0.2680854776165232,0.318176894645563,0.2212831302663714,0.7916692958929034,0.8384277562863667,0.746700330477439,0.11337541248548437,0.10795310476764496,0.11942124694608776,0.20884685633891897,0.8801403030627587,0.10542132282016708,30.0,40.0
11,19,G2,0.2212831302663714,0.2680854776165232,0.18489940035427668,0.746700330477439,0.7916692958929034,0.7358892487297342,0.11942124694608776,0.11337541248548437,0.10565213447128428,0.20884685633891897,0.8801403030627587,0.10542132282016708,30.0,40.0
11,20,G2,0.18489940035427668,0.2212831302663714,0.1558799104004005,0.7358892487297342,0.746700330477439,0.6857712366919774,0.10565213447128428,0.11942124694608776,0.12640744302278403,0.20884685633891897,0.8801403030627587,0.10542132282016708,30.0,40.0
11,21,G2,0.1558799104004005,0.18489940035427668,0.15399344991251965,0.6857712366919774,0.7358892487297342,0.6245238135757305,0.12640744302278403,0.10565213447128428,0.17210977916295087,0.20884685633891897,0.8801403030627587,0.10542132282016708,30.0,40.0
11,22,G2,0.15399344991251965,0.1558799104004005,0.14835003644708317,0.6245238135757305,0.6857712366919774,0.6149851177799502,0.17210977916295087,0.12640744302278403,0.17598716782363896,0.20884685633891897,0.8801403030627587,0.10542132282016708,30.0,40.0
11,23,G2,0.14835003644708317,0.15399344991251965,0.13790826855302446,0.6149851177799502,0.6245238135757305,0.6409830705529856,0.17598716782363896,0.17210977916295087,0.14977800839167202,0.20884685633891897,0.8801403030627587,0.10542132282016708,30.0,40.0
12,0,G2,0.3132449650349798,0.3650325536006365,0.29582706509333556,0.6231098769258612,0.6991909227290433,0.6357582806511987,0.26965128610324657,0.24282903756526528,0.24942700012088506,0.5346535440355741,0.9521865415072083,0.21929422238117913,30.0,40.0
12,1,G2,0.29582706509333556,0.3132449650349798,0.3414285299968766,0.6357582806511987,0.6231098769258612,0.6904273695216484,0.24942700012088506,0.26965128610324657,0.23523465839607877,0.5346535440355741,0.9521865415072083,0.21929422238117913,30.0,40.0
12,2,G2,0.3414285299968766,0.29582706509333556,0.36956650464671525,0.6904273695216484,0.6357582806511987,0.7040315369816903,0.23523465839607877,0.24942700012088506,0.2418729569102214,0.5346535440355741,0.9521865415072083,0.21929422238117913,30.0,40.0
12,3,G2,0.36956650464671525,0.3414285299968766,0.41105755670458966,0.7040315369816903,0.6904273695216484,0.6799436835040411,0.2418729569102214,0.23523465839607877,0.28542800806334645,0.5346535440355741,0.9521865415072083,0.21929422238117913,30.0,40.0
12,4,G2,0.41105755670458966,0.36956650464671525,0.48846799714728273,0.6799436835040411,0.7040315369816903,0.7302092619590853,0.28542800806334645,0.2418729569102214,0.2938706629840722,0.5346535440355741,0.9521865415072083,0.21929422238117913,30.0,40.0
12,5,G2,0.48846799714728273,0.41105755670458966,0.5286449576204783,0.7302092619590853,0.6799436835040411,0.7074742716487038,0.2938706629840722,0.28542800806334645,0.3355950221948839,0.5346535440355741,0.9521865415072083,0.21929422238117913,30.0,40.0
12,6,G2,0.5286449576204783,0.48846799714728273,0.5402845608462569,0.7074742716487038,0.7302092619590853,0.7083814934210027,0.3355950221948839,0.2938706629840722,0.34195134650906495,0.5346535440355741,0.9521865415072083,0.21929422238117913,30.0,40.0
12,7,G2,0.5402845608462569,0.5286449576204783,0.5214235327722844,0.7083814934210027,0.7074742716487038,0.7690201782737925,0.34195134650906495,0.3355950221948839,0.2841476642699845,0.5346535440355741,0.9521865415072083,0.21929422238117913,30.0,40.0
12,8,G2,0.5214235327722844,0.5402845608462569,0.5081449425762866,0.7690201782737925,0.7083814934210027,0.7942212625145935,0.2841476642699845,0.34195134650906495,0.25682969979438625,0.5346535440355741,0.9521865415072083,0.21929422238117913,30.0,40.0
12,9,G2,0.5081449425762866,0.5214235327722844,0.4804599674962782,0.7942212625145935,0.7690201782737925,0.7874676701627594,0.25682969979438625,0.2841476642699845,0.2452261370301041,0.5346535440355741,0.9521865415072083,0.21929422238117913,30.0,40.0
12,10,G2,0.4804599674962782,0.5081449425762866,0.4549873278049171,0.7874676701627594,0.7942212625145935,0.8538604054668,0.2452261370301041,0.25682969979438625,0.1790167675939548,0.5346535440355741,0.9521865415072083,0.21929422238117913,30.0,40.0
12,11,G2,0.4549873278049171,0.4804599674962782,0.5068197652320154,0.8538604054668,0.7874676701627594,0.8730784018558094,0.1790167675939548,0.2452261370301041,0.19571328607153562,0.5346535440355741,0.9521865415072083,0.21929422238117913,30.0,40.0
12,12,G2,0.5068197652320154,0.4549873278049171,0.6007265123890037,0.8730784018558094,0.8538604054668,0.9010632190413034,0.19571328607153562,0.1790167675939548,0.23118930119774816,0.5346535440355741,0.9521865415072083,0.21929422238117913,30.0,40.0
12,13,G2,0.6007265123890037,0.5068197652320154,0.7025734471562806,0.9010632190413034,0.8730784018558094,0.919115521348638,0.23118930119774816,0.19571328607153562,0.27907162486896364,0.5346535440355741,0.9521865415072083,0.21929422238117913,30.0,40.0
12,14,G2,0.7025734471562806,0.6007265123890037,0.6602539106973779,0.919115521348638,0.9010632190413034,0.9126134927422237,0.27907162486896364,0.23118930119774816,0.25841136995145275,0.5346535440355741,0.9521865415072083,0.21929422238117913,30.0,40.0
12,15,G2,0.6602539106973779,0.7025734471562806,0.6336336706197481,0.9126134927422237,0.919115521348638,0.8837028810969123,0.25841136995145275,0.27907162486896364,0.26439948323916757,0.5346535440355741,0.9521865415072083,0.21929422238117913,30.0,40.0
12,16,G2,0.6336336706197481,0.6602539106973779,0.5626629549990382,0.8837028810969123,0.9126134927422237,0.8598944052630475,0.26439948323916757,0.25841136995145275,0.23962175932680674,0.5346535440355741,0.9521865415072083,0.21929422238117913,30.0,40.0
12,17,G2,0.5626629549990382,0.6336336706197481,0.5210225530757856,0.8598944052630475,0.8837028810969123,0.8395171044359202,0.23962175932680674,0.26439948323916757,0.22998533938775956,0.5346535440355741,0.9521865415072083,0.21929422238117913,30.0,40.0
12,18,G2,0.5210225530757856,0.5626629549990382,0.47161356667626375,0.8395171044359202,0.8598944052630475,0.796233766189901,0.22998533938775956,0.23962175932680674,0.23316306045121363,0.5346535440355741,0.9521865415072083,0.21929422238117913,30.0,40.0
12,19,G2,0.47161356667626375,0.5210225530757856,0.46679166834211455,0.796233766189901,0.8395171044359202,0.7248320289496746,0.23316306045121363,0.22998533938775956,0.28485388476260304,0.5346535440355741,0.9521865415072083,0.21929422238117913,30.0,40.0
12,20,G2,0.46679166834211455,0.47161356667626375,0.440703322169376,0.7248320289496746,0.796233766189901,0.6813811467368701,0.28485388476260304,0.23316306045121363,0.30228527086468787,0.5346535440355741,0.9521865415072083,0.21929422238117913,30.0,40.0
12,21,G2,0.440703322169376,0.46679166834211455,0.39518913067587674,0.6813811467368701,0.7248320289496746,0.6622617680634849,0.30228527086468787,0.28485388476260304,0.2893403425969961,0.5346535440355741,0.9521865415072083,0.21929422238117913,30.0,40.0
12,22,G2,0.39518913067587674,0.440703322169376,0.3650325536006365,0.6622617680634849,0.6813811467368701,0.6991909227290433,0.2893403425969961,0.30228527086468787,0.24282903756526528,0.5346535440355741,0.9521865415072083,0.21929422238117913,30.0,40.0
12,23,G2,0.3650325536006365,0.39518913067587674,0.3132449650349798,0.6991909227290433,0.6622617680634849,0.6231098769258612,0.24282903756526528,0.2893403425969961,0.26965128610324657,0.5346535440355741,0.9521865415072083,0.21929422238117913,30.0,40.0
13,0,G2,0.2203695479740992,0.22055430537900889,0.2257009127971217,0.14680361577545706,0.14858936794747069,0.14589699537225786,0.5776978115160882,0.576443891365098,0.5816204936318207,0.32700770009654784,0.1640587407500796,0.643704792429229,30.0,40.0
13,1,G2,0.2257009127971217,0.2203695479740992,0.23779924964482532,0.14589699537225786,0.14680361577545706,0.14716739295106526,0.5816204936318207,0.5776978115160882,0.5879769026172843,0.32700770009654784,0.1640587407500796,0.643704792429229,30.0,40.0
13,2,G2,0.23779924964482532,0.2257009127971217,0.26545546149384547,0.14716739295106526,0.14589699537225786,0.13456819717285287,0.5879769026172843,0.5816204936318207,0.6143649886308777,0.32700770009654784,0.1640587407500796,0.643704792429229,30.0,40.0
13,3,G2,0.26545546149384547,0.23779924964482532,0.30452423198742395,0.13456819717285287,0.14716739295106526,0.14476474577170123,0.6143649886308777,0.5879769026172843,0.6302304786622923,0.32700770009654784,0.1640587407500796,0.643704792429229,30.0,40.0
13,4,G2,0.30452423198742395,0.26545546149384547,0.35622291742617196,0.14476474577170123,0.13456819717285287,0.1490092563122324,0.6302304786622923,0.6143649886308777,0.6582984262455466,0.32700770009654784,0.1640587407500796,0.643704792429229,30.0,40.0
13,5,G2,0.35622291742617196,0.30452423198742395,0.40207602473114895,0.1490092563122324,0.14476474577170123,0.14913758084663703,0.6582984262455466,0.6302304786622923,0.685973912634646,0.32700770009654784,0.1640587407500796,0.643704792429229,30.0,40.0
13,6,G2,0.40207602473114895,0.35622291742617196,0.42480679757879813,0.14913758084663703,0.1490092563122324,0.16207660790247966,0.685973912634646,0.6582984262455466,0.6898457523427297,0.32700770009654784,0.1640587407500796,0.643704792429229,30.0,40.0
13,7,G2,0.42480679757879813,0.40207602473114895,0.4119092988696239,0.16207660790247966,0.14913758084663703,0.1687213276586699,0.6898457523427297,0.685973912634646,0.6769514205656267,0.32700770009654784,0.1640587407500796,0.643704792429229,30.0,40.0
13,8,G2,0.4119092988696239,0.42480679757879813,0.3748623260036705,0.1687213276586699,0.16207660790247966,0.18700970549542711,0.6769514205656267,0.6898457523427297,0.6405239063038485,0.32700770009654784,0.1640587407500796,0.643704792429229,30.0,40.0
13,9,G2,0.3748623260036705,0.4119092988696239,0.344937876827219,0.18700970549542711,0.1687213276586699,0.22848937836179933,0.6405239063038485,0.6769514205656267,0.5906727474977292,0.32700770009654784,0.1640587407500796,0.643704792429229,30.0,40.0
13,10,G2,0.344937876827219,0.3748623260036705,0.3484239907818691,0.22848937836179933,0.18700970549542711,0.2625794487653129,0.5906727474977292,0.6405239063038485,0.5667105883581713,0.32700770009654784,0.1640587407500796,0.643704792429229,30.0,40.0
13,11,G2,0.3484239907818691,0.344937876827219,0.3952331837347208,0.2625794487653129,0.22848937836179933,0.2796996219543525,0.5667105883581713,0.5906727474977292,0.581968999274785,0.32700770009654784,0.1640587407500796,0.643704792429229,30.0,40.0
13,12,G2,0.3952331837347208,0.3484239907818691,0.4522163537183464,0.2796996219543525,0.2625794487653129,0.2872253753937604,0.581968999274785,0.5667105883581713,0.610728153414282,0.32700770009654784,0.1640587407500796,0.643704792429229,30.0,40.0
13,13,G2,0.4522163537183464,0.3952331837347208,0.4899504189309872,0.2872253753937604,0.2796996219543525,0.29810272331447735,0.610728153414282,0.581968999274785,0.6252644924344591,0.32700770009654784,0.1640587407500796,0.643704792429229,30.0,40.0
13,14,G2,0.4899504189309872,0.4522163537183464,0.4920540158034301,0.29810272331447735,0.2872253753937604,0.28559267041243913,0.6252644924344591,0.610728153414282,0.6361069513732178,0.32700770009654784,0.1640587407500796,0.643704792429229,30.0,40.0
13,15,G2,0.4920540158034301,0.4899504189309872,0.458818979574638,0.28559267041243913,0.29810272331447735,0.26085322803468564,0.6361069513732178,0.6252644924344591,0.6348981124062298,0.32700770009654784,0.1640587407500796,0.643704792429229,30.0,40.0
13,16,G2,0.458818979574638,0.4920540158034301,0.4052491404714444,0.26085322803468564,0.28559267041243913,0.2353248311680268,0.6348981124062298,0.6361069513732178,0.6219757327918216,0.32700770009654784,0.1640587407500796,0.643704792429229,30.0,40.0
13,17,G2,0.4052491404714444,0.458818979574638,0.346747041961925,0.2353248311680268,0.26085322803468564,0.21886780341881215,0.6219757327918216,0.6348981124062298,0.5991276193107875,0.32700770009654784,0.1640587407500796,0.643704792429229,30.0,40.0
13,18,G2,0.346747041961925,0.4052491404714444,0.29570978196634556,0.21886780341881215,0.2353248311680268,0.20284748393600824,0.5991276193107875,0.6219757327918216,0.5804670094168509,0.32700770009654784,0.1640587407500796,0.643704792429229,30.0,40.0
13,19,G2,0.29570978196634556,0.346747041961925,0.25632875385855514,0.20284748393600824,0.21886780341881215,0.17334374987204235,0.5804670094168509,0.5991276193107875,0.5791794484470519,0.32700770009654784,0.1640587407500796,0.643704792429229,30.0,40.0
13,20,G2,0.25632875385855514,0.29570978196634556,0.23516275587965377,0.17334374987204235,0.20284748393600824,0.1558401176890986,0.5791794484470519,0.5804670094168509,0.5797466368721741,0.32700770009654784,0.1640587407500796,0.643704792429229,30.0,40.0
13,21,G2,0.23516275587965377,0.25632875385855514,0.2248552728954929,0.1558401176890986,0.17334374987204235,0.1494560503829222,0.5797466368721741,0.5791794484470519,0.5783861451567985,0.32700770009654784,0.1640587407500796,0.643704792429229,30.0,40.0
13,22,G2,0.2248552728954929,0.23516275587965377,0.22055430537900889,0.1494560503829222,0.1558401176890986,0.14858936794747069,0.5783861451567985,0.5797466368721741,0.576443891365098,0.32700770009654784,0.1640587407500796,0.643704792429229,30.0,40.0
13,23,G2,0.22055430537900889,0.2248552728954929,0.2203695479740992,0.14858936794747069,0.1494560503829222,0.14680361577545706,0.576443891365098,0.5783861451567985,0.5776978115160882,0.32700770009654784,0.1640587407500796,0.643704792429229,30.0,40.0
14,0,G2,0.02299584777960771,0.08157357866052757,0.06187851901878814,0.09773047450103858,0.09073975073888524,0.09336279322231308,0.49568030906507454,0.5365082045604169,0.5225725022997271,0.06258376434710176,0.08365059985955038,0.5659739056534616,30.0,40.0
14,1,G2,0.06187851901878814,0.02299584777960771,0.04639529142482149,0.09336279322231308,0.09773047450103858,0.09758741204266895,0.5225725022997271,0.49568030906507454,0.5099629813976527,0.06258376434710176,0.08365059985955038,0.5659739056534616,30.0,40.0
14,2,G2,0.04639529142482149,0.06187851901878814,0.06359057238445716,0.09758741204266895,0.09336279322231308,0.08327144451763231,0.5099629813976527,0.5225725022997271,0.5313278582715755,0.06258376434710176,0.08365059985955038,0.5659739056534616,30.0,40.0
14,3,G2,0.06359057238445716,0.04639529142482149,0.10626223114363702,0.08327144451763231,0.09758741204266895,0.08137098300112063,0.5313278582715755,0.5099629813976527,0.5586280263452513,0.06258376434710176,0.08365059985955038,0.5659739056534616,30.0,40.0
14,4,G2,0.10626223114363702,0.06359057238445716,0.22824729776607544,0.08137098300112063,0.08327144451763231,0.09142306237852864,0.5586280263452513,0.5313278582715755,0.6248271519090434,0.06258376434710176,0.08365059985955038,0.5659739056534616,30.0,40.0
14,5,G2,0.22824729776607544,0.10626223114363702,0.23970256848968546,0.09142306237852864,0.08137098300112063,0.104413375126257,0.6248271519090434,0.5586280263452513,0.6218300938607461,0.06258376434710176,0.08365059985955038,0.5659739056534616,30.0,40.0
14,6,G2,0.23970256848968546,0.22824729776607544,0.21177799983090823,0.104413375126257,0.09142306237852864,0.12038117040207984,0.6218300938607461,0.6248271519090434,0.5927029944371859,0.06258376434710176,0.08365059985955038,0.5659739056534616,30.0,40.0
14,7,G2,0.21177799983090823,0.23970256848968546,0.23471511779736123,0.12038117040207984,0.104413375126257,0.13079325029533012,0.5927029944371859,0.6218300938607461,0.5986325502387493,0.06258376434710176,0.08365059985955038,0.5659739056534616,30.0,40.0
14,8,G2,0.23471511779736123,0.21177799983090823,0.18176889803002905,0.13079325029533012,0.12038117040207984,0.1529722304226879,0.5986325502387493,0.5927029944371859,0.5495990004233832,0.06258376434710176,0.08365059985955038,0.5659739056534616,30.0,40.0
14,9,G2,0.18176889803002905,0.23471511779736123,0.15387002043787132,0.1529722304226879,0.13079325029533012,0.16053564652151367,0.5495990004233832,0.5986325502387493,0.5269155366922053,0.06258376434710176,0.08365059985955038,0.5659739056534616,30.0,40.0
14,10,G2,0.15387002043787132,0.18176889803002905,0.1623767111040852,0.16053564652151367,0.1529722304226879,0.1785373458121408,0.5269155366922053,0.5495990004233832,0.518299547425367,0.06258376434710176,0.08365059985955038,0.5659739056534616,30.0,40.0
14,11,G2,0.1623767111040852,0.15387002043787132,0.20534789140473017,0.1785373458121408,0.16053564652151367,0.20020594777319828,0.518299547425367,0.5269155366922053,0.5277543823081485,0.06258376434710176,0.08365059985955038,0.5659739056534616,30.0,40.0
14,12,G2,0.20534789140473017,0.1623767111040852,0.25219749243790546,0.20020594777319828,0.1785373458121408,0.20812073816766047,0.5277543823081485,0.518299547425367,0.5500779893278632,0.06258376434710176,0.08365059985955038,0.5659739056534616,30.0,40.0
14,13,G2,0.25219749243790546,0.20534789140473017,0.2933679869524445,0.20812073816766047,0.20020594777319828,0.2069060260555508,0.5500779893278632,0.5277543823081485,0.5759443946527552,0.06258376434710176,0.08365059985955038,0.5659739056534616,30.0,40.0
14,14,G2,0.2933679869524445,0.25219749243790546,0.30429500400736487,0.2069060260555508,0.20812073816766047,0.19727511728247854,0.5759443946527552,0.5500779893278632,0.5899291694845252,0.06258376434710176,0.08365059985955038,0.5659739056534616,30.0,40.0
14,15,G2,0.30429500400736487,0.2933679869524445,0.29333203801695334,0.19727511728247854,0.2069060260555508,0.19301005387475326,0.5899291694845252,0.5759443946527552,0.5865509295360778,0.06258376434710176,0.08365059985955038,0.5659739056534616,30.0,40.0
14,16,G2,0.29333203801695334,0.30429500400736487,0.23159313201263387,0.19301005387475326,0.19727511728247854,0.18973555229598263,0.5865509295360778,0.5899291694845252,0.5516596213801214,0.06258376434710176,0.08365059985955038,0.5659739056534616,30.0,40.0
14,17,G2,0.23159313201263387,0.29333203801695334,0.16266579838634598,0.18973555229598263,0.19301005387475326,0.16581808772560325,0.5516596213801214,0.5865509295360778,0.5282029519677747,0.06258376434710176,0.08365059985955038,0.5659739056534616,30.0,40.0
14,18,G2,0.16266579838634598,0.23159313201263387,0.09867756333945299,0.16581808772560325,0.18973555229598263,0.14002681133091666,0.5282029519677747,0.5516596213801214,0.5091711201451776,0.06258376434710176,0.08365059985955038,0.5659739056534616,30.0,40.0
14,19,G2,0.09867756333945299,0.16266579838634598,0.0885920923234182,0.14002681133091666,0.16581808772560325,0.12462418964421153,0.5091711201451776,0.5282029519677747,0.5148429282455941,0.06258376434710176,0.08365059985955038,0.5659739056534616,30.0,40.0
14,20,G2,0.0885920923234182,0.09867756333945299,0.07131835642760259,0.12462418964421153,0.14002681133091666,0.10921593725237679,0.5148429282455941,0.5091711201451776,0.516165046968697,0.06258376434710176,0.08365059985955038,0.5659739056534616,30.0,40.0
14,21,G2,0.07131835642760259,0.0885920923234182,0.07572034051799517,0.10921593725237679,0.12462418964421153,0.10466549819697193,0.516165046968697,0.5148429282455941,0.5223117630835455,0.06258376434710176,0.08365059985955038,0.5659739056534616,30.0,40.0
14,22,G2,0.07572034051799517,0.07131835642760259,0.08157357866052757,0.10466549819697193,0.10921593725237679,0.09073975073888524,0.5223117630835455,0.516165046968697,0.5365082045604169,0.06258376434710176,0.08365059985955038,0.5659739056534616,30.0,40.0
14,23,G2,0.08157357866052757,0.07572034051799517,0.02299584777960771,0.09073975073888524,0.10466549819697193,0.09773047450103858,0.5365082045604169,0.5223117630835455,0.49568030906507454,0.06258376434710176,0.08365059985955038,0.5659739056534616,30.0,40.0
15,0,G2,0.3818971777706396,0.33395440322342673,0.3971156041835692,0.5622331002998164,0.5703670789287569,0.5572646507719747,0.3577960360923111,0.322535411857188,0.37081408214883516,0.5603198664254537,0.8031941441001567,0.33183074405750573,30.0,40.0
15,1,G2,0.3971156041835692,0.3818971777706396,0.38096998664944226,0.5572646507719747,0.5622331002998164,0.5527654059677832,0.37081408214883516,0.3577960360923111,0.36447577725793,0.5603198664254537,0.8031941441001567,0.33183074405750573,30.0,40.0
15,2,G2,0.38096998664944226,0.3971156041835692,0.39784536353464894,0.5527654059677832,0.5572646507719747,0.556883520322788,0.36447577725793,0.37081408214883516,0.37154761082503995,0.5603198664254537,0.8031941441001567,0.33183074405750573,30.0,40.0
15,3,G2,0.39784536353464894,0.38096998664944226,0.44470434350776233,0.556883520322788,0.5527654059677832,0.5563541292552022,0.37154761082503995,0.36447577725793,0.4003354158433766,0.5603198664254537,0.8031941441001567,0.33183074405750573,30.0,40.0
15,4,G2,0.44470434350776233,0.39784536353464894,0.530145328186833,0.5563541292552022,0.556883520322788,0.5679796840001161,0.4003354158433766,0.37154761082503995,0.44319599591660525,0.5603198664254537,0.8031941441001567,0.33183074405750573,30.0,40.0
15,5,G2,0.530145328186833,0.44470434350776233,0.5821987488719169,0.5679796840001161,0.5563541292552022,0.5887351737401625,0.44319599591660525,0.4003354158433766,0.4588504168800916,0.5603198664254537,0.8031941441001567,0.33183074405750573,30.0,40.0
15,6,G2,0.5821987488719169,0.530145328186833,0.6137779415319101,0.5887351737401625,0.5679796840001161,0.6100827767617203,0.4588504168800916,0.44319599591660525,0.461650538926968,0.5603198664254537,0.8031941441001567,0.33183074405750573,30.0,40.0
15,7,G2,0.6137779415319101,0.5821987488719169,0.5831269330260505,0.6100827767617203,0.5887351737401625,0.6391436707353841,0.461650538926968,0.4588504168800916,0.4208577774974014,0.5603198664254537,0.8031941441001567,0.33183074405750573,30.0,40.0
15,8,G2,0.5831269330260505,0.6137779415319101,0.5413727359375293,0.6391436707353841,0.6100827767617203,0.6776123420011616,0.4208577774974014,0.461650538926968,0.3661441942880183,0.5603198664254537,0.8031941441001567,0.33183074405750573,30.0,40.0
15,9,G2,0.5413727359375293,0.5831269330260505,0.5102950774798188,0.6776123420011616,0.6391436707353841,0.7135850051239241,0.3661441942880183,0.4208577774974014,0.3198065529115462,0.5603198664254537,0.8031941441001567,0.33183074405750573,30.0,40.0
15,10,G2,0.5102950774798188,0.5413727359375293,0.5014568970305959,0.7135850051239241,0.6776123420011616,0.7503683120964104,0.3198065529115462,0.3661441942880183,0.2863195417936702,0.5603198664254537,0.8031941441001567,0.33183074405750573,30.0,40.0
15,11,G2,0.5014568970305959,0.5102950774798188,0.5572031672966763,0.7503683120964104,0.7135850051239241,0.7812205574868576,0.2863195417936702,0.3198065529115462,0.29648826911008913,0.5603198664254537,0.8031941441001567,0.33183074405750573,30.0,40.0
15,12,G2,0.5572031672966763,0.5014568970305959,0.6299569914697356,0.7812205574868576,0.7503683120964104,0.8103411307473982,0.29648826911008913,0.2863195417936702,0.3182830895243643,0.5603198664254537,0.8031941441001567,0.33183074405750573,30.0,40.0
15,13,G2,0.6299569914697356,0.5572031672966763,0.6615872266723732,0.8103411307473982,0.7812205574868576,0.8176973724210534,0.3182830895243643,0.29648826911008913,0.3318153962009636,0.5603198664254537,0.8031941441001567,0.33183074405750573,30.0,40.0
15,14,G2,0.6615872266723732,0.6299569914697356,0.6735245256894306,0.8176973724210534,0.8103411307473982,0.8046877362658659,0.3318153962009636,0.3182830895243643,0.34899632140486186,0.5603198664254537,0.8031941441001567,0.33183074405750573,30.0,40.0
15,15,G2,0.6735245256894306,0.6615872266723732,0.6537025176193189,0.8046877362658659,0.8176973724210534,0.7828970574892611,0.34899632140486186,0.3318153962009636,0.35365651640002604,0.5603198664254537,0.8031941441001567,0.33183074405750573,30.0,40.0
15,16,G2,0.6537025176193189,0.6735245256894306,0.5823757259963603,0.7828970574892611,0.8046877362658659,0.7461220458428394,0.35365651640002604,0.34899632140486186,0.33858054581335795,0.5603198664254537,0.8031941441001567,0.33183074405750573,30.0,40.0
15,17,G2,0.5823757259963603,0.6537025176193189,0.507709148526351,0.7461220458428394,0.7828970574892611,0.706006063881562,0.33858054581335795,0.35365651640002604,0.3240369723865266,0.5603198664254537,0.8031941441001567,0.33183074405750573,30.0,40.0
15,18,G2,0.507709148526351,0.5823757259963603,0.4401194234555835,0.706006063881562,0.7461220458428394,0.6656564096686545,0.3240369723865266,0.33858054581335795,0.31395863524454587,0.5603198664254537,0.8031941441001567,0.33183074405750573,30.0,40.0
15,19,G2,0.4401194234555835,0.507709148526351,0.3868107426525557,0.6656564096686545,0.706006063881562,0.6320168322964572,0.31395863524454587,0.3240369723865266,0.3073982634419358,0.5603198664254537,0.8031941441001567,0.33183074405750573,30.0,40.0
15,20,G2,0.3868107426525557,0.4401194234555835,0.36397412115957983,0.6320168322964572,0.6656564096686545,0.60700570759701,0.3073982634419358,0.31395863524454587,0.3126956325625401,0.5603198664254537,0.8031941441001567,0.33183074405750573,30.0,40.0
15,21,G2,0.36397412115957983,0.3868107426525557,0.3438352063553794,0.60700570759701,0.6320168322964572,0.5870320068314888,0.3126956325625401,0.3073982634419358,0.31577416194581986,0.5603198664254537,0.8031941441001567,0.33183074405750573,30.0,40.0
15,22,G2,0.3438352063553794,0.36397412115957983,0.33395440322342673,0.5870320068314888,0.60700570759701,0.5703670789287569,0.31577416194581986,0.3126956325625401,0.322535411857188,0.5603198664254537,0.8031941441001567,0.33183074405750573,30.0,40.0
15,23,G2,0.33395440322342673,0.3438352063553794,0.3818971777706396,0.5703670789287569,0.5870320068314888,0.5622331002998164,0.322535411857188,0.31577416194581986,0.3577960360923111,0.5603198664254537,0.8031941441001567,0.33183074405750573,30.0,40.0
16,0,G2,0.5603075481323152,0.6162907422469714,0.5672467256396699,0.2974096133647716,0.30266108125833485,0.2919813121685233,0.6684105556642284,0.6983034987530957,0.6767655037009538,0.8684511303824349,0.3856447409876859,0.7647424108168205,30.0,40.0
16,1,G2,0.5672467256396699,0.5603075481323152,0.5745263882150317,0.2919813121685233,0.2974096133647716,0.2844255316610971,0.6767655037009538,0.6684105556642284,0.6869538853203953,0.8684511303824349,0.3856447409876859,0.7647424108168205,30.0,40.0
16,2,G2,0.5745263882150317,0.5672467256396699,0.5497727296131706,0.2844255316610971,0.2919813121685233,0.272356896662297,0.6869538853203953,0.6767655037009538,0.6811910478992533,0.8684511303824349,0.3856447409876859,0.7647424108168205,30.0,40.0
16,3,G2,0.5497727296131706,0.5745263882150317,0.6240938823871351,0.272356896662297,0.2844255316610971,0.28339581227500743,0.6811910478992533,0.6869538853203953,0.7177649367141055,0.8684511303824349,0.3856447409876859,0.7647424108168205,30.0,40.0
16,4,G2,0.6240938823871351,0.5497727296131706,0.7136888560920113,0.28339581227500743,0.272356896662297,0.2914019366587908,0.7177649367141055,0.6811910478992533,0.7659099397494753,0.8684511303824349,0.3856447409876859,0.7647424108168205,49.99,49.99
16,5,G2,0.7136888560920113,0.6240938823871351,0.7967473756489873,0.2914019366587908,0.28339581227500743,0.3061584937776044,0.7659099397494753,0.7177649367141055,0.8049326979279319,0.8684511303824349,0.3856447409876859,0.7647424108168205,49.99,49.99
16,6,G2,0.7967473756489873,0.7136888560920113,0.8029658613300271,0.3061584937776044,0.2914019366587908,0.3272954179327482,0.8049326979279319,0.7659099397494753,0.7925327514057566,0.8684511303824349,0.3856447409876859,0.7647424108168205,49.99,49.99
16,7,G2,0.8029658613300271,0.7967473756489873,0.8017416441538703,0.3272954179327482,0.3061584937776044,0.35358404041225705,0.7925327514057566,0.8049326979279319,0.7716844262730981,0.8684511303824349,0.3856447409876859,0.7647424108168205,49.99,49.99
16,8,G2,0.8017416441538703,0.8029658613300271,0.7615985319839154,0.35358404041225705,0.3272954179327482,0.39037715744222745,0.7716844262730981,0.7925327514057566,0.7192282361982872,0.8684511303824349,0.3856447409876859,0.7647424108168205,49.99,49.99
16,9,G2,0.7615985319839154,0.8017416441538703,0.67842385334979,0.39037715744222745,0.35358404041225705,0.404241659876101,0.7192282361982872,0.7716844262730981,0.6582443532147562,0.8684511303824349,0.3856447409876859,0.7647424108168205,49.99,49.99
16,10,G2,0.67842385334979,0.7615985319839154,0.6429647957013033,0.404241659876101,0.39037715744222745,0.4199318319527467,0.6582443532147562,0.7192282361982872,0.6247658863618519,0.8684511303824349,0.3856447409876859,0.7647424108168205,30.0,40.0
16,11,G2,0.6429647957013033,0.67842385334979,0.7377791434783795,0.4199318319527467,0.404241659876101,0.4450834379437356,0.6247658863618519,0.6582443532147562,0.6629586197768733,0.8684511303824349,0.3856447409876859,0.7647424108168205,30.0,40.0
16,12,G2,0.7377791434783795,0.6429647957013033,0.8037390757382553,0.4450834379437356,0.4199318319527467,0.4614251888600635,0.6629586197768733,0.6247658863618519,0.6904121788134904,0.8684511303824349,0.3856447409876859,0.7647424108168205,30.0,40.0
16,13,G2,0.8037390757382553,0.7377791434783795,0.8980287797100147,0.4614251888600635,0.4450834379437356,0.4549487955366187,0.6904121788134904,0.6629586197768733,0.7524777495243511,0.8684511303824349,0.3856447409876859,0.7647424108168205,30.0,40.0
16,14,G2,0.8980287797100147,0.8037390757382553,0.9631365054611871,0.4549487955366187,0.4614251888600635,0.45116159847693754,0.7524777495243511,0.6904121788134904,0.7948107093587004,0.8684511303824349,0.3856447409876859,0.7647424108168205,49.99,49.99
16,15,G2,0.9631365054611871,0.8980287797100147,0.8964114338925905,0.45116159847693754,0.4549487955366187,0.4361583976917996,0.7948107093587004,0.7524777495243511,0.7658699109589523,0.8684511303824349,0.3856447409876859,0.7647424108168205,49.99,49.99
16,16,G2,0.8964114338925905,0.9631365054611871,0.8043773111829102,0.4361583976917996,0.45116159847693754,0.408143341819511,0.7658699109589523,0.7948107093587004,0.7315512891320466,0.8684511303824349,0.3856447409876859,0.7647424108168205,49.99,49.99
16,17,G2,0.8043773111829102,0.8964114338925905,0.7287339271036722,0.408143341819511,0.4361583976917996,0.3790467143469078,0.7315512891320466,0.7658699109589523,0.7079879216729055,0.8684511303824349,0.3856447409876859,0.7647424108168205,49.99,49.99
16,18,G2,0.7287339271036722,0.8043773111829102,0.6813538605401706,0.3790467143469078,0.408143341819511,0.3545931551049265,0.7079879216729055,0.7315512891320466,0.6979926547385569,0.8684511303824349,0.3856447409876859,0.7647424108168205,49.99,49.99
16,19,G2,0.6813538605401706,0.7287339271036722,0.6015869911700816,0.3545931551049265,0.3790467143469078,0.336599011374847,0.6979926547385569,0.7079879216729055,0.6634399407035689,0.8684511303824349,0.3856447409876859,0.7647424108168205,30.0,40.0
16,20,G2,0.6015869911700816,0.6813538605401706,0.6097409577372438,0.336599011374847,0.3545931551049265,0.3153882151460417,0.6634399407035689,0.6979926547385569,0.6846019103883911,0.8684511303824349,0.3856447409876859,0.7647424108168205,30.0,40.0
16,21,G2,0.6097409577372438,0.6015869911700816,0.61579374331767,0.3153882151460417,0.336599011374847,0.31018835726153554,0.6846019103883911,0.6634399407035689,0.692245238487753,0.8684511303824349,0.3856447409876859,0.7647424108168205,30.0,40.0
16,22,G2,0.61579374331767,0.6097409577372438,0.6162907422469714,0.31018835726153554,0.3153882151460417,0.30266108125833485,0.692245238487753,0.6846019103883911,0.6983034987530957,0.8684511303824349,0.3856447409876859,0.7647424108168205,30.0,40.0
16,23,G2,0.6162907422469714,0.61579374331767,0.5603075481323152,0.30266108125833485,0.31018835726153554,0.2974096133647716,0.6983034987530957,0.692245238487753,0.6684105556642284,0.8684511303824349,0.3856447409876859,0.7647424108168205,30.0,40.0
17,0,G2,0.4165866461699021,0.4314373357104983,0.45024897895782107,0.347988004471118,0.3805830785163858,0.3347109708510596,0.5426727342604925,0.5267376449874314,0.5732172242414848,0.6802033452608233,0.48778569512083314,0.602680257513446,30.0,40.0
17,1,G2,0.45024897895782107,0.4165866461699021,0.49851763818792044,0.3347109708510596,0.347988004471118,0.33948704991321865,0.5732172242414848,0.5426727342604925,0.5988010051902815,0.6802033452608233,0.48778569512083314,0.602680257513446,30.0,40.0
17,2,G2,0.49851763818792044,0.45024897895782107,0.5086331937004935,0.33948704991321865,0.3347109708510596,0.34630232056541765,0.5988010051902815,0.5732172242414848,0.5997154396198724,0.6802033452608233,0.48778569512083314,0.602680257513446,30.0,40.0
17,3,G2,0.5086331937004935,0.49851763818792044,0.564029480523524,0.34630232056541765,0.33948704991321865,0.3517389104525816,0.5997154396198724,0.5988010051902815,0.6291112975130557,0.6802033452608233,0.48778569512083314,0.602680257513446,30.0,40.0
17,4,G2,0.564029480523524,0.5086331937004935,0.6373683345223701,0.3517389104525816,0.34630232056541765,0.36026774936577505,0.6291112975130557,0.5997154396198724,0.667010026892588,0.6802033452608233,0.48778569512083314,0.602680257513446,30.0,40.0
17,5,G2,0.6373683345223701,0.564029480523524,0.6999059740107562,0.36026774936577505,0.3517389104525816,0.4214963092954971,0.667010026892588,0.6291112975130557,0.6580590771330652,0.6802033452608233,0.48778569512083314,0.602680257513446,30.0,40.0
17,6,G2,0.6999059740107562,0.6373683345223701,0.7092281999431932,0.4214963092954971,0.36026774936577505,0.43693392747461235,0.6580590771330652,0.667010026892588,0.6518981976881187,0.6802033452608233,0.48778569512083314,0.602680257513446,30.0,40.0
17,7,G2,0.7092281999431932,0.6999059740107562,0.6620284310007724,0.43693392747461235,0.4214963092954971,0.4519069613310026,0.6518981976881187,0.6580590771330652,0.6118567793994364,0.6802033452608233,0.48778569512083314,0.602680257513446,30.0,40.0
17,8,G2,0.6620284310007724,0.7092281999431932,0.6066340393557959,0.4519069613310026,0.43693392747461235,0.43491255627609565,0.6118567793994364,0.6518981976881187,0.5913020436956502,0.6802033452608233,0.48778569512083314,0.602680257513446,30.0,40.0
17,9,G2,0.6066340393557959,0.6620284310007724,0.5425358680147653,0.43491255627609565,0.4519069613310026,0.486745227273532,0.5913020436956502,0.6118567793994364,0.5128330851267653,0.6802033452608233,0.48778569512083314,0.602680257513446,30.0,40.0
17,10,G2,0.5425358680147653,0.6066340393557959,0.5604556805599852,0.486745227273532,0.43491255627609565,0.48836933351891,0.5128330851267653,0.5913020436956502,0.5224450803112753,0.6802033452608233,0.48778569512083314,0.602680257513446,30.0,40.0
17,11,G2,0.5604556805599852,0.5425358680147653,0.6292210838637939,0.48836933351891,0.486745227273532,0.5564760639707687,0.5224450803112753,0.5128330851267653,0.5120055860966272,0.6802033452608233,0.48778569512083314,0.602680257513446,30.0,40.0
17,12,G2,0.6292210838637939,0.5604556805599852,0.668905544139347,0.5564760639707687,0.48836933351891,0.5751033230045394,0.5120055860966272,0.5224450803112753,0.5217957911082993,0.6802033452608233,0.48778569512083314,0.602680257513446,30.0,40.0
17,13,G2,0.668905544139347,0.6292210838637939,0.7215234610316571,0.5751033230045394,0.5564760639707687,0.5629823096084459,0.5217957911082993,0.5120055860966272,0.562937667081828,0.6802033452608233,0.48778569512083314,0.602680257513446,30.0,40.0
17,14,G2,0.7215234610316571,0.668905544139347,0.734800269567502,0.5629823096084459,0.5751033230045394,0.5277076251347839,0.562937667081828,0.5217957911082993,0.5979593275143502,0.6802033452608233,0.48778569512083314,0.602680257513446,30.0,40.0
17,15,G2,0.734800269567502,0.7215234610316571,0.7183445978929104,0.5277076251347839,0.5629823096084459,0.5072872398497311,0.5979593275143502,0.562937667081828,0.6036104758974898,0.6802033452608233,0.48778569512083314,0.602680257513446,30.0,40.0
17,16,G2,0.7183445978929104,0.734800269567502,0.6726668610937843,0.5072872398497311,0.5277076251347839,0.4809486838618058,0.6036104758974898,0.5979593275143502,0.5960880616422343,0.6802033452608233,0.48778569512083314,0.602680257513446,30.0,40.0
17,17,G2,0.6726668610937843,0.7183445978929104,0.6080418221666082,0.4809486838618058,0.5072872398497311,0.43694947063144807,0.5960880616422343,0.6036104758974898,0.5905968199709463,0.6802033452608233,0.48778569512083314,0.602680257513446,30.0,40.0
17,18,G2,0.6080418221666082,0.6726668610937843,0.5295974064086071,0.43694947063144807,0.4809486838618058,0.4004675255433548,0.5905968199709463,0.5960880616422343,0.570985489666923,0.6802033452608233,0.48778569512083314,0.602680257513446,30.0,40.0
17,19,G2,0.5295974064086071,0.6080418221666082,0.477711563196132,0.4004675255433548,0.43694947063144807,0.3848299184147859,0.570985489666923,0.5905968199709463,0.5515181685064965,0.6802033452608233,0.48778569512083314,0.602680257513446,30.0,40.0
17,20,G2,0.477711563196132,0.5295974064086071,0.4685832214955286,0.3848299184147859,0.4004675255433548,0.3702061120786681,0.5515181685064965,0.570985489666923,0.557174042823357,0.6802033452608233,0.48778569512083314,0.602680257513446,30.0,40.0
17,21,G2,0.4685832214955286,0.477711563196132,0.4401983182979553,0.3702061120786681,0.3848299184147859,0.37099023146878307,0.557174042823357,0.5515181685064965,0.5393813220222441,0.6802033452608233,0.48778569512083314,0.602680257513446,30.0,40.0
17,22,G2,0.4401983182979553,0.4685832214955286,0.4314373357104983,0.37099023146878307,0.3702061120786681,0.3805830785163858,0.5393813220222441,0.557174042823357,0.5267376449874314,0.6802033452608233,0.48778569512083314,0.602680257513446,30.0,40.0
17,23,G2,0.4314373357104983,0.4401983182979553,0.4165866461699021,0.3805830785163858,0.37099023146878307,0.347988004471118,0.5267376449874314,0.5393813220222441,0.5426727342604925,0.6802033452608233,0.48778569512083314,0.602680257513446,30.0,40.0
18,0,G2,0.40687317736129974,0.4384219864324437,0.4111727921082389,0.5286837453632429,0.5274953158266081,0.5158244433281847,0.39858438545643743,0.418602748095988,0.41102411454083543,0.6613574697953619,0.749835572767555,0.41783406015414676,30.0,40.0
18,1,G2,0.4111727921082389,0.40687317736129974,0.4268550914621416,0.5158244433281847,0.5286837453632429,0.5290250509494516,0.41102411454083543,0.39858438545643743,0.4104265616957953,0.6613574697953619,0.749835572767555,0.41783406015414676,30.0,40.0
18,2,G2,0.4268550914621416,0.4111727921082389,0.45873106954468584,0.5290250509494516,0.5158244433281847,0.5386718811186076,0.4104265616957953,0.41102411454083543,0.4223557645071076,0.6613574697953619,0.749835572767555,0.41783406015414676,30.0,40.0
18,3,G2,0.45873106954468584,0.4268550914621416,0.5005931364162624,0.5386718811186076,0.5290250509494516,0.5361631600002889,0.4223557645071076,0.4104265616957953,0.44963078183796984,0.6613574697953619,0.749835572767555,0.41783406015414676,30.0,40.0
18,4,G2,0.5005931364162624,0.45873106954468584,0.5583220841591658,0.5361631600002889,0.5386718811186076,0.5480204946261883,0.44963078183796984,0.4223557645071076,0.4755286580788742,0.6613574697953619,0.749835572767555,0.41783406015414676,30.0,40.0
18,5,G2,0.5583220841591658,0.5005931364162624,0.6329235333573449,0.5480204946261883,0.5361631600002889,0.5593428719028719,0.4755286580788742,0.44963078183796984,0.5120555197856663,0.6613574697953619,0.749835572767555,0.41783406015414676,30.0,40.0
18,6,G2,0.6329235333573449,0.5583220841591658,0.650403904344498,0.5593428719028719,0.5480204946261883,0.5820472298749425,0.5120555197856663,0.4755286580788742,0.505278148470371,0.6613574697953619,0.749835572767555,0.41783406015414676,30.0,40.0
18,7,G2,0.650403904344498,0.6329235333573449,0.6483626163073014,0.5820472298749425,0.5593428719028719,0.6066020502058124,0.505278148470371,0.5120555197856663,0.48526101171835834,0.6613574697953619,0.749835572767555,0.41783406015414676,30.0,40.0
18,8,G2,0.6483626163073014,0.650403904344498,0.6297552678998725,0.6066020502058124,0.5820472298749425,0.6344890801598032,0.48526101171835834,0.505278148470371,0.45266103019333787,0.6613574697953619,0.749835572767555,0.41783406015414676,30.0,40.0
18,9,G2,0.6297552678998725,0.6483626163073014,0.6038801788663021,0.6344890801598032,0.6066020502058124,0.6672921770376707,0.45266103019333787,0.48526101171835834,0.411898868493623,0.6613574697953619,0.749835572767555,0.41783406015414676,30.0,40.0
18,10,G2,0.6038801788663021,0.6297552678998725,0.5770747708527446,0.6672921770376707,0.6344890801598032,0.707044450251056,0.411898868493623,0.45266103019333787,0.3652581392144481,0.6613574697953619,0.749835572767555,0.41783406015414676,30.0,40.0
18,11,G2,0.5770747708527446,0.6038801788663021,0.6384650131424984,0.707044450251056,0.6672921770376707,0.7431181087759464,0.3652581392144481,0.411898868493623,0.3748518821171657,0.6613574697953619,0.749835572767555,0.41783406015414676,30.0,40.0
18,12,G2,0.6384650131424984,0.5770747708527446,0.7088413245477475,0.7431181087759464,0.707044450251056,0.7664986891013649,0.3748518821171657,0.3652581392144481,0.3995968452205876,0.6613574697953619,0.749835572767555,0.41783406015414676,30.0,40.0
18,13,G2,0.7088413245477475,0.6384650131424984,0.7575618260731775,0.7664986891013649,0.7431181087759464,0.7708758479094295,0.3995968452205876,0.3748518821171657,0.4257594245119769,0.6613574697953619,0.749835572767555,0.41783406015414676,30.0,40.0
18,14,G2,0.7575618260731775,0.7088413245477475,0.7338007235816788,0.7708758479094295,0.7664986891013649,0.7576928472453355,0.4257594245119769,0.3995968452205876,0.4214501077468423,0.6613574697953619,0.749835572767555,0.41783406015414676,30.0,40.0
18,15,G2,0.7338007235816788,0.7575618260731775,0.7073780413966061,0.7576928472453355,0.7708758479094295,0.7272381695661916,0.4214501077468423,0.4257594245119769,0.42873885975316567,0.6613574697953619,0.749835572767555,0.41783406015414676,30.0,40.0
18,16,G2,0.7073780413966061,0.7338007235816788,0.6277080360663052,0.7272381695661916,0.7576928472453355,0.6965329573429198,0.42873885975316567,0.4214501077468423,0.403966855136039,0.6613574697953619,0.749835572767555,0.41783406015414676,30.0,40.0
18,17,G2,0.6277080360663052,0.7073780413966061,0.578431546712164,0.6965329573429198,0.7272381695661916,0.6544946760915629,0.403966855136039,0.42873885975316567,0.40627255122314504,0.6613574697953619,0.749835572767555,0.41783406015414676,30.0,40.0
18,18,G2,0.578431546712164,0.6277080360663052,0.5310533780408244,0.6544946760915629,0.6965329573429198,0.6179012923067918,0.40627255122314504,0.403966855136039,0.40556355695189933,0.6613574697953619,0.749835572767555,0.41783406015414676,30.0,40.0
18,19,G2,0.5310533780408244,0.578431546712164,0.517449486865492,0.6179012923067918,0.6544946760915629,0.5858773030713429,0.40556355695189933,0.40627255122314504,0.42181704989553465,0.6613574697953619,0.749835572767555,0.41783406015414676,30.0,40.0
18,20,G2,0.517449486865492,0.5310533780408244,0.4738166946476513,0.5858773030713429,0.6179012923067918,0.5674899006990534,0.42181704989553465,0.40556355695189933,0.409451851148293,0.6613574697953619,0.749835572767555,0.41783406015414676,30.0,40.0
18,21,G2,0.4738166946476513,0.517449486865492,0.4315991118302195,0.5674899006990534,0.5858773030713429,0.5471021742099749,0.409451851148293,0.42181704989553465,0.3994738016537262,0.6613574697953619,0.749835572767555,0.41783406015414676,30.0,40.0
18,22,G2,0.4315991118302195,0.4738166946476513,0.4384219864324437,0.5471021742099749,0.5674899006990534,0.5274953158266081,0.3994738016537262,0.409451851148293,0.418602748095988,0.6613574697953619,0.749835572767555,0.41783406015414676,30.0,40.0
18,23,G2,0.4384219864324437,0.4315991118302195,0.40687317736129974,0.5274953158266081,0.5471021742099749,0.5286837453632429,0.418602748095988,0.3994738016537262,0.39858438545643743,0.6613574697953619,0.749835572767555,0.41783406015414676,30.0,40.0
19,0,G2,0.4307350896668786,0.428235252290535,0.4477059913060694,0.09319209003767805,0.11447470069493743,0.07934243135582224,0.7461227719298342,0.7283306314795308,0.7669950847675782,0.657428374487417,0.09059835100121054,0.8573049025612763,49.99,49.99
19,1,G2,0.4477059913060694,0.4307350896668786,0.45010122513138134,0.07934243135582224,0.09319209003767805,0.07892595755943833,0.7669950847675782,0.7461227719298342,0.7687644384511775,0.657428374487417,0.09059835100121054,0.8573049025612763,49.99,49.99
19,2,G2,0.45010122513138134,0.4477059913060694,0.4740471346082525,0.07892595755943833,0.07934243135582224,0.0888604113269579,0.7687644384511775,0.7669950847675782,0.775670339736847,0.657428374487417,0.09059835100121054,0.8573049025612763,49.99,49.99
19,3,G2,0.4740471346082525,0.45010122513138134,0.5259723408350232,0.0888604113269579,0.07892595755943833,0.09189940676569645,0.775670339736847,0.7687644384511775,0.8047975290472896,0.657428374487417,0.09059835100121054,0.8573049025612763,49.99,49.99
19,4,G2,0.5259723408350232,0.4740471346082525,0.5902260871871101,0.09189940676569645,0.0888604113269579,0.11383608048499294,0.8047975290472896,0.775670339736847,0.8269383693938614,0.657428374487417,0.09059835100121054,0.8573049025612763,49.99,49.99
19,5,G2,0.5902260871871101,0.5259723408350232,0.6452340305090151,0.11383608048499294,0.09189940676569645,0.12346477982835247,0.8269383693938614,0.8047975290472896,0.8528926767510439,0.657428374487417,0.09059835100121054,0.8573049025612763,49.99,49.99
19,6,G2,0.6452340305090151,0.5902260871871101,0.6670399581106793,0.12346477982835247,0.11383608048499294,0.12432747539696294,0.8528926767510439,0.8269383693938614,0.8654408900055887,0.657428374487417,0.09059835100121054,0.8573049025612763,49.99,49.99
19,7,G2,0.6670399581106793,0.6452340305090151,0.6469848310775307,0.12432747539696294,0.12346477982835247,0.12750274292621333,0.8654408900055887,0.8528926767510439,0.8508647233825817,0.657428374487417,0.09059835100121054,0.8573049025612763,49.99,49.99
19,8,G2,0.6469848310775307,0.6670399581106793,0.5982078664363477,0.12750274292621333,0.12432747539696294,0.15542056782313177,0.8508647233825817,0.8654408900055887,0.7999671833431047,0.657428374487417,0.09059835100121054,0.8573049025612763,49.99,49.99
19,9,G2,0.5982078664363477,0.6469848310775307,0.5677332934887744,0.15542056782313177,0.12750274292621333,0.18417443320244456,0.7999671833431047,0.8508647233825817,0.7595161207727958,0.657428374487417,0.09059835100121054,0.8573049025612763,49.99,49.99
19,10,G2,0.5677332934887744,0.5982078664363477,0.555113754455088,0.18417443320244456,0.15542056782313177,0.19130635389105755,0.7595161207727958,0.7999671833431047,0.7464175168829882,0.657428374487417,0.09059835100121054,0.8573049025612763,49.99,49.99
19,11,G2,0.555113754455088,0.5677332934887744,0.6252820007639612,0.19130635389105755,0.18417443320244456,0.19278690984158608,0.7464175168829882,0.7595161207727958,0.7877866475869598,0.657428374487417,0.09059835100121054,0.8573049025612763,49.99,49.99
19,12,G2,0.6252820007639612,0.555113754455088,0.690480732708773,0.19278690984158608,0.19130635389105755,0.20625478672138567,0.7877866475869598,0.7464175168829882,0.8169772182359168,0.657428374487417,0.09059835100121054,0.8573049025612763,49.99,49.99
19,13,G2,0.690480732708773,0.6252820007639612,0.7276649369446421,0.20625478672138567,0.19278690984158608,0.20740454522321328,0.8169772182359168,0.7877866475869598,0.8386206309408013,0.657428374487417,0.09059835100121054,0.8573049025612763,49.99,49.99
19,14,G2,0.7276649369446421,0.690480732708773,0.7389267028118016,0.20740454522321328,0.20625478672138567,0.21162362106198795,0.8386206309408013,0.8169772182359168,0.8422150301437412,0.657428374487417,0.09059835100121054,0.8573049025612763,49.99,49.99
19,15,G2,0.7389267028118016,0.7276649369446421,0.6919921334623195,0.21162362106198795,0.20740454522321328,0.20156206204924573,0.8422150301437412,0.8386206309408013,0.8214819091974418,0.657428374487417,0.09059835100121054,0.8573049025612763,49.99,49.99
19,16,G2,0.6919921334623195,0.7389267028118016,0.6348996710518998,0.20156206204924573,0.21162362106198795,0.1936932600985808,0.8214819091974418,0.8422150301437412,0.7929189357027413,0.657428374487417,0.09059835100121054,0.8573049025612763,49.99,49.99
19,17,G2,0.6348996710518998,0.6919921334623195,0.5645848495145899,0.1936932600985808,0.20156206204924573,0.16017685347105784,0.7929189357027413,0.8214819091974418,0.775963586181702,0.657428374487417,0.09059835100121054,0.8573049025612763,49.99,49.99
19,18,G2,0.5645848495145899,0.6348996710518998,0.5117744054838607,0.16017685347105784,0.1936932600985808,0.1384061964061221,0.775963586181702,0.7929189357027413,0.7606270783534782,0.657428374487417,0.09059835100121054,0.8573049025612763,49.99,49.99
19,19,G2,0.5117744054838607,0.5645848495145899,0.4757721488960778,0.1384061964061221,0.16017685347105784,0.13013003683764332,0.7606270783534782,0.775963586181702,0.7451501969704666,0.657428374487417,0.09059835100121054,0.8573049025612763,49.99,49.99
19,20,G2,0.4757721488960778,0.5117744054838607,0.4585349514842929,0.13013003683764332,0.1384061964061221,0.12143298847035013,0.7451501969704666,0.7606270783534782,0.7413613949814426,0.657428374487417,0.09059835100121054,0.8573049025612763,49.99,49.99
19,21,G2,0.4585349514842929,0.4757721488960778,0.43806827868362325,0.12143298847035013,0.13013003683764332,0.11342740934968633,0.7413613949814426,0.7451501969704666,0.7350876019907807,0.657428374487417,0.09059835100121054,0.8573049025612763,49.99,49.99
19,22,G2,0.43806827868362325,0.4585349514842929,0.428235252290535,0.11342740934968633,0.12143298847035013,0.11447470069493743,0.7350876019907807,0.7413613949814426,0.7283306314795308,0.657428374487417,0.09059835100121054,0.8573049025612763,49.99,49.99
19,23,G2,0.428235252290535,0.43806827868362325,0.4307350896668786,0.11447470069493743,0.11342740934968633,0.09319209003767805,0.7283306314795308,0.7350876019907807,0.7461227719298342,0.657428374487417,0.09059835100121054,0.8573049025612763,49.99,49.99
20,0,G2,0.11557164893785594,0.10652135357078754,0.14501981641209488,0.12957238011078326,0.1471614293338893,0.1376642361676395,0.5274000711706663,0.5084652738754062,0.5390480466585751,0.19453563750631758,0.1267091268869508,0.6027985840196542,30.0,40.0
20,1,G2,0.14501981641209488,0.11557164893785594,0.1598340548181725,0.1376642361676395,0.12957238011078326,0.12982688870275028,0.5390480466585751,0.5274000711706663,0.5540155438990847,0.19453563750631758,0.1267091268869508,0.6027985840196542,30.0,40.0
20,2,G2,0.1598340548181725,0.14501981641209488,0.1400369983655141,0.12982688870275028,0.1376642361676395,0.13293430056431582,0.5540155438990847,0.5390480466585751,0.5396475922095546,0.19453563750631758,0.1267091268869508,0.6027985840196542,30.0,40.0
20,3,G2,0.1400369983655141,0.1598340548181725,0.1485431858650666,0.13293430056431582,0.12982688870275028,0.1304156242713776,0.5396475922095546,0.5540155438990847,0.5467262707404262,0.19453563750631758,0.1267091268869508,0.6027985840196542,30.0,40.0
20,4,G2,0.1485431858650666,0.1400369983655141,0.16046195000216856,0.1304156242713776,0.13293430056431582,0.1445561662151741,0.5467262707404262,0.5396475922095546,0.5431302040339414,0.19453563750631758,0.1267091268869508,0.6027985840196542,30.0,40.0
20,5,G2,0.16046195000216856,0.1485431858650666,0.27599324245339607,0.1445561662151741,0.1304156242713776,0.1527672954599436,0.5431302040339414,0.5467262707404262,0.6068282685616312,0.19453563750631758,0.1267091268869508,0.6027985840196542,30.0,40.0
20,6,G2,0.27599324245339607,0.16046195000216856,0.25258895571865186,0.1527672954599436,0.1445561662151741,0.14860920698088154,0.6068282685616312,0.5431302040339414,0.5958323903297312,0.19453563750631758,0.1267091268869508,0.6027985840196542,30.0,40.0
20,7,G2,0.25258895571865186,0.27599324245339607,0.2485672239924226,0.14860920698088154,0.1527672954599436,0.16727631337540835,0.5958323903297312,0.6068282685616312,0.5791188886853573,0.19453563750631758,0.1267091268869508,0.6027985840196542,30.0,40.0
20,8,G2,0.2485672239924226,0.25258895571865186,0.27849095279702374,0.16727631337540835,0.14860920698088154,0.18153758534410644,0.5791188886853573,0.5958323903297312,0.5863362491755578,0.19453563750631758,0.1267091268869508,0.6027985840196542,30.0,40.0
20,9,G2,0.27849095279702374,0.2485672239924226,0.2774899416270862,0.18153758534410644,0.16727631337540835,0.17400507223375664,0.5863362491755578,0.5791188886853573,0.591491156983785,0.19453563750631758,0.1267091268869508,0.6027985840196542,30.0,40.0
20,10,G2,0.2774899416270862,0.27849095279702374,0.30975869216497354,0.17400507223375664,0.18153758534410644,0.20582398458227563,0.591491156983785,0.5863362491755578,0.5866999881604861,0.19453563750631758,0.1267091268869508,0.6027985840196542,30.0,40.0
20,11,G2,0.30975869216497354,0.2774899416270862,0.3169728906505815,0.20582398458227563,0.17400507223375664,0.22965659196729754,0.5866999881604861,0.591491156983785,0.572841365247809,0.19453563750631758,0.1267091268869508,0.6027985840196542,30.0,40.0
20,12,G2,0.3169728906505815,0.30975869216497354,0.3800746451708936,0.22965659196729754,0.20582398458227563,0.2318132824572041,0.572841365247809,0.5866999881604861,0.6094131186914611,0.19453563750631758,0.1267091268869508,0.6027985840196542,30.0,40.0
20,13,G2,0.3800746451708936,0.3169728906505815,0.4907489335742549,0.2318132824572041,0.22965659196729754,0.24482153703504506,0.6094131186914611,0.572841365247809,0.6665001799081125,0.19453563750631758,0.1267091268869508,0.6027985840196542,30.0,40.0
20,14,G2,0.4907489335742549,0.3800746451708936,0.46021125343942487,0.24482153703504506,0.2318132824572041,0.23987903343757072,0.6665001799081125,0.6094131186914611,0.6517835003083624,0.19453563750631758,0.1267091268869508,0.6027985840196542,30.0,40.0
20,15,G2,0.46021125343942487,0.4907489335742549,0.4193400852410425,0.23987903343757072,0.24482153703504506,0.22762020808567995,0.6517835003083624,0.6665001799081125,0.6364036106328729,0.19453563750631758,0.1267091268869508,0.6027985840196542,30.0,40.0
20,16,G2,0.4193400852410425,0.46021125343942487,0.3406651860503903,0.22762020808567995,0.23987903343757072,0.19769560201179368,0.6364036106328729,0.6517835003083624,0.6116373054433476,0.19453563750631758,0.1267091268869508,0.6027985840196542,30.0,40.0
20,17,G2,0.3406651860503903,0.4193400852410425,0.27401377185128495,0.19769560201179368,0.22762020808567995,0.16032659807763097,0.6116373054433476,0.6364036106328729,0.5998475665114928,0.19453563750631758,0.1267091268869508,0.6027985840196542,30.0,40.0
20,18,G2,0.27401377185128495,0.3406651860503903,0.22961058544850527,0.16032659807763097,0.19769560201179368,0.15742072291428658,0.5998475665114928,0.6116373054433476,0.5751747147485982,0.19453563750631758,0.1267091268869508,0.6027985840196542,30.0,40.0
20,19,G2,0.22961058544850527,0.27401377185128495,0.22742212243609689,0.15742072291428658,0.16032659807763097,0.14013092984654496,0.5751747147485982,0.5998475665114928,0.587073210535005,0.19453563750631758,0.1267091268869508,0.6027985840196542,30.0,40.0
20,20,G2,0.22742212243609689,0.22961058544850527,0.16379328774820298,0.14013092984654496,0.15742072291428658,0.12811909980897143,0.587073210535005,0.5751747147485982,0.5577198858028406,0.19453563750631758,0.1267091268869508,0.6027985840196542,30.0,40.0
20,21,G2,0.16379328774820298,0.22742212243609689,0.1051377010220175,0.12811909980897143,0.14013092984654496,0.13238360950030167,0.5577198858028406,0.587073210535005,0.5189299722861271,0.19453563750631758,0.1267091268869508,0.6027985840196542,30.0,40.0
20,22,G2,0.1051377010220175,0.16379328774820298,0.10652135357078754,0.13238360950030167,0.12811909980897143,0.1471614293338893,0.5189299722861271,0.5577198858028406,0.5084652738754062,0.19453563750631758,0.1267091268869508,0.6027985840196542,30.0,40.0
20,23,G2,0.10652135357078754,0.1051377010220175,0.11557164893785594,0.1471614293338893,0.13238360950030167,0.12957238011078326,0.5084652738754062,0.5189299722861271,0.5274000711706663,0.19453563750631758,0.1267091268869508,0.6027985840196542,30.0,40.0
21,0,G2,0.2815387598735393,0.2756114163757399,0.28413339943067,0.07224593974773359,0.08620835310837188,0.0658374143364475,0.6717738527441498,0.6575044811440676,0.678246998216768,0.426107316763066,0.0525549973793617,0.7676778673984743,30.0,40.0
21,1,G2,0.28413339943067,0.2815387598735393,0.29117292209225565,0.0658374143364475,0.07224593974773359,0.06508730103215815,0.678246998216768,0.6717738527441498,0.6830846225629102,0.426107316763066,0.0525549973793617,0.7676778673984743,30.0,40.0
21,2,G2,0.29117292209225565,0.28413339943067,0.319321398654281,0.06508730103215815,0.0658374143364475,0.07184792456949471,0.6830846225629102,0.678246998216768,0.6949635545102789,0.426107316763066,0.0525549973793617,0.7676778673984743,30.0,40.0
21,3,G2,0.319321398654281,0.29117292209225565,0.3607935043739158,0.07184792456949471,0.06508730103215815,0.07046882422949538,0.6949635545102789,0.6830846225629102,0.7211383804685275,0.426107316763066,0.0525549973793617,0.7676778673984743,30.0,40.0
21,4,G2,0.3607935043739158,0.319321398654281,0.4268826395264393,0.07046882422949538,0.07184792456949471,0.07433914680790592,0.7211383804685275,0.6949635545102789,0.7582089485097596,0.426107316763066,0.0525549973793617,0.7676778673984743,49.99,49.99
21,5,G2,0.4268826395264393,0.3607935043739158,0.48107118803519666,0.07433914680790592,0.07046882422949538,0.0843923108425777,0.7582089485097596,0.7211383804685275,0.7833422900760231,0.426107316763066,0.0525549973793617,0.7676778673984743,49.99,49.99
21,6,G2,0.48107118803519666,0.4268826395264393,0.5057961382659103,0.0843923108425777,0.07433914680790592,0.1050436843075135,0.7833422900760231,0.7582089485097596,0.7825232464132238,0.426107316763066,0.0525549973793617,0.7676778673984743,49.99,49.99
21,7,G2,0.5057961382659103,0.48107118803519666,0.48608428972582596,0.1050436843075135,0.0843923108425777,0.10945748379293416,0.7825232464132238,0.7833422900760231,0.7672077176766734,0.426107316763066,0.0525549973793617,0.7676778673984743,49.99,49.99
21,8,G2,0.48608428972582596,0.5057961382659103,0.45185006627509394,0.10945748379293416,0.1050436843075135,0.11952127153353478,0.7672077176766734,0.7825232464132238,0.7387744737964089,0.426107316763066,0.0525549973793617,0.7676778673984743,49.99,49.99
21,9,G2,0.45185006627509394,0.48608428972582596,0.4113154705271432,0.11952127153353478,0.10945748379293416,0.1421340435754462,0.7387744737964089,0.7672077176766734,0.6969269701408694,0.426107316763066,0.0525549973793617,0.7676778673984743,49.99,49.99
21,10,G2,0.4113154705271432,0.45185006627509394,0.4130393089813635,0.1421340435754462,0.11952127153353478,0.15824928554867831,0.6969269701408694,0.7387744737964089,0.6856454004287705,0.426107316763066,0.0525549973793617,0.7676778673984743,30.0,40.0
21,11,G2,0.4130393089813635,0.4113154705271432,0.45770087002517,0.15824928554867831,0.1421340435754462,0.17358491313036034,0.6856454004287705,0.6969269701408694,0.7009678781011387,0.426107316763066,0.0525549973793617,0.7676778673984743,30.0,40.0
21,12,G2,0.45770087002517,0.4130393089813635,0.5158451974273832,0.17358491313036034,0.15824928554867831,0.17958419035474146,0.7009678781011387,0.6856454004287705,0.7315978782265796,0.426107316763066,0.0525549973793617,0.7676778673984743,30.0,40.0
21,13,G2,0.5158451974273832,0.45770087002517,0.5588811566035076,0.17958419035474146,0.17358491313036034,0.18475389251023974,0.7315978782265796,0.7009678781011387,0.7537111042634528,0.426107316763066,0.0525549973793617,0.7676778673984743,49.99,49.99
21,14,G2,0.5588811566035076,0.5158451974273832,0.5635231498422268,0.18475389251023974,0.17958419035474146,0.17893001960876032,0.7537111042634528,0.7315978782265796,0.7609771796554807,0.426107316763066,0.0525549973793617,0.7676778673984743,49.99,49.99
21,15,G2,0.5635231498422268,0.5588811566035076,0.5367866439508071,0.17893001960876032,0.18475389251023974,0.1616350766501632,0.7609771796554807,0.7537111042634528,0.7580106462813225,0.426107316763066,0.0525549973793617,0.7676778673984743,49.99,49.99
21,16,G2,0.5367866439508071,0.5635231498422268,0.48220216984770153,0.1616350766501632,0.17893001960876032,0.1432885055325526,0.7580106462813225,0.7609771796554807,0.7389806866358754,0.426107316763066,0.0525549973793617,0.7676778673984743,49.99,49.99
21,17,G2,0.48220216984770153,0.5367866439508071,0.4228535801846583,0.1432885055325526,0.1616350766501632,0.1320452321939943,0.7389806866358754,0.7580106462813225,0.7116321151918457,0.426107316763066,0.0525549973793617,0.7676778673984743,49.99,49.99
21,18,G2,0.4228535801846583,0.48220216984770153,0.3688751865390779,0.1320452321939943,0.1432885055325526,0.11385034830080207,0.7116321151918457,0.7389806866358754,0.6928532461711915,0.426107316763066,0.0525549973793617,0.7676778673984743,49.99,49.99
21,19,G2,0.3688751865390779,0.4228535801846583,0.3282890246409741,0.11385034830080207,0.1320452321939943,0.09666817391003006,0.6928532461711915,0.7116321151918457,0.6814116020566688,0.426107316763066,0.0525549973793617,0.7676778673984743,30.0,40.0
21,20,G2,0.3282890246409741,0.3688751865390779,0.3012797673165007,0.09666817391003006,0.11385034830080207,0.10136436916753964,0.6814116020566688,0.6928532461711915,0.6614599779723737,0.426107316763066,0.0525549973793617,0.7676778673984743,30.0,40.0
21,21,G2,0.3012797673165007,0.3282890246409741,0.28329198992417204,0.10136436916753964,0.09666817391003006,0.09106651540598011,0.6614599779723737,0.6814116020566688,0.6584409161523148,0.426107316763066,0.0525549973793617,0.7676778673984743,30.0,40.0
21,22,G2,0.28329198992417204,0.3012797673165007,0.2756114163757399,0.09106651540598011,0.10136436916753964,0.08620835310837188,0.6584409161523148,0.6614599779723737,0.6575044811440676,0.426107316763066,0.0525549973793617,0.7676778673984743,30.0,40.0
21,23,G2,0.2756114163757399,0.28329198992417204,0.2815387598735393,0.08620835310837188,0.09106651540598011,0.07224593974773359,0.6575044811440676,0.6584409161523148,0.6717738527441498,0.426107316763066,0.0525549973793617,0.7676778673984743,30.0,40.0
22,0,G2,0.04590825294160382,0.08181016257730044,0.03604632241206717,0.1429034239547825,0.1567441829288782,0.07531546313990316,0.47500810717762326,0.4861681336140019,0.5207291790537333,0.037546149638404275,0.14518994446804517,0.5123088659731806,30.0,40.0
22,1,G2,0.03604632241206717,0.04590825294160382,0.05636450504479672,0.07531546313990316,0.1429034239547825,0.060367009484908904,0.5207291790537333,0.47500810717762326,0.5444693811498387,0.037546149638404275,0.14518994446804517,0.5123088659731806,30.0,40.0
22,2,G2,0.05636450504479672,0.03604632241206717,0.07874414065577041,0.060367009484908904,0.07531546313990316,0.08933990062015669,0.5444693811498387,0.5207291790537333,0.5358650616394766,0.037546149638404275,0.14518994446804517,0.5123088659731806,30.0,40.0
22,3,G2,0.07874414065577041,0.05636450504479672,0.11738103328898668,0.08933990062015669,0.060367009484908904,0.09736940009669019,0.5358650616394766,0.5444693811498387,0.5531264230532792,0.037546149638404275,0.14518994446804517,0.5123088659731806,30.0,40.0
22,4,G2,0.11738103328898668,0.07874414065577041,0.140733449126831,0.09736940009669019,0.08933990062015669,0.06082292925600043,0.5531264230532792,0.5358650616394766,0.5952236920284695,0.037546149638404275,0.14518994446804517,0.5123088659731806,30.0,40.0
22,5,G2,0.140733449126831,0.11738103328898668,0.18945439827750432,0.06082292925600043,0.09736940009669019,0.08569347363951986,0.5952236920284695,0.5531264230532792,0.6057122131396574,0.037546149638404275,0.14518994446804517,0.5123088659731806,30.0,40.0
22,6,G2,0.18945439827750432,0.140733449126831,0.18926618890080948,0.08569347363951986,0.06082292925600043,0.1234226588249954,0.6057122131396574,0.5952236920284695,0.5767411132239662,0.037546149638404275,0.14518994446804517,0.5123088659731806,30.0,40.0
22,7,G2,0.18926618890080948,0.18945439827750432,0.17822058420641726,0.1234226588249954,0.08569347363951986,0.15408264271079664,0.5767411132239662,0.6057122131396574,0.5466004583081064,0.037546149638404275,0.14518994446804517,0.5123088659731806,30.0,40.0
22,8,G2,0.17822058420641726,0.18926618890080948,0.16082609223772737,0.15408264271079664,0.1234226588249954,0.18891024681399435,0.5466004583081064,0.5767411132239662,0.5094266289954757,0.037546149638404275,0.14518994446804517,0.5123088659731806,30.0,40.0
22,9,G2,0.16082609223772737,0.17822058420641726,0.1252826808600094,0.18891024681399435,0.15408264271079664,0.2009985010662963,0.5094266289954757,0.5466004583081064,0.47865198874498555,0.037546149638404275,0.14518994446804517,0.5123088659731806,30.0,40.0
22,10,G2,0.1252826808600094,0.16082609223772737,0.12253474970798803,0.2009985010662963,0.18891024681399435,0.25153738316097685,0.47865198874498555,0.5094266289954757,0.43833296879436884,0.037546149638404275,0.14518994446804517,0.5123088659731806,30.0,40.0
22,11,G2,0.12253474970798803,0.1252826808600094,0.16492631792605175,0.25153738316097685,0.2009985010662963,0.2833928696714331,0.43833296879436884,0.47865198874498555,0.43964530704901633,0.037546149638404275,0.14518994446804517,0.5123088659731806,30.0,40.0
22,12,G2,0.16492631792605175,0.12253474970798803,0.2332946431712486,0.2833928696714331,0.25153738316097685,0.27511518757956693,0.43964530704901633,0.43833296879436884,0.4873877804626089,0.037546149638404275,0.14518994446804517,0.5123088659731806,30.0,40.0
22,13,G2,0.2332946431712486,0.16492631792605175,0.2808042864052907,0.27511518757956693,0.2833928696714331,0.2656248732337568,0.4873877804626089,0.43964530704901633,0.523423444154174,0.037546149638404275,0.14518994446804517,0.5123088659731806,30.0,40.0
22,14,G2,0.2808042864052907,0.2332946431712486,0.27680736702478237,0.2656248732337568,0.27511518757956693,0.274123974543178,0.523423444154174,0.4873877804626089,0.5145019520751869,0.037546149638404275,0.14518994446804517,0.5123088659731806,30.0,40.0
22,15,G2,0.27680736702478237,0.2808042864052907,0.25748747824958707,0.274123974543178,0.2656248732337568,0.2889438794350715,0.5145019520751869,0.523423444154174,0.49146474574482646,0.037546149638404275,0.14518994446804517,0.5123088659731806,30.0,40.0
22,16,G2,0.25748747824958707,0.27680736702478237,0.21473772368340452,0.2889438794350715,0.274123974543178,0.26328228829976236,0.49146474574482646,0.5145019520751869,0.48519806102966245,0.037546149638404275,0.14518994446804517,0.5123088659731806,30.0,40.0
22,17,G2,0.21473772368340452,0.25748747824958707,0.16487784602287783,0.26328228829976236,0.2889438794350715,0.25095529702195857,0.48519806102966245,0.49146474574482646,0.46442576662144985,0.037546149638404275,0.14518994446804517,0.5123088659731806,30.0,40.0
22,18,G2,0.16487784602287783,0.21473772368340452,0.12292405147386792,0.25095529702195857,0.26328228829976236,0.21174182183142734,0.46442576662144985,0.48519806102966245,0.4690063362585476,0.037546149638404275,0.14518994446804517,0.5123088659731806,30.0,40.0
22,19,G2,0.12292405147386792,0.16487784602287783,0.08450276400905066,0.21174182183142734,0.25095529702195857,0.1948304400499106,0.4690063362585476,0.46442576662144985,0.45866886061234113,0.037546149638404275,0.14518994446804517,0.5123088659731806,30.0,40.0
22,20,G2,0.08450276400905066,0.12292405147386792,0.07189536542674815,0.1948304400499106,0.21174182183142734,0.19321840867342926,0.45866886061234113,0.4690063362585476,0.45226540640290086,0.037546149638404275,0.14518994446804517,0.5123088659731806,30.0,40.0
22,21,G2,0.07189536542674815,0.08450276400905066,0.06859956777395794,0.19321840867342926,0.1948304400499106,0.20488047212730381,0.45226540640290086,0.45866886061234113,0.44134940405413425,0.037546149638404275,0.14518994446804517,0.5123088659731806,30.0,40.0
22,22,G2,0.06859956777395794,0.07189536542674815,0.08181016257730044,0.20488047212730381,0.19321840867342926,0.1567441829288782,0.44134940405413425,0.45226540640290086,0.4861681336140019,0.037546149638404275,0.14518994446804517,0.5123088659731806,30.0,40.0
22,23,G2,0.08181016257730044,0.06859956777395794,0.04590825294160382,0.1567441829288782,0.20488047212730381,0.1429034239547825,0.4861681336140019,0.44134940405413425,0.47500810717762326,0.037546149638404275,0.14518994446804517,0.5123088659731806,30.0,40.0
23,0,G2,0.2231450037285626,0.2982860661230827,0.1994064787877536,0.598107703414495,0.5628802689343089,0.5793379137001731,0.23419980536594848,0.30665705586937675,0.23417720963888666,0.3779218174136023,0.8243539558811398,0.2269043583825438,30.0,40.0
23,1,G2,0.1994064787877536,0.2231450037285626,0.23951169884598975,0.5793379137001731,0.598107703414495,0.5752833718124569,0.23417720963888666,0.23419980536594848,0.26157040747047267,0.3779218174136023,0.8243539558811398,0.2269043583825438,30.0,40.0
23,2,G2,0.23951169884598975,0.1994064787877536,0.2742615767540014,0.5752833718124569,0.5793379137001731,0.5771453745957583,0.26157040747047267,0.23417720963888666,0.28119456828842954,0.3779218174136023,0.8243539558811398,0.2269043583825438,30.0,40.0
23,3,G2,0.2742615767540014,0.23951169884598975,0.3270222890684092,0.5771453745957583,0.5752833718124569,0.5787084289644984,0.28119456828842954,0.26157040747047267,0.3119567019601089,0.3779218174136023,0.8243539558811398,0.2269043583825438,30.0,40.0
23,4,G2,0.3270222890684092,0.2742615767540014,0.3998117093280439,0.5787084289644984,0.5771453745957583,0.5827009580770318,0.3119567019601089,0.28119456828842954,0.3529922228730655,0.3779218174136023,0.8243539558811398,0.2269043583825438,30.0,40.0
23,5,G2,0.3998117093280439,0.3270222890684092,0.4570218278861286,0.5827009580770318,0.5787084289644984,0.6080544230298035,0.3529922228730655,0.3119567019601089,0.3682533485127127,0.3779218174136023,0.8243539558811398,0.2269043583825438,30.0,40.0
23,6,G2,0.4570218278861286,0.3998117093280439,0.457556241875753,0.6080544230298035,0.5827009580770318,0.6281046608270113,0.3682533485127127,0.3529922228730655,0.3532416592973782,0.3779218174136023,0.8243539558811398,0.2269043583825438,30.0,40.0
23,7,G2,0.457556241875753,0.4570218278861286,0.44810290070927156,0.6281046608270113,0.6080544230298035,0.6471651659066606,0.3532416592973782,0.3682533485127127,0.33293729319377513,0.3779218174136023,0.8243539558811398,0.2269043583825438,30.0,40.0
23,8,G2,0.44810290070927156,0.457556241875753,0.40964512849309376,0.6471651659066606,0.6281046608270113,0.6966207590604339,0.33293729319377513,0.3532416592973782,0.27181705630816294,0.3779218174136023,0.8243539558811398,0.2269043583825438,30.0,40.0
23,9,G2,0.40964512849309376,0.44810290070927156,0.36896274983257005,0.6966207590604339,0.6471651659066606,0.7247951775900661,0.27181705630816294,0.33293729319377513,0.22562622385652398,0.3779218174136023,0.8243539558811398,0.2269043583825438,30.0,40.0
23,10,G2,0.36896274983257005,0.40964512849309376,0.37729665499187615,0.7247951775900661,0.6966207590604339,0.7557468618472524,0.22562622385652398,0.27181705630816294,0.20700080402608112,0.3779218174136023,0.8243539558811398,0.2269043583825438,30.0,40.0
23,11,G2,0.37729665499187615,0.36896274983257005,0.41923959168243435,0.7557468618472524,0.7247951775900661,0.771913655319286,0.20700080402608112,0.22562622385652398,0.22004087098744365,0.3779218174136023,0.8243539558811398,0.2269043583825438,30.0,40.0
23,12,G2,0.41923959168243435,0.37729665499187615,0.46910696646243244,0.771913655319286,0.7557468618472524,0.8168519731305832,0.22004087098744365,0.20700080402608112,0.21587499168458288,0.3779218174136023,0.8243539558811398,0.2269043583825438,30.0,40.0
23,13,G2,0.46910696646243244,0.41923959168243435,0.5093097111766913,0.8168519731305832,0.771913655319286,0.827337887593843,0.21587499168458288,0.22004087098744365,0.23220601902970187,0.3779218174136023,0.8243539558811398,0.2269043583825438,30.0,40.0
23,14,G2,0.5093097111766913,0.46910696646243244,0.5249992484389427,0.827337887593843,0.8168519731305832,0.8281117790832777,0.23220601902970187,0.21587499168458288,0.24111740186194924,0.3779218174136023,0.8243539558811398,0.2269043583825438,30.0,40.0
23,15,G2,0.5249992484389427,0.5093097111766913,0.5426066208519168,0.8281117790832777,0.827337887593843,0.8089452559119504,0.24111740186194924,0.23220601902970187,0.2664418250089317,0.3779218174136023,0.8243539558811398,0.2269043583825438,30.0,40.0
23,16,G2,0.5426066208519168,0.5249992484389427,0.4596330996297401,0.8089452559119504,0.8281117790832777,0.774129360762787,0.2664418250089317,0.24111740186194924,0.2428128999004266,0.3779218174136023,0.8243539558811398,0.2269043583825438,30.0,40.0
23,17,G2,0.4596330996297401,0.5426066208519168,0.40892211372831594,0.774129360762787,0.8089452559119504,0.7326631150435645,0.2428128999004266,0.2664418250089317,0.24381218830822896,0.3779218174136023,0.8243539558811398,0.2269043583825438,30.0,40.0
23,18,G2,0.40892211372831594,0.4596330996297401,0.3193378278026283,0.7326631150435645,0.774129360762787,0.678891150463999,0.24381218830822896,0.2428128999004266,0.23067757999038904,0.3779218174136023,0.8243539558811398,0.2269043583825438,30.0,40.0
23,19,G2,0.3193378278026283,0.40892211372831594,0.32328660878318755,0.678891150463999,0.7326631150435645,0.6498157417445892,0.23067757999038904,0.24381218830822896,0.25530766613975936,0.3779218174136023,0.8243539558811398,0.2269043583825438,30.0,40.0
23,20,G2,0.32328660878318755,0.3193378278026283,0.28782445986266764,0.6498157417445892,0.678891150463999,0.626430163741227,0.25530766613975936,0.23067757999038904,0.251714344448702,0.3779218174136023,0.8243539558811398,0.2269043583825438,30.0,40.0
23,21,G2,0.28782445986266764,0.32328660878318755,0.27703479362391914,0.626430163741227,0.6498157417445892,0.5825349039975001,0.251714344448702,0.25530766613975936,0.27875215850243273,0.3779218174136023,0.8243539558811398,0.2269043583825438,30.0,40.0
23,22,G2,0.27703479362391914,0.28782445986266764,0.2982860661230827,0.5825349039975001,0.626430163741227,0.5628802689343089,0.27875215850243273,0.251714344448702,0.30665705586937675,0.3779218174136023,0.8243539558811398,0.2269043583825438,30.0,40.0
23,23,G2,0.2982860661230827,0.27703479362391914,0.2231450037285626,0.5628802689343089,0.5825349039975001,0.598107703414495,0.30665705586937675,0.27875215850243273,0.23419980536594848,0.3779218174136023,0.8243539558811398,0.2269043583825438,30.0,40.0
24,0,G2,0.2417967007737278,0.22378814009403403,0.23491478711120517,0.7097657973985968,0.7145820761320987,0.6701162283906765,0.16009581074825524,0.14550414309455098,0.18625327634869224,0.3549469760069148,1.0,0.09785975804175055,30.0,40.0
24,1,G2,0.23491478711120517,0.2417967007737278,0.2513000397309849,0.6701162283906765,0.7097657973985968,0.6825856503482566,0.18625327634869224,0.16009581074825524,0.186640754600316,0.3549469760069148,1.0,0.09785975804175055,30.0,40.0
24,2,G2,0.2513000397309849,0.23491478711120517,0.27508332102191085,0.6825856503482566,0.6701162283906765,0.7064466496206366,0.186640754600316,0.18625327634869224,0.18279645712066728,0.3549469760069148,1.0,0.09785975804175055,30.0,40.0
24,3,G2,0.27508332102191085,0.2513000397309849,0.3104225978986718,0.7064466496206366,0.6825856503482566,0.712285668864599,0.18279645712066728,0.186640754600316,0.1997358082113761,0.3549469760069148,1.0,0.09785975804175055,30.0,40.0
24,4,G2,0.3104225978986718,0.27508332102191085,0.3680094450961073,0.712285668864599,0.7064466496206366,0.735016677818201,0.1997358082113761,0.18279645712066728,0.21723090252214938,0.3549469760069148,1.0,0.09785975804175055,30.0,40.0
24,5,G2,0.3680094450961073,0.3104225978986718,0.43078990855274063,0.735016677818201,0.712285668864599,0.7394087491667326,0.21723090252214938,0.1997358082113761,0.2518983200567169,0.3549469760069148,1.0,0.09785975804175055,30.0,40.0
24,6,G2,0.43078990855274063,0.3680094450961073,0.4542726989142721,0.7394087491667326,0.735016677818201,0.7630477094022025,0.2518983200567169,0.21723090252214938,0.24804183870714103,0.3549469760069148,1.0,0.09785975804175055,30.0,40.0
24,7,G2,0.4542726989142721,0.43078990855274063,0.42942358159708094,0.7630477094022025,0.7394087491667326,0.7506096013551348,0.24804183870714103,0.2518983200567169,0.2425037718928268,0.3549469760069148,1.0,0.09785975804175055,30.0,40.0
24,8,G2,0.42942358159708094,0.4542726989142721,0.3965272667377627,0.7506096013551348,0.7630477094022025,0.7869259734857993,0.2425037718928268,0.24804183870714103,0.1948016689280887,0.3549469760069148,1.0,0.09785975804175055,30.0,40.0
24,9,G2,0.3965272667377627,0.42942358159708094,0.3562924007004064,0.7869259734857993,0.7506096013551348,0.8132741485683849,0.1948016689280887,0.2425037718928268,0.1502786978898479,0.3549469760069148,1.0,0.09785975804175055,30.0,40.0
24,10,G2,0.3562924007004064,0.3965272667377627,0.350868227504574,0.8132741485683849,0.7869259734857993,0.8567386816820455,0.1502786978898479,0.1948016689280887,0.1137494574828513,0.3549469760069148,1.0,0.09785975804175055,30.0,40.0
24,11,G2,0.350868227504574,0.3562924007004064,0.40780391746743244,0.8567386816820455,0.8132741485683849,0.9557278994961632,0.1137494574828513,0.1502786978898479,0.07252418538059988,0.3549469760069148,1.0,0.09785975804175055,30.0,40.0
24,12,G2,0.40780391746743244,0.350868227504574,0.4647467905985881,0.9557278994961632,0.8567386816820455,0.9893083284723476,0.07252418538059988,0.1137494574828513,0.08133105936499353,0.3549469760069148,1.0,0.09785975804175055,30.0,40.0
24,13,G2,0.4647467905985881,0.40780391746743244,0.519540167411522,0.9893083284723476,0.9557278994961632,0.9873139119288281,0.08133105936499353,0.07252418538059988,0.11604532127952795,0.3549469760069148,1.0,0.09785975804175055,30.0,40.0
24,14,G2,0.519540167411522,0.4647467905985881,0.5257150531983561,0.9873139119288281,0.9893083284723476,0.9802480563442694,0.11604532127952795,0.08133105936499353,0.12518981156466197,0.3549469760069148,1.0,0.09785975804175055,30.0,40.0
24,15,G2,0.5257150531983561,0.519540167411522,0.4841567271259692,0.9802480563442694,0.9873139119288281,0.9422004424930909,0.12518981156466197,0.11604532127952795,0.12911821301706236,0.3549469760069148,1.0,0.09785975804175055,30.0,40.0
24,16,G2,0.4841567271259692,0.5257150531983561,0.4327014857249335,0.9422004424930909,0.9802480563442694,0.9192882797160338,0.12911821301706236,0.12518981156466197,0.11547564208538286,0.3549469760069148,1.0,0.09785975804175055,30.0,40.0
24,17,G2,0.4327014857249335,0.4841567271259692,0.3860734779444663,0.9192882797160338,0.9422004424930909,0.8682397467168959,0.11547564208538286,0.12911821301706236,0.12627702196973306,0.3549469760069148,1.0,0.09785975804175055,30.0,40.0
24,18,G2,0.3860734779444663,0.4327014857249335,0.33005794867251737,0.8682397467168959,0.9192882797160338,0.8013816415103808,0.12627702196973306,0.11547564208538286,0.14348421957117885,0.3549469760069148,1.0,0.09785975804175055,30.0,40.0
24,19,G2,0.33005794867251737,0.3860734779444663,0.28129803612584797,0.8013816415103808,0.8682397467168959,0.7374860441601698,0.14348421957117885,0.12627702196973306,0.16282033996063502,0.3549469760069148,1.0,0.09785975804175055,30.0,40.0
24,20,G2,0.28129803612584797,0.33005794867251737,0.25383502452737505,0.7374860441601698,0.8013816415103808,0.7164898348774247,0.16282033996063502,0.14348421957117885,0.16224466254329545,0.3549469760069148,1.0,0.09785975804175055,30.0,40.0
24,21,G2,0.25383502452737505,0.28129803612584797,0.23676370800386753,0.7164898348774247,0.7374860441601698,0.7303411990206936,0.16224466254329545,0.16282033996063502,0.14131022309733274,0.3549469760069148,1.0,0.09785975804175055,30.0,40.0
24,22,G2,0.23676370800386753,0.25383502452737505,0.22378814009403403,0.7303411990206936,0.7164898348774247,0.7145820761320987,0.14131022309733274,0.16224466254329545,0.14550414309455098,0.3549469760069148,1.0,0.09785975804175055,30.0,40.0
24,23,G2,0.22378814009403403,0.23676370800386753,0.2417967007737278,0.7145820761320987,0.7303411990206936,0.7097657973985968,0.14550414309455098,0.14131022309733274,0.16009581074825524,0.3549469760069148,1.0,0.09785975804175055,30.0,40.0
25,0,G2,0.5123243073023671,0.527164447504671,0.5251637416395076,0.605229885309577,0.6101920562061179,0.5941596631086569,0.40391089510256717,0.4091043925611309,0.4201548944038651,0.805926772209852,0.8731492766850613,0.40719798377125876,30.0,40.0
25,1,G2,0.5251637416395076,0.5123243073023671,0.5400409345261865,0.5941596631086569,0.605229885309577,0.6038111702847192,0.4201548944038651,0.40391089510256717,0.42178420453527,0.805926772209852,0.8731492766850613,0.40719798377125876,30.0,40.0
25,2,G2,0.5400409345261865,0.5251637416395076,0.5687317844349221,0.6038111702847192,0.5941596631086569,0.6060927859869665,0.42178420453527,0.4201548944038651,0.4374174179790114,0.805926772209852,0.8731492766850613,0.40719798377125876,30.0,40.0
25,3,G2,0.5687317844349221,0.5400409345261865,0.6155457409705404,0.6060927859869665,0.6038111702847192,0.6121236217911972,0.4374174179790114,0.42178420453527,0.4611603741087472,0.805926772209852,0.8731492766850613,0.40719798377125876,30.0,40.0
25,4,G2,0.6155457409705404,0.5687317844349221,0.6715102734903545,0.6121236217911972,0.6060927859869665,0.6258816207345915,0.4611603741087472,0.4374174179790114,0.48453580864158147,0.805926772209852,0.8731492766850613,0.40719798377125876,30.0,40.0
25,5,G2,0.6715102734903545,0.6155457409705404,0.7207980112262831,0.6258816207345915,0.6121236217911972,0.6255982262304697,0.48453580864158147,0.4611603741087472,0.514606583820731,0.805926772209852,0.8731492766850613,0.40719798377125876,30.0,40.0
25,6,G2,0.7207980112262831,0.6715102734903545,0.7611804450511687,0.6255982262304697,0.6258816207345915,0.6422034818912773,0.514606583820731,0.48453580864158147,0.526366083287117,0.805926772209852,0.8731492766850613,0.40719798377125876,30.0,40.0
25,7,G2,0.7611804450511687,0.7207980112262831,0.7433508549904834,0.6422034818912773,0.6255982262304697,0.6826492944439548,0.526366083287117,0.514606583820731,0.4846316345018461,0.805926772209852,0.8731492766850613,0.40719798377125876,30.0,40.0
25,8,G2,0.7433508549904834,0.7611804450511687,0.6918136459998169,0.6826492944439548,0.6422034818912773,0.7179790813851038,0.4846316345018461,0.526366083287117,0.4263931639788208,0.805926772209852,0.8731492766850613,0.40719798377125876,30.0,40.0
25,9,G2,0.6918136459998169,0.7433508549904834,0.6666930524500616,0.7179790813851038,0.6826492944439548,0.7624947264032691,0.4263931639788208,0.4846316345018461,0.3771296854079933,0.805926772209852,0.8731492766850613,0.40719798377125876,30.0,40.0
25,10,G2,0.6666930524500616,0.6918136459998169,0.6798150240018781,0.7624947264032691,0.7179790813851038,0.8105630224015447,0.3771296854079933,0.4263931639788208,0.3483128301225199,0.805926772209852,0.8731492766850613,0.40719798377125876,30.0,40.0
25,11,G2,0.6798150240018781,0.6666930524500616,0.733147526947725,0.8105630224015447,0.7624947264032691,0.8411513021717474,0.3483128301225199,0.3771296854079933,0.35722141072355623,0.805926772209852,0.8731492766850613,0.40719798377125876,30.0,40.0
25,12,G2,0.733147526947725,0.6798150240018781,0.8102597301906542,0.8411513021717474,0.8105630224015447,0.8762072678921079,0.35722141072355623,0.3483128301225199,0.37711646582017927,0.805926772209852,0.8731492766850613,0.40719798377125876,30.0,40.0
25,13,G2,0.8102597301906542,0.733147526947725,0.8541449049463123,0.8762072678921079,0.8411513021717474,0.8851426688506737,0.37711646582017927,0.35722141072355623,0.39686388129581057,0.805926772209852,0.8731492766850613,0.40719798377125876,30.0,40.0
25,14,G2,0.8541449049463123,0.8102597301906542,0.8577293866770174,0.8851426688506737,0.8762072678921079,0.868548205737005,0.39686388129581057,0.37711646582017927,0.4117272792194109,0.805926772209852,0.8731492766850613,0.40719798377125876,30.0,40.0
25,15,G2,0.8577293866770174,0.8541449049463123,0.8276247120443977,0.868548205737005,0.8851426688506737,0.8437625402648417,0.4117272792194109,0.39686388129581057,0.4124498817820324,0.805926772209852,0.8731492766850613,0.40719798377125876,30.0,40.0
25,16,G2,0.8276247120443977,0.8577293866770174,0.7620611194248416,0.8437625402648417,0.868548205737005,0.8102632393258994,0.4124498817820324,0.4117272792194109,0.39835931064631336,0.805926772209852,0.8731492766850613,0.40719798377125876,30.0,40.0
25,17,G2,0.7620611194248416,0.8276247120443977,0.680263729912066,0.8102632393258994,0.8437625402648417,0.7541142457082387,0.39835931064631336,0.4124498817820324,0.3917593611970232,0.805926772209852,0.8731492766850613,0.40719798377125876,30.0,40.0
25,18,G2,0.680263729912066,0.7620611194248416,0.6180002669783767,0.7541142457082387,0.8102632393258994,0.7176270443948782,0.3917593611970232,0.39835931064631336,0.381952998241011,0.805926772209852,0.8731492766850613,0.40719798377125876,30.0,40.0
25,19,G2,0.6180002669783767,0.680263729912066,0.5771193668869229,0.7176270443948782,0.7541142457082387,0.6840929842354608,0.381952998241011,0.3917593611970232,0.3828395391691063,0.805926772209852,0.8731492766850613,0.40719798377125876,30.0,40.0
25,20,G2,0.5771193668869229,0.6180002669783767,0.5434314725708335,0.6840929842354608,0.7176270443948782,0.651208783877553,0.3828395391691063,0.381952998241011,0.38758590360481754,0.805926772209852,0.8731492766850613,0.40719798377125876,30.0,40.0
25,21,G2,0.5434314725708335,0.5771193668869229,0.5221930007656667,0.651208783877553,0.6840929842354608,0.6303043304385099,0.38758590360481754,0.3828395391691063,0.3907103060446916,0.805926772209852,0.8731492766850613,0.40719798377125876,30.0,40.0
25,22,G2,0.5221930007656667,0.5434314725708335,0.527164447504671,0.6303043304385099,0.651208783877553,0.6101920562061179,0.3907103060446916,0.38758590360481754,0.4091043925611309,0.805926772209852,0.8731492766850613,0.40719798377125876,30.0,40.0
25,23,G2,0.527164447504671,0.5221930007656667,0.5123243073023671,0.6101920562061179,0.6303043304385099,0.605229885309577,0.4091043925611309,0.3907103060446916,0.40391089510256717,0.805926772209852,0.8731492766850613,0.40719798377125876,30.0,40.0
26,0,G2,0.09717564268368191,0.10570420010125094,0.10809971550453652,0.6740807241312896,0.6848014871388937,0.6695292144457526,0.09979121323528857,0.09675727995054323,0.10988923540924092,0.12629867851579132,0.9762377440416421,0.0,30.0,40.0
26,1,G2,0.10809971550453652,0.09717564268368191,0.11999051058674828,0.6695292144457526,0.6740807241312896,0.6654364040116555,0.10988923540924092,0.09979121323528857,0.12022197455835645,0.12629867851579132,0.9762377440416421,0.0,30.0,40.0
26,2,G2,0.11999051058674828,0.10809971550453652,0.1342182868094311,0.6654364040116555,0.6695292144457526,0.6717752580664859,0.12022197455835645,0.10988923540924092,0.12399160405271319,0.12629867851579132,0.9762377440416421,0.0,30.0,40.0
26,3,G2,0.1342182868094311,0.11999051058674828,0.15655043524181403,0.6717752580664859,0.6654364040116555,0.6779796436173988,0.12399160405271319,0.12022197455835645,0.13277297191683277,0.12629867851579132,0.9762377440416421,0.0,30.0,40.0
26,4,G2,0.15655043524181403,0.1342182868094311,0.21364712455442475,0.6779796436173988,0.6717752580664859,0.6849350190509467,0.13277297191683277,0.12399160405271319,0.16203713832202274,0.12629867851579132,0.9762377440416421,0.0,30.0,40.0
26,5,G2,0.21364712455442475,0.15655043524181403,0.2589393185256344,0.6849350190509467,0.6779796436173988,0.7029036914800061,0.16203713832202274,0.13277297191683277,0.1757277163279838,0.12629867851579132,0.9762377440416421,0.0,30.0,40.0
26,6,G2,0.2589393185256344,0.21364712455442475,0.26619485543696125,0.7029036914800061,0.6849350190509467,0.7241796042873466,0.1757277163279838,0.16203713832202274,0.1638496157434885,0.12629867851579132,0.9762377440416421,0.0,30.0,40.0
26,7,G2,0.26619485543696125,0.2589393185256344,0.2606212888344189,0.7241796042873466,0.7029036914800061,0.7588195552209852,0.1638496157434885,0.1757277163279838,0.13397935232060526,0.12629867851579132,0.9762377440416421,0.0,30.0,40.0
26,8,G2,0.2606212888344189,0.26619485543696125,0.23407939975944905,0.7588195552209852,0.7241796042873466,0.798345437955736,0.13397935232060526,0.1638496157434885,0.08767139316055694,0.12629867851579132,0.9762377440416421,0.0,30.0,40.0
26,9,G2,0.23407939975944905,0.2606212888344189,0.2029673310843313,0.798345437955736,0.7588195552209852,0.8392111645031202,0.08767139316055694,0.13397935232060526,0.03757045839868628,0.12629867851579132,0.9762377440416421,0.0,30.0,40.0
26,10,G2,0.2029673310843313,0.23407939975944905,0.21423277824067252,0.8392111645031202,0.798345437955736,0.8855318781452853,0.03757045839868628,0.08767139316055694,0.008965725004127578,0.12629867851579132,0.9762377440416421,0.0,30.0,40.0
26,11,G2,0.21423277824067252,0.2029673310843313,0.2423101156877376,0.8855318781452853,0.8392111645031202,0.9194894893148573,0.008965725004127578,0.03757045839868628,0.0,0.12629867851579132,0.9762377440416421,0.0,30.0,40.0
26,12,G2,0.2423101156877376,0.21423277824067252,0.29385639562206234,0.9194894893148573,0.8855318781452853,0.9477957362179594,0.0,0.008965725004127578,0.009572058183500442,0.12629867851579132,0.9762377440416421,0.0,30.0,40.0
26,13,G2,0.29385639562206234,0.2423101156877376,0.3303694437705221,0.9477957362179594,0.9194894893148573,0.9585327693478188,0.009572058183500442,0.0,0.023476135817925507,0.12629867851579132,0.9762377440416421,0.0,30.0,40.0
26,14,G2,0.3303694437705221,0.29385639562206234,0.3389800014580247,0.9585327693478188,0.9477957362179594,0.9490430078921376,0.023476135817925507,0.009572058183500442,0.03594985432143711,0.12629867851579132,0.9762377440416421,0.0,30.0,40.0
26,15,G2,0.3389800014580247,0.3303694437705221,0.3126063196718255,0.9490430078921376,0.9585327693478188,0.9249763148287219,0.03594985432143711,0.023476135817925507,0.03838244769520756,0.12629867851579132,0.9762377440416421,0.0,30.0,40.0
26,16,G2,0.3126063196718255,0.3389800014580247,0.265442884254877,0.9249763148287219,0.9490430078921376,0.884993317695786,0.03838244769520756,0.03594985432143711,0.040396058975221756,0.12629867851579132,0.9762377440416421,0.0,30.0,40.0
26,17,G2,0.265442884254877,0.3126063196718255,0.21600617101502007,0.884993317695786,0.9249763148287219,0.8441961512936988,0.040396058975221756,0.03838244769520756,0.04165544155570044,0.12629867851579132,0.9762377440416421,0.0,30.0,40.0
26,18,G2,0.21600617101502007,0.265442884254877,0.16587648291495313,0.8441961512936988,0.884993317695786,0.7974645933703468,0.04165544155570044,0.040396058975221756,0.047033991839055225,0.12629867851579132,0.9762377440416421,0.0,30.0,40.0
26,19,G2,0.16587648291495313,0.21600617101502007,0.14304413513473493,0.7974645933703468,0.8441961512936988,0.7588815893090148,0.047033991839055225,0.04165544155570044,0.0627143772460037,0.12629867851579132,0.9762377440416421,0.0,30.0,40.0
26,20,G2,0.14304413513473493,0.16587648291495313,0.11915141314512305,0.7588815893090148,0.7974645933703468,0.7280165712652897,0.0627143772460037,0.047033991839055225,0.07184939675302186,0.12629867851579132,0.9762377440416421,0.0,30.0,40.0
26,21,G2,0.11915141314512305,0.14304413513473493,0.1125815465301474,0.7280165712652897,0.7588815893090148,0.7044049422907336,0.07184939675302186,0.0627143772460037,0.08592928227210125,0.12629867851579132,0.9762377440416421,0.0,30.0,40.0
26,22,G2,0.1125815465301474,0.11915141314512305,0.10570420010125094,0.7044049422907336,0.7280165712652897,0.6848014871388937,0.08592928227210125,0.07184939675302186,0.09675727995054323,0.12629867851579132,0.9762377440416421,0.0,30.0,40.0
26,23,G2,0.10570420010125094,0.1125815465301474,0.09717564268368191,0.6848014871388937,0.7044049422907336,0.6740807241312896,0.09675727995054323,0.08592928227210125,0.09979121323528857,0.12629867851579132,0.9762377440416421,0.0,30.0,40.0
27,0,G2,0.3775566449365542,0.377888539737915,0.3865188318438882,0.48460435991851053,0.5116616231157779,0.49902620460175157,0.4145411399883938,0.39404747225117687,0.4089390942435515,0.5841223742852127,0.7064684829877332,0.408442010100548,30.0,40.0
27,1,G2,0.3865188318438882,0.3775566449365542,0.4041593151118681,0.49902620460175157,0.48460435991851053,0.4681436676370832,0.4089390942435515,0.4145411399883938,0.4432445451291708,0.5841223742852127,0.7064684829877332,0.408442010100548,30.0,40.0
27,2,G2,0.4041593151118681,0.3865188318438882,0.4283663926627897,0.4681436676370832,0.49902620460175157,0.4711016932773232,0.4432445451291708,0.4089390942435515,0.455644546819438,0.5841223742852127,0.7064684829877332,0.408442010100548,30.0,40.0
27,3,G2,0.4283663926627897,0.4041593151118681,0.47775062918767314,0.4711016932773232,0.4681436676370832,0.5148863124685699,0.455644546819438,0.4432445451291708,0.45206843070208674,0.5841223742852127,0.7064684829877332,0.408442010100548,30.0,40.0
27,4,G2,0.47775062918767314,0.4283663926627897,0.5494742628235566,0.5148863124685699,0.4711016932773232,0.5306203824035539,0.45206843070208674,0.455644546819438,0.4834778986700657,0.5841223742852127,0.7064684829877332,0.408442010100548,30.0,40.0
27,5,G2,0.5494742628235566,0.47775062918767314,0.591883269881409,0.5306203824035539,0.5148863124685699,0.5176554014883927,0.4834778986700657,0.45206843070208674,0.5190816541470016,0.5841223742852127,0.7064684829877332,0.408442010100548,30.0,40.0
27,6,G2,0.591883269881409,0.5494742628235566,0.6131498226850891,0.5176554014883927,0.5306203824035539,0.5744444361437169,0.5190816541470016,0.4834778986700657,0.4885280028439378,0.5841223742852127,0.7064684829877332,0.408442010100548,30.0,40.0
27,7,G2,0.6131498226850891,0.591883269881409,0.5909890881406379,0.5744444361437169,0.5176554014883927,0.5915770307304329,0.4885280028439378,0.5190816541470016,0.4620012143705799,0.5841223742852127,0.7064684829877332,0.408442010100548,30.0,40.0
27,8,G2,0.5909890881406379,0.6131498226850891,0.5620643765023785,0.5915770307304329,0.5744444361437169,0.6159942509985356,0.4620012143705799,0.4885280028439378,0.4258057918472869,0.5841223742852127,0.7064684829877332,0.408442010100548,30.0,40.0
27,9,G2,0.5620643765023785,0.5909890881406379,0.5155024968833312,0.6159942509985356,0.5915770307304329,0.6259624828479604,0.4258057918472869,0.4620012143705799,0.38997866266424497,0.5841223742852127,0.7064684829877332,0.408442010100548,30.0,40.0
27,10,G2,0.5155024968833312,0.5620643765023785,0.5231901490393146,0.6259624828479604,0.6159942509985356,0.6531196880466278,0.38997866266424497,0.4258057918472869,0.37386400216070526,0.5841223742852127,0.7064684829877332,0.408442010100548,30.0,40.0
27,11,G2,0.5231901490393146,0.5155024968833312,0.580698749072976,0.6531196880466278,0.6259624828479604,0.7013759610809586,0.37386400216070526,0.38997866266424497,0.3717887488805231,0.5841223742852127,0.7064684829877332,0.408442010100548,30.0,40.0
27,12,G2,0.580698749072976,0.5231901490393146,0.6389842723982516,0.7013759610809586,0.6531196880466278,0.7412502786096952,0.3717887488805231,0.37386400216070526,0.37659500863227197,0.5841223742852127,0.7064684829877332,0.408442010100548,30.0,40.0
27,13,G2,0.6389842723982516,0.580698749072976,0.6829037722398043,0.7412502786096952,0.7013759610809586,0.7546284496388663,0.37659500863227197,0.3717887488805231,0.3929651703740454,0.5841223742852127,0.7064684829877332,0.408442010100548,30.0,40.0
27,14,G2,0.6829037722398043,0.6389842723982516,0.6816731220368101,0.7546284496388663,0.7412502786096952,0.7528412190525445,0.3929651703740454,0.37659500863227197,0.3935867147115013,0.5841223742852127,0.7064684829877332,0.408442010100548,30.0,40.0
27,15,G2,0.6816731220368101,0.6829037722398043,0.6370793124730445,0.7528412190525445,0.7546284496388663,0.7253636246685775,0.3935867147115013,0.3929651703740454,0.3875920363098447,0.5841223742852127,0.7064684829877332,0.408442010100548,30.0,40.0
27,16,G2,0.6370793124730445,0.6816731220368101,0.5783161310650424,0.7253636246685775,0.7528412190525445,0.670252763648547,0.3875920363098447,0.3935867147115013,0.3941500978494014,0.5841223742852127,0.7064684829877332,0.408442010100548,30.0,40.0
27,17,G2,0.5783161310650424,0.6370793124730445,0.5172576873327188,0.670252763648547,0.7253636246685775,0.6252370440264245,0.3941500978494014,0.3875920363098447,0.3915966477257572,0.5841223742852127,0.7064684829877332,0.408442010100548,30.0,40.0
27,18,G2,0.5172576873327188,0.5783161310650424,0.45816739139894824,0.6252370440264245,0.670252763648547,0.579863911612136,0.3915966477257572,0.3941500978494014,0.39050868877484646,0.5841223742852127,0.7064684829877332,0.408442010100548,30.0,40.0
27,19,G2,0.45816739139894824,0.5172576873327188,0.41974216118124824,0.579863911612136,0.6252370440264245,0.5278454724458087,0.39050868877484646,0.3915966477257572,0.40702039502991466,0.5841223742852127,0.7064684829877332,0.408442010100548,30.0,40.0
27,20,G2,0.41974216118124824,0.45816739139894824,0.400259749906993,0.5278454724458087,0.579863911612136,0.5303295147274794,0.40702039502991466,0.39050868877484646,0.39331980983369724,0.5841223742852127,0.7064684829877332,0.408442010100548,30.0,40.0
27,21,G2,0.400259749906993,0.41974216118124824,0.39474782487608906,0.5303295147274794,0.5278454724458087,0.4930738042763162,0.39331980983369724,0.40702039502991466,0.41847615130457955,0.5841223742852127,0.7064684829877332,0.408442010100548,30.0,40.0
27,22,G2,0.39474782487608906,0.400259749906993,0.377888539737915,0.4930738042763162,0.5303295147274794,0.5116616231157779,0.41847615130457955,0.39331980983369724,0.39404747225117687,0.5841223742852127,0.7064684829877332,0.408442010100548,30.0,40.0
27,23,G2,0.377888539737915,0.39474782487608906,0.3775566449365542,0.5116616231157779,0.4930738042763162,0.48460435991851053,0.39404747225117687,0.41847615130457955,0.4145411399883938,0.5841223742852127,0.7064684829877332,0.408442010100548,30.0,40.0
28,0,G2,0.4202282287982776,0.35552877246754,0.39684700370834214,0.1201981959550915,0.10589464247283961,0.10376959175285023,0.7191031009741878,0.6908541117631624,0.7175062733943397,0.597913174802985,0.08599146224089738,0.8307760630007108,49.99,49.99
28,1,G2,0.39684700370834214,0.4202282287982776,0.43255657122814345,0.10376959175285023,0.1201981959550915,0.12361404411982241,0.7175062733943397,0.7191031009741878,0.7239578823436638,0.597913174802985,0.08599146224089738,0.8307760630007108,49.99,49.99
28,2,G2,0.43255657122814345,0.39684700370834214,0.46185813365748996,0.12361404411982241,0.10376959175285023,0.104786509207262,0.7239578823436638,0.7175062733943397,0.7561063058964044,0.597913174802985,0.08599146224089738,0.8307760630007108,49.99,49.99
28,3,G2,0.46185813365748996,0.43255657122814345,0.4928837968894973,0.104786509207262,0.12361404411982241,0.07970394213886366,0.7561063058964044,0.7239578823436638,0.794083182808578,0.597913174802985,0.08599146224089738,0.8307760630007108,49.99,49.99
28,4,G2,0.4928837968894973,0.46185813365748996,0.5238631223450265,0.07970394213886366,0.104786509207262,0.09427085440913881,0.794083182808578,0.7561063058964044,0.8017061591467725,0.597913174802985,0.08599146224089738,0.8307760630007108,49.99,49.99
28,5,G2,0.5238631223450265,0.4928837968894973,0.6263457998787866,0.09427085440913881,0.07970394213886366,0.12551030180146405,0.8017061591467725,0.794083182808578,0.8398873935328564,0.597913174802985,0.08599146224089738,0.8307760630007108,49.99,49.99
28,6,G2,0.6263457998787866,0.5238631223450265,0.6523829690425056,0.12551030180146405,0.09427085440913881,0.13110799590639166,0.8398873935328564,0.8017061591467725,0.8513769522955906,0.597913174802985,0.08599146224089738,0.8307760630007108,49.99,49.99
28,7,G2,0.6523829690425056,0.6263457998787866,0.614974459906286,0.13110799590639166,0.12551030180146405,0.11286524052611707,0.8513769522955906,0.8398873935328564,0.8426712242128037,0.597913174802985,0.08599146224089738,0.8307760630007108,49.99,49.99
28,8,G2,0.614974459906286,0.6523829690425056,0.5723012076680304,0.11286524052611707,0.13110799590639166,0.13116958642322094,0.8426712242128037,0.8513769522955906,0.8028236093198556,0.597913174802985,0.08599146224089738,0.8307760630007108,49.99,49.99
28,9,G2,0.5723012076680304,0.614974459906286,0.5366224768302504,0.13116958642322094,0.11286524052611707,0.1850605721597837,0.8028236093198556,0.8426712242128037,0.7399942604446436,0.597913174802985,0.08599146224089738,0.8307760630007108,49.99,49.99
28,10,G2,0.5366224768302504,0.5723012076680304,0.5281424106682555,0.1850605721597837,0.13116958642322094,0.17485407770739686,0.7399942604446436,0.8028236093198556,0.7426642279296195,0.597913174802985,0.08599146224089738,0.8307760630007108,49.99,49.99
28,11,G2,0.5281424106682555,0.5366224768302504,0.543288630370882,0.17485407770739686,0.1850605721597837,0.23038255250827072,0.7426642279296195,0.7399942604446436,0.7093675733478092,0.597913174802985,0.08599146224089738,0.8307760630007108,49.99,49.99
28,12,G2,0.543288630370882,0.5281424106682555,0.6261816786966927,0.23038255250827072,0.17485407770739686,0.19713168546088108,0.7093675733478092,0.7426642279296195,0.7850084966547791,0.597913174802985,0.08599146224089738,0.8307760630007108,49.99,49.99
28,13,G2,0.6261816786966927,0.543288630370882,0.6744748702080048,0.19713168546088108,0.23038255250827072,0.17735816929717368,0.7850084966547791,0.7093675733478092,0.8293838510331748,0.597913174802985,0.08599146224089738,0.8307760630007108,49.99,49.99
28,14,G2,0.6744748702080048,0.6261816786966927,0.6767152739612867,0.17735816929717368,0.19713168546088108,0.176633136066645,0.8293838510331748,0.7850084966547791,0.8312954238956183,0.597913174802985,0.08599146224089738,0.8307760630007108,49.99,49.99
28,15,G2,0.6767152739612867,0.6744748702080048,0.6747516422459405,0.176633136066645,0.17735816929717368,0.21042553612066878,0.8312954238956183,0.8293838510331748,0.8042599779364085,0.597913174802985,0.08599146224089738,0.8307760630007108,49.99,49.99
28,16,G2,0.6747516422459405,0.6767152739612867,0.5732922861045008,0.21042553612066878,0.176633136066645,0.15709460636170625,0.8042599779364085,0.8312954238956183,0.7835952092088354,0.597913174802985,0.08599146224089738,0.8307760630007108,49.99,49.99
28,17,G2,0.5732922861045008,0.6747516422459405,0.486353696320608,0.15709460636170625,0.21042553612066878,0.13003627732145956,0.7835952092088354,0.8042599779364085,0.7516312462178338,0.597913174802985,0.08599146224089738,0.8307760630007108,49.99,49.99
28,18,G2,0.486353696320608,0.5732922861045008,0.4457024370381885,0.13003627732145956,0.15709460636170625,0.12070720201789299,0.7516312462178338,0.7835952092088354,0.7341437432444603,0.597913174802985,0.08599146224089738,0.8307760630007108,49.99,49.99
28,19,G2,0.4457024370381885,0.486353696320608,0.43650593850833314,0.12070720201789299,0.13003627732145956,0.12836803322671966,0.7341437432444603,0.7516312462178338,0.7227139691867434,0.597913174802985,0.08599146224089738,0.8307760630007108,49.99,49.99
28,20,G2,0.43650593850833314,0.4457024370381885,0.4291263910092243,0.12836803322671966,0.12070720201789299,0.12272252487567618,0.7227139691867434,0.7341437432444603,0.722562068556679,0.597913174802985,0.08599146224089738,0.8307760630007108,49.99,49.99
28,21,G2,0.4291263910092243,0.43650593850833314,0.4325824142740801,0.12272252487567618,0.12836803322671966,0.11979278125098451,0.722562068556679,0.7227139691867434,0.7268962217785754,0.597913174802985,0.08599146224089738,0.8307760630007108,49.99,49.99
28,22,G2,0.4325824142740801,0.4291263910092243,0.35552877246754,0.11979278125098451,0.12272252487567618,0.10589464247283961,0.7268962217785754,0.722562068556679,0.6908541117631624,0.597913174802985,0.08599146224089738,0.8307760630007108,49.99,49.99
28,23,G2,0.35552877246754,0.4325824142740801,0.4202282287982776,0.10589464247283961,0.11979278125098451,0.1201981959550915,0.6908541117631624,0.7268962217785754,0.7191031009741878,0.597913174802985,0.08599146224089738,0.8307760630007108,30.0,40.0
29,0,G2,0.4695513976342979,0.558587019873061,0.4517112811523113,0.08372199750436449,0.096336168774383,0.10022825476803159,0.7768773384640191,0.821159080917472,0.7534466397853966,0.8233292564209522,0.09052892678687793,0.9399004717133503,49.99,49.99
29,1,G2,0.4517112811523113,0.4695513976342979,0.5188157910382775,0.10022825476803159,0.08372199750436449,0.10842351141036352,0.7534466397853966,0.7768773384640191,0.7878243112544678,0.8233292564209522,0.09052892678687793,0.9399004717133503,49.99,49.99
29,2,G2,0.5188157910382775,0.4517112811523113,0.5665087450101788,0.10842351141036352,0.10022825476803159,0.09872009821287972,0.7878243112544678,0.7534466397853966,0.8241339961670255,0.8233292564209522,0.09052892678687793,0.9399004717133503,49.99,49.99
29,3,G2,0.5665087450101788,0.5188157910382775,0.5976555795293912,0.09872009821287972,0.10842351141036352,0.11313587362511988,0.8241339961670255,0.7878243112544678,0.8319740309914988,0.8233292564209522,0.09052892678687793,0.9399004717133503,49.99,49.99
29,4,G2,0.5976555795293912,0.5665087450101788,0.7043094196254771,0.11313587362511988,0.09872009821287972,0.10845398448263209,0.8319740309914988,0.8241339961670255,0.9001561456778052,0.8233292564209522,0.09052892678687793,0.9399004717133503,49.99,49.99
29,5,G2,0.7043094196254771,0.5976555795293912,0.7852376864632727,0.10845398448263209,0.11313587362511988,0.11875735318904072,0.9001561456778052,0.8319740309914988,0.9412946040193213,0.8233292564209522,0.09052892678687793,0.9399004717133503,49.99,49.99
29,6,G2,0.7852376864632727,0.7043094196254771,0.8060312159341747,0.11875735318904072,0.10845398448263209,0.12357334531504742,0.9412946040193213,0.9001561456778052,0.9502059269133079,0.8233292564209522,0.09052892678687793,0.9399004717133503,49.99,49.99
29,7,G2,0.8060312159341747,0.7852376864632727,0.7546433967585826,0.12357334531504742,0.11875735318904072,0.1217400920002216,0.9502059269133079,0.9412946040193213,0.920482028015073,0.8233292564209522,0.09052892678687793,0.9399004717133503,49.99,49.99
29,8,G2,0.7546433967585826,0.8060312159341747,0.7052761735392673,0.1217400920002216,0.12357334531504742,0.13219719937722665,0.920482028015073,0.9502059269133079,0.8825817616731955,0.8233292564209522,0.09052892678687793,0.9399004717133503,49.99,49.99
29,9,G2,0.7052761735392673,0.7546433967585826,0.6754129196852433,0.13219719937722665,0.1217400920002216,0.1551847157401452,0.8825817616731955,0.920482028015073,0.8469113622522033,0.8233292564209522,0.09052892678687793,0.9399004717133503,49.99,49.99
29,10,G2,0.6754129196852433,0.7052761735392673,0.7120250314456479,0.1551847157401452,0.13219719937722665,0.17224311438771994,0.8469113622522033,0.8825817616731955,0.8560405584857729,0.8233292564209522,0.09052892678687793,0.9399004717133503,49.99,49.99
29,11,G2,0.7120250314456479,0.6754129196852433,0.7434885649575844,0.17224311438771994,0.1551847157401452,0.2128708590514838,0.8560405584857729,0.8469113622522033,0.8440242428993321,0.8233292564209522,0.09052892678687793,0.9399004717133503,49.99,49.99
29,12,G2,0.7434885649575844,0.7120250314456479,0.7856055730632006,0.2128708590514838,0.17224311438771994,0.21589056559729214,0.8440242428993321,0.8560405584857729,0.8672252723917001,0.8233292564209522,0.09052892678687793,0.9399004717133503,49.99,49.99
29,13,G2,0.7856055730632006,0.7434885649575844,0.8939952570948123,0.21589056559729214,0.2128708590514838,0.21941633731488305,0.8672252723917001,0.8440242428993321,0.9301811884667169,0.8233292564209522,0.09052892678687793,0.9399004717133503,49.99,49.99
29,14,G2,0.8939952570948123,0.7856055730632006,0.9167341635447563,0.21941633731488305,0.21589056559729214,0.21041745184881266,0.9301811884667169,0.8672252723917001,0.9508371279327666,0.8233292564209522,0.09052892678687793,0.9399004717133503,49.99,49.99
29,15,G2,0.9167341635447563,0.8939952570948123,0.8605025003252861,0.21041745184881266,0.21941633731488305,0.20925361709877596,0.9508371279327666,0.9301811884667169,0.9176672659955222,0.8233292564209522,0.09052892678687793,0.9399004717133503,49.99,49.99
29,16,G2,0.8605025003252861,0.9167341635447563,0.7463187264553282,0.20925361709877596,0.21041745184881266,0.18570894096927706,0.9176672659955222,0.9508371279327666,0.8665132413803,0.8233292564209522,0.09052892678687793,0.9399004717133503,49.99,49.99
29,17,G2,0.7463187264553282,0.8605025003252861,0.6785603751861422,0.18570894096927706,0.20925361709877596,0.1516207001957912,0.8665132413803,0.9176672659955222,0.8515437349768069,0.8233292564209522,0.09052892678687793,0.9399004717133503,49.99,49.99
29,18,G2,0.6785603751861422,0.7463187264553282,0.6380653090647669,0.1516207001957912,0.18570894096927706,0.1353075800302613,0.8515437349768069,0.8665132413803,0.8394925738148662,0.8233292564209522,0.09052892678687793,0.9399004717133503,49.99,49.99
29,19,G2,0.6380653090647669,0.6785603751861422,0.5994963125140925,0.1353075800302613,0.1516207001957912,0.13240486731096265,0.8394925738148662,0.8515437349768069,0.8183511239790522,0.8233292564209522,0.09052892678687793,0.9399004717133503,49.99,49.99
29,20,G2,0.5994963125140925,0.6380653090647669,0.578798248444906,0.13240486731096265,0.1353075800302613,0.12302996324137122,0.8183511239790522,0.8394925738148662,0.8129845009762444,0.8233292564209522,0.09052892678687793,0.9399004717133503,49.99,49.99
29,21,G2,0.578798248444906,0.5994963125140925,0.5469372084694835,0.12302996324137122,0.13240486731096265,0.11378140481989663,0.8129845009762444,0.8183511239790522,0.800759728875344,0.8233292564209522,0.09052892678687793,0.9399004717133503,49.99,49.99
29,22,G2,0.5469372084694835,0.578798248444906,0.558587019873061,0.11378140481989663,0.12302996324137122,0.096336168774383,0.800759728875344,0.8129845009762444,0.821159080917472,0.8233292564209522,0.09052892678687793,0.9399004717133503,49.99,49.99
29,23,G2,0.558587019873061,0.5469372084694835,0.4695513976342979,0.096336168774383,0.11378140481989663,0.08372199750436449,0.821159080917472,0.800759728875344,0.7768773384640191,0.8233292564209522,0.09052892678687793,0.9399004717133503,49.99,49.99
30,0,G2,0.26029541890330293,0.18896935662846057,0.2571661696299464,0.09008681603063584,0.08309503510186769,0.07838342006055762,0.6452610097345787,0.6074058301649953,0.6523169170794201,0.34227700834091906,0.1022014597279394,0.6927222015391086,30.0,40.0
30,1,G2,0.2571661696299464,0.26029541890330293,0.24943932565052868,0.07838342006055762,0.09008681603063584,0.09873177189479371,0.6523169170794201,0.6452610097345787,0.6320732984002655,0.34227700834091906,0.1022014597279394,0.6927222015391086,30.0,40.0
30,2,G2,0.24943932565052868,0.2571661696299464,0.25854104033464,0.09873177189479371,0.07838342006055762,0.14457729544427853,0.6320732984002655,0.6523169170794201,0.602521421283057,0.34227700834091906,0.1022014597279394,0.6927222015391086,30.0,40.0
30,3,G2,0.25854104033464,0.24943932565052868,0.32222169718153465,0.14457729544427853,0.09873177189479371,0.1366606145584802,0.602521421283057,0.6320732984002655,0.6471484211014044,0.34227700834091906,0.1022014597279394,0.6927222015391086,30.0,40.0
30,4,G2,0.32222169718153465,0.25854104033464,0.37769971058219726,0.1366606145584802,0.14457729544427853,0.1187180384571373,0.6471484211014044,0.602521421283057,0.6944752948093333,0.34227700834091906,0.1022014597279394,0.6927222015391086,30.0,40.0
30,5,G2,0.37769971058219726,0.32222169718153465,0.43181614681076075,0.1187180384571373,0.1366606145584802,0.13427203565790424,0.6944752948093333,0.6471484211014044,0.7153576549152836,0.34227700834091906,0.1022014597279394,0.6927222015391086,30.0,40.0
30,6,G2,0.43181614681076075,0.37769971058219726,0.4362553994342252,0.13427203565790424,0.1187180384571373,0.1316504832688213,0.7153576549152836,0.6944752948093333,0.7200516393948263,0.34227700834091906,0.1022014597279394,0.6927222015391086,49.99,49.99
30,7,G2,0.4362553994342252,0.43181614681076075,0.4267890614133045,0.1316504832688213,0.13427203565790424,0.15429522456602926,0.7200516393948263,0.7153576549152836,0.6969980043192068,0.34227700834091906,0.1022014597279394,0.6927222015391086,49.99,49.99
30,8,G2,0.4267890614133045,0.4362553994342252,0.3935626295199547,0.15429522456602926,0.1316504832688213,0.17635086481297427,0.6969980043192068,0.7200516393948263,0.6600032418089683,0.34227700834091906,0.1022014597279394,0.6927222015391086,30.0,40.0
30,9,G2,0.3935626295199547,0.4267890614133045,0.3747093080047175,0.17635086481297427,0.15429522456602926,0.1975706542758792,0.6600032418089683,0.6969980043192068,0.6323536991505718,0.34227700834091906,0.1022014597279394,0.6927222015391086,30.0,40.0
30,10,G2,0.3747093080047175,0.3935626295199547,0.35015304207563125,0.1975706542758792,0.17635086481297427,0.23413198001567462,0.6323536991505718,0.6600032418089683,0.5895158857180305,0.34227700834091906,0.1022014597279394,0.6927222015391086,30.0,40.0
30,11,G2,0.35015304207563125,0.3747093080047175,0.38533381682412543,0.23413198001567462,0.1975706542758792,0.21432155830547645,0.5895158857180305,0.6323536991505718,0.625977159706065,0.34227700834091906,0.1022014597279394,0.6927222015391086,30.0,40.0
30,12,G2,0.38533381682412543,0.35015304207563125,0.4837444937900153,0.21432155830547645,0.23413198001567462,0.2216225891834028,0.625977159706065,0.5895158857180305,0.6800012021720409,0.34227700834091906,0.1022014597279394,0.6927222015391086,30.0,40.0
30,13,G2,0.4837444937900153,0.38533381682412543,0.5127688003987266,0.2216225891834028,0.21432155830547645,0.22477555183012948,0.6800012021720409,0.625977159706065,0.6951699451543387,0.34227700834091906,0.1022014597279394,0.6927222015391086,30.0,40.0
30,14,G2,0.5127688003987266,0.4837444937900153,0.5136000799454716,0.22477555183012948,0.2216225891834028,0.2082439289710114,0.6951699451543387,0.6800012021720409,0.708317640755745,0.34227700834091906,0.1022014597279394,0.6927222015391086,30.0,40.0
30,15,G2,0.5136000799454716,0.5127688003987266,0.47326568842030786,0.2082439289710114,0.22477555183012948,0.21196131051483888,0.708317640755745,0.6951699451543387,0.6810435082131603,0.34227700834091906,0.1022014597279394,0.6927222015391086,49.99,49.99
30,16,G2,0.47326568842030786,0.5136000799454716,0.39186771298501816,0.21196131051483888,0.2082439289710114,0.15387648158365538,0.6810435082131603,0.708317640755745,0.6761661076031803,0.34227700834091906,0.1022014597279394,0.6927222015391086,30.0,40.0
30,17,G2,0.39186771298501816,0.47326568842030786,0.3203583856037126,0.15387648158365538,0.21196131051483888,0.1431453931737638,0.6761661076031803,0.6810435082131603,0.6410599253678321,0.34227700834091906,0.1022014597279394,0.6927222015391086,30.0,40.0
30,18,G2,0.3203583856037126,0.39186771298501816,0.2879528103119531,0.1431453931737638,0.15387648158365538,0.13491408880520492,0.6410599253678321,0.6761661076031803,0.6277272784362482,0.34227700834091906,0.1022014597279394,0.6927222015391086,30.0,40.0
30,19,G2,0.2879528103119531,0.3203583856037126,0.24555998143827423,0.13491408880520492,0.1431453931737638,0.1422654596762449,0.6277272784362482,0.6410599253678321,0.5964268818333507,0.34227700834091906,0.1022014597279394,0.6927222015391086,30.0,40.0
30,20,G2,0.24555998143827423,0.2879528103119531,0.27044838458799997,0.1422654596762449,0.13491408880520492,0.12861228158567736,0.5964268818333507,0.6277272784362482,0.6219446179715947,0.34227700834091906,0.1022014597279394,0.6927222015391086,30.0,40.0
30,21,G2,0.27044838458799997,0.24555998143827423,0.22677854743442444,0.12861228158567736,0.1422654596762449,0.08327791061271977,0.6219446179715947,0.5964268818333507,0.6301673215243166,0.34227700834091906,0.1022014597279394,0.6927222015391086,30.0,40.0
30,22,G2,0.22677854743442444,0.27044838458799997,0.18896935662846057,0.08327791061271977,0.12861228158567736,0.08309503510186769,0.6301673215243166,0.6219446179715947,0.6074058301649953,0.34227700834091906,0.1022014597279394,0.6927222015391086,30.0,40.0
30,23,G2,0.18896935662846057,0.22677854743442444,0.26029541890330293,0.08309503510186769,0.08327791061271977,0.09008681603063584,0.6074058301649953,0.6301673215243166,0.6452610097345787,0.34227700834091906,0.1022014597279394,0.6927222015391086,30.0,40.0
31,0,G2,0.13929619231519993,0.1446878144731778,0.13915689467103085,0.041485872963958684,0.026313727364649573,0.01513907763004381,0.6091430457124574,0.624013187668663,0.629209971187053,0.19514630896032348,0.01208649542051186,0.6798538678239283,30.0,40.0
31,1,G2,0.13915689467103085,0.13929619231519993,0.15490321967541554,0.01513907763004381,0.041485872963958684,0.017241933570758428,0.629209971187053,0.6091430457124574,0.6371392947760256,0.19514630896032348,0.01208649542051186,0.6798538678239283,30.0,40.0
31,2,G2,0.15490321967541554,0.13915689467103085,0.1815255826238152,0.017241933570758428,0.01513907763004381,0.02866214099580771,0.6371392947760256,0.629209971187053,0.6445299717212836,0.19514630896032348,0.01208649542051186,0.6798538678239283,30.0,40.0
31,3,G2,0.1815255826238152,0.15490321967541554,0.21990432696152937,0.02866214099580771,0.017241933570758428,0.03643060276727048,0.6445299717212836,0.6371392947760256,0.6618346246369546,0.19514630896032348,0.01208649542051186,0.6798538678239283,30.0,40.0
31,4,G2,0.21990432696152937,0.1815255826238152,0.26005889633329754,0.03643060276727048,0.02866214099580771,0.051273854376329,0.6618346246369546,0.6445299717212836,0.6748037702242683,0.19514630896032348,0.01208649542051186,0.6798538678239283,30.0,40.0
31,5,G2,0.26005889633329754,0.21990432696152937,0.3007612929370183,0.051273854376329,0.03643060276727048,0.06275390614076985,0.6748037702242683,0.6618346246369546,0.6906770770285777,0.19514630896032348,0.01208649542051186,0.6798538678239283,30.0,40.0
31,6,G2,0.3007612929370183,0.26005889633329754,0.32217974666390126,0.06275390614076985,0.051273854376329,0.05639722137241275,0.6906770770285777,0.6748037702242683,0.7085123240496349,0.19514630896032348,0.01208649542051186,0.6798538678239283,30.0,40.0
31,7,G2,0.32217974666390126,0.3007612929370183,0.30643761304776734,0.05639722137241275,0.06275390614076985,0.06589323002049853,0.7085123240496349,0.6906770770285777,0.6917141683823548,0.19514630896032348,0.01208649542051186,0.6798538678239283,49.99,49.99
31,8,G2,0.30643761304776734,0.32217974666390126,0.2750292724421515,0.06589323002049853,0.05639722137241275,0.06587426145891516,0.6917141683823548,0.7085123240496349,0.672704365018855,0.19514630896032348,0.01208649542051186,0.6798538678239283,30.0,40.0
31,9,G2,0.2750292724421515,0.30643761304776734,0.2528756113699543,0.06587426145891516,0.06589323002049853,0.08988517947566485,0.672704365018855,0.6917141683823548,0.6409209876350579,0.19514630896032348,0.01208649542051186,0.6798538678239283,30.0,40.0
31,10,G2,0.2528756113699543,0.2750292724421515,0.2549467869520648,0.08988517947566485,0.06587426145891516,0.12734842092969648,0.6409209876350579,0.672704365018855,0.6135218238845013,0.19514630896032348,0.01208649542051186,0.6798538678239283,30.0,40.0
31,11,G2,0.2549467869520648,0.2528756113699543,0.295756703161229,0.12734842092969648,0.08988517947566485,0.14586514079741253,0.6135218238845013,0.6409209876350579,0.6240782732550243,0.19514630896032348,0.01208649542051186,0.6798538678239283,30.0,40.0
31,12,G2,0.295756703161229,0.2549467869520648,0.34623802137354737,0.14586514079741253,0.12734842092969648,0.1707865496173519,0.6240782732550243,0.6135218238845013,0.6355941620006073,0.19514630896032348,0.01208649542051186,0.6798538678239283,30.0,40.0
31,13,G2,0.34623802137354737,0.295756703161229,0.3879506050060833,0.1707865496173519,0.14586514079741253,0.16311697790797502,0.6355941620006073,0.6240782732550243,0.6667259033490638,0.19514630896032348,0.01208649542051186,0.6798538678239283,30.0,40.0
31,14,G2,0.3879506050060833,0.34623802137354737,0.3942305593320196,0.16311697790797502,0.1707865496173519,0.15966627782217177,0.6667259033490638,0.6355941620006073,0.673168989364879,0.19514630896032348,0.01208649542051186,0.6798538678239283,30.0,40.0
31,15,G2,0.3942305593320196,0.3879506050060833,0.3751047658108426,0.15966627782217177,0.16311697790797502,0.15111379143790918,0.673168989364879,0.6667259033490638,0.6681256799299873,0.19514630896032348,0.01208649542051186,0.6798538678239283,30.0,40.0
31,16,G2,0.3751047658108426,0.3942305593320196,0.3213841066417805,0.15111379143790918,0.15966627782217177,0.1389121647914988,0.6681256799299873,0.673168989364879,0.6449189908875895,0.19514630896032348,0.01208649542051186,0.6798538678239283,30.0,40.0
31,17,G2,0.3213841066417805,0.3751047658108426,0.2600392134477645,0.1389121647914988,0.15111379143790918,0.14424292706343012,0.6449189908875895,0.6681256799299873,0.6036846191293409,0.19514630896032348,0.01208649542051186,0.6798538678239283,30.0,40.0
31,18,G2,0.2600392134477645,0.3213841066417805,0.21426263498814843,0.14424292706343012,0.1389121647914988,0.13270852304529826,0.6036846191293409,0.6449189908875895,0.5847794064395705,0.19514630896032348,0.01208649542051186,0.6798538678239283,30.0,40.0
31,19,G2,0.21426263498814843,0.2600392134477645,0.17870016744826725,0.13270852304529826,0.14424292706343012,0.09964172454133875,0.5847794064395705,0.6036846191293409,0.5885299850557193,0.19514630896032348,0.01208649542051186,0.6798538678239283,30.0,40.0
31,20,G2,0.17870016744826725,0.21426263498814843,0.15860617545932335,0.09964172454133875,0.13270852304529826,0.05516843868780967,0.5885299850557193,0.5847794064395705,0.6103741884320288,0.19514630896032348,0.01208649542051186,0.6798538678239283,30.0,40.0
31,21,G2,0.15860617545932335,0.17870016744826725,0.15280376375442986,0.05516843868780967,0.09964172454133875,0.031458509047573587,0.6103741884320288,0.5885299850557193,0.6249941133087306,0.19514630896032348,0.01208649542051186,0.6798538678239283,30.0,40.0
31,22,G2,0.15280376375442986,0.15860617545932335,0.1446878144731778,0.031458509047573587,0.05516843868780967,0.026313727364649573,0.6249941133087306,0.6103741884320288,0.624013187668663,0.19514630896032348,0.01208649542051186,0.6798538678239283,30.0,40.0
31,23,G2,0.1446878144731778,0.15280376375442986,0.13929619231519993,0.026313727364649573,0.031458509047573587,0.041485872963958684,0.624013187668663,0.6249941133087306,0.6091430457124574,0.19514630896032348,0.01208649542051186,0.6798538678239283,30.0,40.0
32,0,G2,0.6047676265522479,0.5958181451623972,0.6114981215441965,0.12149308863893732,0.10715190386659941,0.11009875677349198,0.8298898602104801,0.8354379092117221,0.8426815152791702,1.0,0.13205877988949954,1.0,49.99,49.99
32,1,G2,0.6114981215441965,0.6047676265522479,0.5958084336835959,0.11009875677349198,0.12149308863893732,0.11285840164687669,0.8426815152791702,0.8298898602104801,0.8310674222597849,1.0,0.13205877988949954,1.0,49.99,49.99
32,2,G2,0.5958084336835959,0.6114981215441965,0.6402295887510056,0.11285840164687669,0.11009875677349198,0.1151524348366515,0.8310674222597849,0.8426815152791702,0.8562191240421435,1.0,0.13205877988949954,1.0,49.99,49.99
32,3,G2,0.6402295887510056,0.5958084336835959,0.7200060344674117,0.1151524348366515,0.11285840164687669,0.11316983653261073,0.8562191240421435,0.8310674222597849,0.9060568139773995,1.0,0.13205877988949954,1.0,49.99,49.99
32,4,G2,0.7200060344674117,0.6402295887510056,0.7879606745399621,0.11316983653261073,0.1151524348366515,0.11233027201087221,0.9060568139773995,0.8562191240421435,0.9478596836776353,1.0,0.13205877988949954,1.0,49.99,49.99
32,5,G2,0.7879606745399621,0.7200060344674117,0.8750227336473478,0.11233027201087221,0.11316983653261073,0.13177810276494376,0.9478596836776353,0.9060568139773995,0.9857193091417027,1.0,0.13205877988949954,1.0,49.99,49.99
32,6,G2,0.8750227336473478,0.7879606745399621,0.9081054198899294,0.13177810276494376,0.11233027201087221,0.139306114912463,0.9857193091417027,0.9478596836776353,1.0,1.0,0.13205877988949954,1.0,49.99,49.99
32,7,G2,0.9081054198899294,0.8750227336473478,0.9140649131732245,0.139306114912463,0.13177810276494376,0.14967187877453225,1.0,0.9857193091417027,0.9956814821665224,1.0,0.13205877988949954,1.0,49.99,49.99
32,8,G2,0.9140649131732245,0.9081054198899294,0.8748131631612991,0.14967187877453225,0.139306114912463,0.15634126420335387,0.9956814821665224,1.0,0.9668052803312198,1.0,0.13205877988949954,1.0,49.99,49.99
32,9,G2,0.8748131631612991,0.9140649131732245,0.81348429840414,0.15634126420335387,0.14967187877453225,0.2086465200838512,0.9668052803312198,0.9956814821665224,0.8896522597038353,1.0,0.13205877988949954,1.0,49.99,49.99
32,10,G2,0.81348429840414,0.8748131631612991,0.8376506355333632,0.2086465200838512,0.15634126420335387,0.2275441811088101,0.8896522597038353,0.9668052803312198,0.8898361829375987,1.0,0.13205877988949954,1.0,49.99,49.99
32,11,G2,0.8376506355333632,0.81348429840414,0.9385740040703392,0.2275441811088101,0.2086465200838512,0.23991224924128776,0.8898361829375987,0.8896522597038353,0.9415066706675361,1.0,0.13205877988949954,1.0,49.99,49.99
32,12,G2,0.9385740040703392,0.8376506355333632,1.0,0.23991224924128776,0.2275441811088101,0.25832813099716784,0.9415066706675361,0.8898361829375987,0.9646275888540129,1.0,0.13205877988949954,1.0,49.99,49.99
32,13,G2,1.0,0.9385740040703392,0.9929863907420436,0.25832813099716784,0.23991224924128776,0.2738984899356656,0.9646275888540129,0.9415066706675361,0.9484704221155439,1.0,0.13205877988949954,1.0,49.99,49.99
32,14,G2,0.9929863907420436,1.0,0.9958957118655125,0.2738984899356656,0.25832813099716784,0.2538759533837313,0.9484704221155439,0.9646275888540129,0.9655468250896455,1.0,0.13205877988949954,1.0,49.99,49.99
32,15,G2,0.9958957118655125,0.9929863907420436,0.9393972609038139,0.2538759533837313,0.2738984899356656,0.24403657566051512,0.9655468250896455,0.9484704221155439,0.9388508409718613,1.0,0.13205877988949954,1.0,49.99,49.99
32,16,G2,0.9393972609038139,0.9958957118655125,0.9436351102680054,0.24403657566051512,0.2538759533837313,0.24862965145361332,0.9388508409718613,0.9655468250896455,0.9379047382409756,1.0,0.13205877988949954,1.0,49.99,49.99
32,17,G2,0.9436351102680054,0.9393972609038139,0.865044719868202,0.24862965145361332,0.24403657566051512,0.22346730225822747,0.9379047382409756,0.9388508409718613,0.9095472171206027,1.0,0.13205877988949954,1.0,49.99,49.99
32,18,G2,0.865044719868202,0.9436351102680054,0.7396685523801654,0.22346730225822747,0.24862965145361332,0.19300442951754673,0.9095472171206027,0.9379047382409756,0.8569052303872763,1.0,0.13205877988949954,1.0,49.99,49.99
32,19,G2,0.7396685523801654,0.865044719868202,0.6766064059215401,0.19300442951754673,0.22346730225822747,0.16602019961913475,0.8569052303872763,0.9095472171206027,0.839346767018696,1.0,0.13205877988949954,1.0,49.99,49.99
32,20,G2,0.6766064059215401,0.7396685523801654,0.6874457244926462,0.16602019961913475,0.19300442951754673,0.1548451898939684,0.839346767018696,0.8569052303872763,0.8544594249503413,1.0,0.13205877988949954,1.0,49.99,49.99
32,21,G2,0.6874457244926462,0.6766064059215401,0.6205925896075738,0.1548451898939684,0.16602019961913475,0.10355022834020404,0.8544594249503413,0.839346767018696,0.8531987457864534,1.0,0.13205877988949954,1.0,49.99,49.99
32,22,G2,0.6205925896075738,0.6874457244926462,0.5958181451623972,0.10355022834020404,0.1548451898939684,0.10715190386659941,0.8531987457864534,0.8544594249503413,0.8354379092117221,1.0,0.13205877988949954,1.0,49.99,49.99
32,23,G2,0.5958181451623972,0.6205925896075738,0.6047676265522479,0.10715190386659941,0.10355022834020404,0.12149308863893732,0.8354379092117221,0.8531987457864534,0.8298898602104801,1.0,0.13205877988949954,1.0,49.99,49.99
33,0,G2,0.1979921746367733,0.21929707979562466,0.23292159442572227,0.6847633019698554,0.6922075894105821,0.6943301052357654,0.15268613333281744,0.1598969540606499,0.16652604139467234,0.32039475803865836,0.994637509299201,0.08425796904426604,30.0,40.0
33,1,G2,0.23292159442572227,0.1979921746367733,0.2355195845778017,0.6943301052357654,0.6847633019698554,0.674652116940975,0.16652604139467234,0.15268613333281744,0.18315034131025887,0.32039475803865836,0.994637509299201,0.08425796904426604,30.0,40.0
33,2,G2,0.2355195845778017,0.23292159442572227,0.25595679478753114,0.674652116940975,0.6943301052357654,0.6671419185315414,0.18315034131025887,0.16652604139467234,0.201273503245716,0.32039475803865836,0.994637509299201,0.08425796904426604,30.0,40.0
33,3,G2,0.25595679478753114,0.2355195845778017,0.3083860983581112,0.6671419185315414,0.674652116940975,0.6783431680595897,0.201273503245716,0.18315034131025887,0.22446314335934908,0.32039475803865836,0.994637509299201,0.08425796904426604,30.0,40.0
33,4,G2,0.3083860983581112,0.25595679478753114,0.35017141446367034,0.6783431680595897,0.6671419185315414,0.6741390778659029,0.22446314335934908,0.201273503245716,0.2529883720737752,0.32039475803865836,0.994637509299201,0.08425796904426604,30.0,40.0
33,5,G2,0.35017141446367034,0.3083860983581112,0.39528929360508475,0.6741390778659029,0.6783431680595897,0.7045884980963374,0.2529883720737752,0.22446314335934908,0.2570274883983418,0.32039475803865836,0.994637509299201,0.08425796904426604,30.0,40.0
33,6,G2,0.39528929360508475,0.35017141446367034,0.41781799482299437,0.7045884980963374,0.6741390778659029,0.7442150084675291,0.2570274883983418,0.2529883720737752,0.24036505763111632,0.32039475803865836,0.994637509299201,0.08425796904426604,30.0,40.0
33,7,G2,0.41781799482299437,0.39528929360508475,0.41738905006983035,0.7442150084675291,0.7045884980963374,0.7988331491366581,0.24036505763111632,0.2570274883983418,0.19833065475481326,0.32039475803865836,0.994637509299201,0.08425796904426604,30.0,40.0
33,8,G2,0.41738905006983035,0.41781799482299437,0.3568086097056083,0.7988331491366581,0.7442150084675291,0.8250536515348001,0.19833065475481326,0.24036505763111632,0.1415818384989022,0.32039475803865836,0.994637509299201,0.08425796904426604,30.0,40.0
33,9,G2,0.3568086097056083,0.41738905006983035,0.31853501184523325,0.8250536515348001,0.7988331491366581,0.8588511193258074,0.1415818384989022,0.19833065475481326,0.09254924684332928,0.32039475803865836,0.994637509299201,0.08425796904426604,30.0,40.0
33,10,G2,0.31853501184523325,0.3568086097056083,0.32611469665349874,0.8588511193258074,0.8250536515348001,0.9109353254260792,0.09254924684332928,0.1415818384989022,0.05730381749164427,0.32039475803865836,0.994637509299201,0.08425796904426604,30.0,40.0
33,11,G2,0.32611469665349874,0.31853501184523325,0.3825372998885955,0.9109353254260792,0.8588511193258074,0.941478688646997,0.05730381749164427,0.09254924684332928,0.06811845368166561,0.32039475803865836,0.994637509299201,0.08425796904426604,30.0,40.0
33,12,G2,0.3825372998885955,0.32611469665349874,0.4314166878895037,0.941478688646997,0.9109353254260792,1.0,0.06811845368166561,0.05730381749164427,0.05296521367273655,0.32039475803865836,0.994637509299201,0.08425796904426604,30.0,40.0
33,13,G2,0.4314166878895037,0.3825372998885955,0.47613811988971194,1.0,0.941478688646997,0.9894228920221486,0.05296521367273655,0.06811845368166561,0.08814326517139065,0.32039475803865836,0.994637509299201,0.08425796904426604,30.0,40.0
33,14,G2,0.47613811988971194,0.4314166878895037,0.47278827775657445,0.9894228920221486,1.0,0.9725434760798735,0.08814326517139065,0.05296521367273655,0.09902442707771777,0.32039475803865836,0.994637509299201,0.08425796904426604,30.0,40.0
33,15,G2,0.47278827775657445,0.47613811988971194,0.4375761544393478,0.9725434760798735,0.9894228920221486,0.9360733530474661,0.09902442707771777,0.08814326517139065,0.10559023898724006,0.32039475803865836,0.994637509299201,0.08425796904426604,30.0,40.0
33,16,G2,0.4375761544393478,0.47278827775657445,0.4002327084476668,0.9360733530474661,0.9725434760798735,0.8796765273980522,0.10559023898724006,0.09902442707771777,0.12610599264780015,0.32039475803865836,0.994637509299201,0.08425796904426604,30.0,40.0
33,17,G2,0.4002327084476668,0.4375761544393478,0.33754753174610397,0.8796765273980522,0.9360733530474661,0.8367072746960191,0.12610599264780015,0.10559023898724006,0.12100197932272445,0.32039475803865836,0.994637509299201,0.08425796904426604,30.0,40.0
33,18,G2,0.33754753174610397,0.4002327084476668,0.3196177083367096,0.8367072746960191,0.8796765273980522,0.8029948629149064,0.12100197932272445,0.12610599264780015,0.1359266035768879,0.32039475803865836,0.994637509299201,0.08425796904426604,30.0,40.0
33,19,G2,0.3196177083367096,0.33754753174610397,0.27921055579508114,0.8029948629149064,0.8367072746960191,0.7680149617009883,0.1359266035768879,0.12100197932272445,0.13820594655724744,0.32039475803865836,0.994637509299201,0.08425796904426604,30.0,40.0
33,20,G2,0.27921055579508114,0.3196177083367096,0.2623706410339442,0.7680149617009883,0.8029948629149064,0.7405250119113489,0.13820594655724744,0.1359266035768879,0.14903149925259376,0.32039475803865836,0.994637509299201,0.08425796904426604,30.0,40.0
33,21,G2,0.2623706410339442,0.27921055579508114,0.25035263100233085,0.7405250119113489,0.7680149617009883,0.7000210618433254,0.14903149925259376,0.13820594655724744,0.1727314573978588,0.32039475803865836,0.994637509299201,0.08425796904426604,30.0,40.0
33,22,G2,0.25035263100233085,0.2623706410339442,0.21929707979562466,0.7000210618433254,0.7405250119113489,0.6922075894105821,0.1727314573978588,0.14903149925259376,0.1598969540606499,0.32039475803865836,0.994637509299201,0.08425796904426604,30.0,40.0
33,23,G2,0.21929707979562466,0.25035263100233085,0.1979921746367733,0.6922075894105821,0.7000210618433254,0.6847633019698554,0.1598969540606499,0.1727314573978588,0.15268613333281744,0.32039475803865836,0.994637509299201,0.08425796904426604,30.0,40.0
34,0,G2,0.2536781341861914,0.25319672212299427,0.25389072757615755,0.49101541356532113,0.5206557698178073,0.5214329837752953,0.33460334061103275,0.31164137156349836,0.31146728613745556,0.36936055814438323,0.7163151288061782,0.29498734434326185,30.0,40.0
34,1,G2,0.25389072757615755,0.2536781341861914,0.2680111894516061,0.5214329837752953,0.49101541356532113,0.5209316598652124,0.31146728613745556,0.33460334061103275,0.32040361226136366,0.36936055814438323,0.7163151288061782,0.29498734434326185,30.0,40.0
34,2,G2,0.2680111894516061,0.25389072757615755,0.299383606052175,0.5209316598652124,0.5214329837752953,0.488161569755401,0.32040361226136366,0.31146728613745556,0.3644703090261996,0.36936055814438323,0.7163151288061782,0.29498734434326185,30.0,40.0
34,3,G2,0.299383606052175,0.2680111894516061,0.34408390060799265,0.488161569755401,0.5209316598652124,0.5085719003471669,0.3644703090261996,0.32040361226136366,0.375934870408915,0.36936055814438323,0.7163151288061782,0.29498734434326185,30.0,40.0
34,4,G2,0.34408390060799265,0.299383606052175,0.3829504364257789,0.5085719003471669,0.488161569755401,0.5372339266390144,0.375934870408915,0.3644703090261996,0.37755457750411126,0.36936055814438323,0.7163151288061782,0.29498734434326185,30.0,40.0
34,5,G2,0.3829504364257789,0.34408390060799265,0.4239285470404726,0.5372339266390144,0.5085719003471669,0.571067263212879,0.37755457750411126,0.375934870408915,0.37649801682468076,0.36936055814438323,0.7163151288061782,0.29498734434326185,30.0,40.0
34,6,G2,0.4239285470404726,0.3829504364257789,0.4286593025992909,0.571067263212879,0.5372339266390144,0.5766788965829822,0.37649801682468076,0.37755457750411126,0.37507142982129316,0.36936055814438323,0.7163151288061782,0.29498734434326185,30.0,40.0
34,7,G2,0.4286593025992909,0.4239285470404726,0.4263355614009613,0.5766788965829822,0.571067263212879,0.579190593054334,0.37507142982129316,0.37649801682468076,0.3717428525418904,0.36936055814438323,0.7163151288061782,0.29498734434326185,30.0,40.0
34,8,G2,0.4263355614009613,0.4286593025992909,0.39345767101899914,0.579190593054334,0.5766788965829822,0.6334443734914493,0.3717428525418904,0.37507142982129316,0.31033251477982576,0.36936055814438323,0.7163151288061782,0.29498734434326185,30.0,40.0
34,9,G2,0.39345767101899914,0.4263355614009613,0.375574591353991,0.6334443734914493,0.579190593054334,0.6574661819786141,0.31033251477982576,0.3717428525418904,0.2811275370050154,0.36936055814438323,0.7163151288061782,0.29498734434326185,30.0,40.0
34,10,G2,0.375574591353991,0.39345767101899914,0.3822504010571162,0.6574661819786141,0.6334443734914493,0.6677800517511886,0.2811275370050154,0.31033251477982576,0.2772825895036799,0.36936055814438323,0.7163151288061782,0.29498734434326185,30.0,40.0
34,11,G2,0.3822504010571162,0.375574591353991,0.41924748787061145,0.6677800517511886,0.6574661819786141,0.6775570579302821,0.2772825895036799,0.2811275370050154,0.29221412856193996,0.36936055814438323,0.7163151288061782,0.29498734434326185,30.0,40.0
34,12,G2,0.41924748787061145,0.3822504010571162,0.4878373122573839,0.6775570579302821,0.6677800517511886,0.7267803506175788,0.29221412856193996,0.2772825895036799,0.2961112482411869,0.36936055814438323,0.7163151288061782,0.29498734434326185,30.0,40.0
34,13,G2,0.4878373122573839,0.41924748787061145,0.5174460214459581,0.7267803506175788,0.6775570579302821,0.7027817485064344,0.2961112482411869,0.29221412856193996,0.33240079481940166,0.36936055814438323,0.7163151288061782,0.29498734434326185,30.0,40.0
34,14,G2,0.5174460214459581,0.4878373122573839,0.5221891951094458,0.7027817485064344,0.7267803506175788,0.7090122015541667,0.33240079481940166,0.2961112482411869,0.3305084264486798,0.36936055814438323,0.7163151288061782,0.29498734434326185,30.0,40.0
34,15,G2,0.5221891951094458,0.5174460214459581,0.4889370234778705,0.7090122015541667,0.7027817485064344,0.6805072165367408,0.3305084264486798,0.33240079481940166,0.33216927697007526,0.36936055814438323,0.7163151288061782,0.29498734434326185,30.0,40.0
34,16,G2,0.4889370234778705,0.5221891951094458,0.4407275240866779,0.6805072165367408,0.7090122015541667,0.6579264604168111,0.33216927697007526,0.3305084264486798,0.3202392050712525,0.36936055814438323,0.7163151288061782,0.29498734434326185,30.0,40.0
34,17,G2,0.4407275240866779,0.4889370234778705,0.3868604682987187,0.6579264604168111,0.6805072165367408,0.6268112064406539,0.3202392050712525,0.33216927697007526,0.3114098963353968,0.36936055814438323,0.7163151288061782,0.29498734434326185,30.0,40.0
34,18,G2,0.3868604682987187,0.4407275240866779,0.33021981382403903,0.6268112064406539,0.6579264604168111,0.5758163318936226,0.3114098963353968,0.3202392050712525,0.31610548643500663,0.36936055814438323,0.7163151288061782,0.29498734434326185,30.0,40.0
34,19,G2,0.33021981382403903,0.3868604682987187,0.2873166063740967,0.5758163318936226,0.6268112064406539,0.5772588673793932,0.31610548643500663,0.3114098963353968,0.2890153111643323,0.36936055814438323,0.7163151288061782,0.29498734434326185,30.0,40.0
34,20,G2,0.2873166063740967,0.33021981382403903,0.26533881448290264,0.5772588673793932,0.5758163318936226,0.5520338876186008,0.2890153111643323,0.31610548643500663,0.2949964476794295,0.36936055814438323,0.7163151288061782,0.29498734434326185,30.0,40.0
34,21,G2,0.26533881448290264,0.2873166063740967,0.25001584394353354,0.5520338876186008,0.5772588673793932,0.5720927799412466,0.2949964476794295,0.2890153111643323,0.27037318012845446,0.36936055814438323,0.7163151288061782,0.29498734434326185,30.0,40.0
34,22,G2,0.25001584394353354,0.26533881448290264,0.25319672212299427,0.5720927799412466,0.5520338876186008,0.5206557698178073,0.27037318012845446,0.2949964476794295,0.31164137156349836,0.36936055814438323,0.7163151288061782,0.29498734434326185,30.0,40.0
34,23,G2,0.25319672212299427,0.25001584394353354,0.2536781341861914,0.5206557698178073,0.5720927799412466,0.49101541356532113,0.31164137156349836,0.27037318012845446,0.33460334061103275,0.36936055814438323,0.7163151288061782,0.29498734434326185,30.0,40.0
35,0,G2,0.023704134560889777,0.013900544218653619,0.025862715397450716,0.48833429354085506,0.4937830706341519,0.4826919560965154,0.19735669216336252,0.18725108282650224,0.20297969549167075,0.008462325498703852,0.6891801093566113,0.13358097218673964,30.0,40.0
35,1,G2,0.025862715397450716,0.023704134560889777,0.018821041358660022,0.4826919560965154,0.48833429354085506,0.4827242700044512,0.20297969549167075,0.19735669216336252,0.19868977562192952,0.008462325498703852,0.6891801093566113,0.13358097218673964,30.0,40.0
35,2,G2,0.018821041358660022,0.025862715397450716,0.10924673177515185,0.4827242700044512,0.4826919560965154,0.48818964738335047,0.19868977562192952,0.20297969549167075,0.2492812369660497,0.008462325498703852,0.6891801093566113,0.13358097218673964,30.0,40.0
35,3,G2,0.10924673177515185,0.018821041358660022,0.09332465270208333,0.48818964738335047,0.4827242700044512,0.48987959328629266,0.2492812369660497,0.19868977562192952,0.23834453986571927,0.008462325498703852,0.6891801093566113,0.13358097218673964,30.0,40.0
35,4,G2,0.09332465270208333,0.10924673177515185,0.16077453350682486,0.48987959328629266,0.48818964738335047,0.5011553178161023,0.23834453986571927,0.2492812369660497,0.2705753152188406,0.008462325498703852,0.6891801093566113,0.13358097218673964,30.0,40.0
35,5,G2,0.16077453350682486,0.09332465270208333,0.2022903218176929,0.5011553178161023,0.48987959328629266,0.5171862838198956,0.2705753152188406,0.23834453986571927,0.283460542001269,0.008462325498703852,0.6891801093566113,0.13358097218673964,30.0,40.0
35,6,G2,0.2022903218176929,0.16077453350682486,0.15593180194988066,0.5171862838198956,0.5011553178161023,0.5303102060874417,0.283460542001269,0.2705753152188406,0.24534296545617337,0.008462325498703852,0.6891801093566113,0.13358097218673964,30.0,40.0
35,7,G2,0.15593180194988066,0.2022903218176929,0.21668800350249756,0.5303102060874417,0.5171862838198956,0.558265980045763,0.24534296545617337,0.283460542001269,0.2607616137357612,0.008462325498703852,0.6891801093566113,0.13358097218673964,30.0,40.0
35,8,G2,0.21668800350249756,0.15593180194988066,0.164198966021567,0.558265980045763,0.5303102060874417,0.5910506292762377,0.2607616137357612,0.24534296545617337,0.20389325625181964,0.008462325498703852,0.6891801093566113,0.13358097218673964,30.0,40.0
35,9,G2,0.164198966021567,0.21668800350249756,0.13359129862814534,0.5910506292762377,0.558265980045763,0.6261395080682975,0.20389325625181964,0.2607616137357612,0.15851625351077178,0.008462325498703852,0.6891801093566113,0.13358097218673964,30.0,40.0
35,10,G2,0.13359129862814534,0.164198966021567,0.15053209446060667,0.6261395080682975,0.5910506292762377,0.6562920855312531,0.15851625351077178,0.20389325625181964,0.14571529936356797,0.008462325498703852,0.6891801093566113,0.13358097218673964,30.0,40.0
35,11,G2,0.15053209446060667,0.13359129862814534,0.16003291208191361,0.6562920855312531,0.6261395080682975,0.6876586260196424,0.14571529936356797,0.15851625351077178,0.12747938675010545,0.008462325498703852,0.6891801093566113,0.13358097218673964,30.0,40.0
35,12,G2,0.16003291208191361,0.15053209446060667,0.1916560300673487,0.6876586260196424,0.6562920855312531,0.70763966563397,0.12747938675010545,0.14571529936356797,0.13135132833584015,0.008462325498703852,0.6891801093566113,0.13358097218673964,30.0,40.0
35,13,G2,0.1916560300673487,0.16003291208191361,0.23591938521023137,0.70763966563397,0.6876586260196424,0.7145793988821222,0.13135132833584015,0.12747938675010545,0.15285419391738264,0.008462325498703852,0.6891801093566113,0.13358097218673964,30.0,40.0
35,14,G2,0.23591938521023137,0.1916560300673487,0.21935912810804017,0.7145793988821222,0.70763966563397,0.7037949352526089,0.15285419391738264,0.13135132833584015,0.15107197652909785,0.008462325498703852,0.6891801093566113,0.13358097218673964,30.0,40.0
35,15,G2,0.21935912810804017,0.23591938521023137,0.2098364094559607,0.7037949352526089,0.7145793988821222,0.6826154877725895,0.15107197652909785,0.15285419391738264,0.1615030436225726,0.008462325498703852,0.6891801093566113,0.13358097218673964,30.0,40.0
35,16,G2,0.2098364094559607,0.21935912810804017,0.21578508327056212,0.6826154877725895,0.7037949352526089,0.655349712309553,0.1615030436225726,0.15107197652909785,0.18596038790011812,0.008462325498703852,0.6891801093566113,0.13358097218673964,30.0,40.0
35,17,G2,0.21578508327056212,0.2098364094559607,0.1304686171335927,0.655349712309553,0.6826154877725895,0.6243090983716723,0.18596038790011812,0.1615030436225726,0.1580248031214643,0.008462325498703852,0.6891801093566113,0.13358097218673964,30.0,40.0
35,18,G2,0.1304686171335927,0.21578508327056212,0.04260616260146862,0.6243090983716723,0.655349712309553,0.588975969754999,0.1580248031214643,0.18596038790011812,0.13183021268911863,0.008462325498703852,0.6891801093566113,0.13358097218673964,30.0,40.0
35,19,G2,0.04260616260146862,0.1304686171335927,0.025559443932533638,0.588975969754999,0.6243090983716723,0.5552749474328533,0.13183021268911863,0.1580248031214643,0.1472810301367416,0.008462325498703852,0.6891801093566113,0.13358097218673964,30.0,40.0
35,20,G2,0.025559443932533638,0.04260616260146862,0.03444183846843389,0.5552749474328533,0.588975969754999,0.5256670268769177,0.1472810301367416,0.13183021268911863,0.17530674065085516,0.008462325498703852,0.6891801093566113,0.13358097218673964,30.0,40.0
35,21,G2,0.03444183846843389,0.025559443932533638,0.053996293219129424,0.5256670268769177,0.5552749474328533,0.508143479226025,0.17530674065085516,0.1472810301367416,0.2005539020096993,0.008462325498703852,0.6891801093566113,0.13358097218673964,30.0,40.0
35,22,G2,0.053996293219129424,0.03444183846843389,0.013900544218653619,0.508143479226025,0.5256670268769177,0.4937830706341519,0.2005539020096993,0.17530674065085516,0.18725108282650224,0.008462325498703852,0.6891801093566113,0.13358097218673964,30.0,40.0
35,23,G2,0.013900544218653619,0.053996293219129424,0.023704134560889777,0.4937830706341519,0.508143479226025,0.48833429354085506,0.18725108282650224,0.2005539020096993,0.19735669216336252,0.008462325498703852,0.6891801093566113,0.13358097218673964,30.0,40.0
36,0,G2,0.1532493412994511,0.14833106247643843,0.13190677341260726,0.21887645114954227,0.2315537362769681,0.2199265499916217,0.4819177257203093,0.4692424816053419,0.4681871761843292,0.1896135762771087,0.28029218020608787,0.4975100993800298,30.0,40.0
36,1,G2,0.13190677341260726,0.1532493412994511,0.1406382885843823,0.2199265499916217,0.21887645114954227,0.2224284545734309,0.4681871761843292,0.4819177257203093,0.47156235538747576,0.1896135762771087,0.28029218020608787,0.4975100993800298,30.0,40.0
36,2,G2,0.1406382885843823,0.13190677341260726,0.162753682371057,0.2224284545734309,0.2199265499916217,0.21264148439446467,0.47156235538747576,0.4681871761843292,0.49244339286761574,0.1896135762771087,0.28029218020608787,0.4975100993800298,30.0,40.0
36,3,G2,0.162753682371057,0.1406382885843823,0.23709270544599054,0.21264148439446467,0.2224284545734309,0.21645150952383332,0.49244339286761574,0.47156235538747576,0.5345571098421772,0.1896135762771087,0.28029218020608787,0.4975100993800298,30.0,40.0
36,4,G2,0.23709270544599054,0.162753682371057,0.27636285591043214,0.21645150952383332,0.21264148439446467,0.22788744876796568,0.5345571098421772,0.49244339286761574,0.5495966317954445,0.1896135762771087,0.28029218020608787,0.4975100993800298,30.0,40.0
36,5,G2,0.27636285591043214,0.23709270544599054,0.3081578927190798,0.22788744876796568,0.21645150952383332,0.24190654178510804,0.5495966317954445,0.5345571098421772,0.5581326903360598,0.1896135762771087,0.28029218020608787,0.4975100993800298,30.0,40.0
36,6,G2,0.3081578927190798,0.27636285591043214,0.33779784203975766,0.24190654178510804,0.22788744876796568,0.2510674258872104,0.5581326903360598,0.5495966317954445,0.5690791856064297,0.1896135762771087,0.28029218020608787,0.4975100993800298,30.0,40.0
36,7,G2,0.33779784203975766,0.3081578927190798,0.30507860185580893,0.2510674258872104,0.24190654178510804,0.2631511248881764,0.5690791856064297,0.5581326903360598,0.540018655058505,0.1896135762771087,0.28029218020608787,0.4975100993800298,30.0,40.0
36,8,G2,0.30507860185580893,0.33779784203975766,0.2793111499017626,0.2631511248881764,0.2510674258872104,0.28692787834080585,0.540018655058505,0.5690791856064297,0.5062254727235558,0.1896135762771087,0.28029218020608787,0.4975100993800298,30.0,40.0
36,9,G2,0.2793111499017626,0.30507860185580893,0.22658216252209376,0.28692787834080585,0.2631511248881764,0.3125331830191609,0.5062254727235558,0.540018655058505,0.4547028842929067,0.1896135762771087,0.28029218020608787,0.4975100993800298,30.0,40.0
36,10,G2,0.22658216252209376,0.2793111499017626,0.2670260655658619,0.3125331830191609,0.28692787834080585,0.33682122422280947,0.4547028842929067,0.5062254727235558,0.4606234514282706,0.1896135762771087,0.28029218020608787,0.4975100993800298,30.0,40.0
36,11,G2,0.2670260655658619,0.22658216252209376,0.30409354140703004,0.33682122422280947,0.3125331830191609,0.35463294470646256,0.4606234514282706,0.4547028842929067,0.46945228887900187,0.1896135762771087,0.28029218020608787,0.4975100993800298,30.0,40.0
36,12,G2,0.30409354140703004,0.2670260655658619,0.34847534748763115,0.35463294470646256,0.33682122422280947,0.3720428709032184,0.46945228887900187,0.4606234514282706,0.48301879289393695,0.1896135762771087,0.28029218020608787,0.4975100993800298,30.0,40.0
36,13,G2,0.34847534748763115,0.30409354140703004,0.36508902120853126,0.3720428709032184,0.35463294470646256,0.37078484867456213,0.48301879289393695,0.46945228887900187,0.49404403897763305,0.1896135762771087,0.28029218020608787,0.4975100993800298,30.0,40.0
36,14,G2,0.36508902120853126,0.34847534748763115,0.36998263446127566,0.37078484867456213,0.3720428709032184,0.3727246200885782,0.49404403897763305,0.48301879289393695,0.49552451337989584,0.1896135762771087,0.28029218020608787,0.4975100993800298,30.0,40.0
36,15,G2,0.36998263446127566,0.36508902120853126,0.34530588934888495,0.3727246200885782,0.37078484867456213,0.35290545899652936,0.49552451337989584,0.49404403897763305,0.49573623916665327,0.1896135762771087,0.28029218020608787,0.4975100993800298,30.0,40.0
36,16,G2,0.34530588934888495,0.36998263446127566,0.28765438171048335,0.35290545899652936,0.3727246200885782,0.3353640732491696,0.49573623916665327,0.49552451337989584,0.4742327054221901,0.1896135762771087,0.28029218020608787,0.4975100993800298,30.0,40.0
36,17,G2,0.28765438171048335,0.34530588934888495,0.2553962940453341,0.3353640732491696,0.35290545899652936,0.31271432628948675,0.4742327054221901,0.49573623916665327,0.47201731309119743,0.1896135762771087,0.28029218020608787,0.4975100993800298,30.0,40.0
36,18,G2,0.2553962940453341,0.28765438171048335,0.20343251977627536,0.31271432628948675,0.3353640732491696,0.28940435499149,0.47201731309119743,0.4742327054221901,0.4583709824113704,0.1896135762771087,0.28029218020608787,0.4975100993800298,30.0,40.0
36,19,G2,0.20343251977627536,0.2553962940453341,0.172220670259197,0.28940435499149,0.31271432628948675,0.2651174596998935,0.4583709824113704,0.47201731309119743,0.45804147581210236,0.1896135762771087,0.28029218020608787,0.4975100993800298,30.0,40.0
36,20,G2,0.172220670259197,0.20343251977627536,0.15623812413882684,0.2651174596998935,0.28940435499149,0.24467374220023308,0.45804147581210236,0.4583709824113704,0.4639970461567935,0.1896135762771087,0.28029218020608787,0.4975100993800298,30.0,40.0
36,21,G2,0.15623812413882684,0.172220670259197,0.16432063673475059,0.24467374220023308,0.2651174596998935,0.23209772617774235,0.4639970461567935,0.45804147581210236,0.47851143933535667,0.1896135762771087,0.28029218020608787,0.4975100993800298,30.0,40.0
36,22,G2,0.16432063673475059,0.15623812413882684,0.14833106247643843,0.23209772617774235,0.24467374220023308,0.2315537362769681,0.47851143933535667,0.4639970461567935,0.4692424816053419,0.1896135762771087,0.28029218020608787,0.4975100993800298,30.0,40.0
36,23,G2,0.14833106247643843,0.16432063673475059,0.1532493412994511,0.2315537362769681,0.23209772617774235,0.21887645114954227,0.4692424816053419,0.47851143933535667,0.4819177257203093,0.1896135762771087,0.28029218020608787,0.4975100993800298,30.0,40.0
37,0,G2,0.3948924297733601,0.3717012283206477,0.41745220552391343,0.5480038195191033,0.5493543605181825,0.5428615769375146,0.3765506158460796,0.3614705398601911,0.39414830783958754,0.6281810122872126,0.7714204194421507,0.3868728597545344,30.0,40.0
37,1,G2,0.41745220552391343,0.3948924297733601,0.43602346244971907,0.5428615769375146,0.5480038195191033,0.5396506322989347,0.39414830783958754,0.3765506158460796,0.40785296870564847,0.6281810122872126,0.7714204194421507,0.3868728597545344,30.0,40.0
37,2,G2,0.43602346244971907,0.41745220552391343,0.5215115201351557,0.5396506322989347,0.5428615769375146,0.5441512650598055,0.40785296870564847,0.39414830783958754,0.4561915451563739,0.6281810122872126,0.7714204194421507,0.3868728597545344,30.0,40.0
37,3,G2,0.5215115201351557,0.43602346244971907,0.5492212549096357,0.5441512650598055,0.5396506322989347,0.5452689836352649,0.4561915451563739,0.40785296870564847,0.4721206930676575,0.6281810122872126,0.7714204194421507,0.3868728597545344,30.0,40.0
37,4,G2,0.5492212549096357,0.5215115201351557,0.6017655108104609,0.5452689836352649,0.5441512650598055,0.555913763008137,0.4721206930676575,0.4561915451563739,0.495805576033875,0.6281810122872126,0.7714204194421507,0.3868728597545344,30.0,40.0
37,5,G2,0.6017655108104609,0.5492212549096357,0.6298858668094616,0.555913763008137,0.5452689836352649,0.5636955592323964,0.495805576033875,0.4721206930676575,0.5068864330024352,0.6281810122872126,0.7714204194421507,0.3868728597545344,30.0,40.0
37,6,G2,0.6298858668094616,0.6017655108104609,0.6560098807734602,0.5636955592323964,0.555913763008137,0.5869668290070988,0.5068864330024352,0.495805576033875,0.5049109916867391,0.6281810122872126,0.7714204194421507,0.3868728597545344,30.0,40.0
37,7,G2,0.6560098807734602,0.6298858668094616,0.6239713284853201,0.5869668290070988,0.5636955592323964,0.6120514884713428,0.5049109916867391,0.5068864330024352,0.4663189984934983,0.6281810122872126,0.7714204194421507,0.3868728597545344,30.0,40.0
37,8,G2,0.6239713284853201,0.6560098807734602,0.5560463123676157,0.6120514884713428,0.5869668290070988,0.6477728680758971,0.4663189984934983,0.5049109916867391,0.3978547783964743,0.6281810122872126,0.7714204194421507,0.3868728597545344,30.0,40.0
37,9,G2,0.5560463123676157,0.6239713284853201,0.5329777035214041,0.6477728680758971,0.6120514884713428,0.6850365506738808,0.3978547783964743,0.4663189984934983,0.35538085571191447,0.6281810122872126,0.7714204194421507,0.3868728597545344,30.0,40.0
37,10,G2,0.5329777035214041,0.5560463123676157,0.5909612583406213,0.6850365506738808,0.6477728680758971,0.7268945863712007,0.35538085571191447,0.3978547783964743,0.3584869671581484,0.6281810122872126,0.7714204194421507,0.3868728597545344,30.0,40.0
37,11,G2,0.5909612583406213,0.5329777035214041,0.6096635893138282,0.7268945863712007,0.6850365506738808,0.7560953763926621,0.3584869671581484,0.35538085571191447,0.347480963445694,0.6281810122872126,0.7714204194421507,0.3868728597545344,30.0,40.0
37,12,G2,0.6096635893138282,0.5909612583406213,0.6580043680371263,0.7560953763926621,0.7268945863712007,0.7749519933029592,0.347480963445694,0.3584869671581484,0.3623389536192614,0.6281810122872126,0.7714204194421507,0.3868728597545344,30.0,40.0
37,13,G2,0.6580043680371263,0.6096635893138282,0.7071064130734916,0.7749519933029592,0.7560953763926621,0.780658439140718,0.3623389536192614,0.347480963445694,0.3877159344032892,0.6281810122872126,0.7714204194421507,0.3868728597545344,30.0,40.0
37,14,G2,0.7071064130734916,0.6580043680371263,0.7214742642101801,0.780658439140718,0.7749519933029592,0.7745917970210098,0.3877159344032892,0.3623389536192614,0.4010587300850974,0.6281810122872126,0.7714204194421507,0.3868728597545344,30.0,40.0
37,15,G2,0.7214742642101801,0.7071064130734916,0.7223090754504374,0.7745917970210098,0.780658439140718,0.7513779885177466,0.4010587300850974,0.3877159344032892,0.4193194226054315,0.6281810122872126,0.7714204194421507,0.3868728597545344,30.0,40.0
37,16,G2,0.7223090754504374,0.7214742642101801,0.6315468593030015,0.7513779885177466,0.7745917970210098,0.7170634092268781,0.4193194226054315,0.4010587300850974,0.3905893851248321,0.6281810122872126,0.7714204194421507,0.3868728597545344,30.0,40.0
37,17,G2,0.6315468593030015,0.7223090754504374,0.556868571981286,0.7170634092268781,0.7513779885177466,0.6836506933760517,0.3905893851248321,0.4193194226054315,0.370911737838913,0.6281810122872126,0.7714204194421507,0.3868728597545344,30.0,40.0
37,18,G2,0.556868571981286,0.6315468593030015,0.47438517886493375,0.6836506933760517,0.7170634092268781,0.6443364461032193,0.370911737838913,0.3905893851248321,0.35102024426393047,0.6281810122872126,0.7714204194421507,0.3868728597545344,30.0,40.0
37,19,G2,0.47438517886493375,0.556868571981286,0.4122569423516059,0.6443364461032193,0.6836506933760517,0.6126497842403634,0.35102024426393047,0.370911737838913,0.3376241051399051,0.6281810122872126,0.7714204194421507,0.3868728597545344,30.0,40.0
37,20,G2,0.4122569423516059,0.47438517886493375,0.3832231931581479,0.6126497842403634,0.6443364461032193,0.5848147728993958,0.3376241051399051,0.35102024426393047,0.341327663506955,0.6281810122872126,0.7714204194421507,0.3868728597545344,30.0,40.0
37,21,G2,0.3832231931581479,0.4122569423516059,0.3484870526248049,0.5848147728993958,0.6126497842403634,0.5633255795468914,0.341327663506955,0.3376241051399051,0.3367236451483023,0.6281810122872126,0.7714204194421507,0.3868728597545344,30.0,40.0
37,22,G2,0.3484870526248049,0.3832231931581479,0.3717012283206477,0.5633255795468914,0.5848147728993958,0.5493543605181825,0.3367236451483023,0.341327663506955,0.3614705398601911,0.6281810122872126,0.7714204194421507,0.3868728597545344,30.0,40.0
37,23,G2,0.3717012283206477,0.3484870526248049,0.3948924297733601,0.5493543605181825,0.5633255795468914,0.5480038195191033,0.3614705398601911,0.3367236451483023,0.3765506158460796,0.6281810122872126,0.7714204194421507,0.3868728597545344,30.0,40.0
38,0,G2,0.2780428610004647,0.2703521107774647,0.28062135770591307,0.030233545114404466,0.020118675497081184,0.05052612815714638,0.7017894605918847,0.704867444674639,0.6878305331418448,0.4045426656897783,0.0,0.7921385898190718,30.0,40.0
38,1,G2,0.28062135770591307,0.2780428610004647,0.2897697039204824,0.05052612815714638,0.030233545114404466,0.06190506348587299,0.6878305331418448,0.7017894605918847,0.6846686095246048,0.4045426656897783,0.0,0.7921385898190718,30.0,40.0
38,2,G2,0.2897697039204824,0.28062135770591307,0.31074792753620667,0.06190506348587299,0.05052612815714638,0.06310029796418402,0.6846686095246048,0.6878305331418448,0.6964611333180027,0.4045426656897783,0.0,0.7921385898190718,30.0,40.0
38,3,G2,0.31074792753620667,0.2897697039204824,0.3699613671777096,0.06310029796418402,0.06190506348587299,0.03138155969727804,0.6964611333180027,0.6846686095246048,0.7565872609422736,0.4045426656897783,0.0,0.7921385898190718,30.0,40.0
38,4,G2,0.3699613671777096,0.31074792753620667,0.44362206338742527,0.03138155969727804,0.06310029796418402,0.04127449445582295,0.7565872609422736,0.6964611333180027,0.7936376067452529,0.4045426656897783,0.0,0.7921385898190718,49.99,49.99
38,5,G2,0.44362206338742527,0.3699613671777096,0.4795379464313049,0.04127449445582295,0.03138155969727804,0.06114942704019806,0.7936376067452529,0.7565872609422736,0.8001908701039099,0.4045426656897783,0.0,0.7921385898190718,49.99,49.99
38,6,G2,0.4795379464313049,0.44362206338742527,0.49590634798803485,0.06114942704019806,0.04127449445582295,0.06347517887560361,0.8001908701039099,0.7936376067452529,0.8083265094705491,0.4045426656897783,0.0,0.7921385898190718,49.99,49.99
38,7,G2,0.49590634798803485,0.4795379464313049,0.45682861581064677,0.06347517887560361,0.06114942704019806,0.06931691032285608,0.8083265094705491,0.8001908701039099,0.7801887414541353,0.4045426656897783,0.0,0.7921385898190718,49.99,49.99
38,8,G2,0.45682861581064677,0.49590634798803485,0.41514142870017184,0.06931691032285608,0.06347517887560361,0.08114029402306353,0.7801887414541353,0.8083265094705491,0.7458953473318407,0.4045426656897783,0.0,0.7921385898190718,49.99,49.99
38,9,G2,0.41514142870017184,0.45682861581064677,0.3971643354096668,0.08114029402306353,0.06931691032285608,0.09771477166912323,0.7458953473318407,0.7801887414541353,0.7223295023437473,0.4045426656897783,0.0,0.7921385898190718,49.99,49.99
38,10,G2,0.3971643354096668,0.41514142870017184,0.4031714711382526,0.09771477166912323,0.08114029402306353,0.10753740263516456,0.7223295023437473,0.7458953473318407,0.7184552561876804,0.4045426656897783,0.0,0.7921385898190718,49.99,49.99
38,11,G2,0.4031714711382526,0.3971643354096668,0.455595252705575,0.10753740263516456,0.09771477166912323,0.1188575043753369,0.7184552561876804,0.7223295023437473,0.7415506476728857,0.4045426656897783,0.0,0.7921385898190718,49.99,49.99
38,12,G2,0.455595252705575,0.4031714711382526,0.5137278716676241,0.1188575043753369,0.10753740263516456,0.15576717855583652,0.7415506476728857,0.7184552561876804,0.7485317940544822,0.4045426656897783,0.0,0.7921385898190718,49.99,49.99
38,13,G2,0.5137278716676241,0.455595252705575,0.5557960197622412,0.15576717855583652,0.1188575043753369,0.15444189539406747,0.7485317940544822,0.7415506476728857,0.7750264862114044,0.4045426656897783,0.0,0.7921385898190718,49.99,49.99
38,14,G2,0.5557960197622412,0.5137278716676241,0.567398081200764,0.15444189539406747,0.15576717855583652,0.17275920511287987,0.7750264862114044,0.7485317940544822,0.7680439964980285,0.4045426656897783,0.0,0.7921385898190718,49.99,49.99
38,15,G2,0.567398081200764,0.5557960197622412,0.5413784441719874,0.17275920511287987,0.15444189539406747,0.16534647605518318,0.7680439964980285,0.7750264862114044,0.7579532833434137,0.4045426656897783,0.0,0.7921385898190718,49.99,49.99
38,16,G2,0.5413784441719874,0.567398081200764,0.453762290284372,0.16534647605518318,0.17275920511287987,0.13825420777651318,0.7579532833434137,0.7680439964980285,0.7256048721103953,0.4045426656897783,0.0,0.7921385898190718,49.99,49.99
38,17,G2,0.453762290284372,0.5413784441719874,0.39258288219611737,0.13825420777651318,0.16534647605518318,0.0914452432689698,0.7256048721103953,0.7579532833434137,0.7243497129437064,0.4045426656897783,0.0,0.7921385898190718,49.99,49.99
38,18,G2,0.39258288219611737,0.453762290284372,0.3034265824017836,0.0914452432689698,0.13825420777651318,0.05963533873572879,0.7243497129437064,0.7256048721103953,0.6946766972811005,0.4045426656897783,0.0,0.7921385898190718,49.99,49.99
38,19,G2,0.3034265824017836,0.39258288219611737,0.2783317767046532,0.05963533873572879,0.0914452432689698,0.020275320402664415,0.6946766972811005,0.7243497129437064,0.7095809897685359,0.4045426656897783,0.0,0.7921385898190718,30.0,40.0
38,20,G2,0.2783317767046532,0.3034265824017836,0.25722407481811216,0.020275320402664415,0.05963533873572879,0.0,0.7095809897685359,0.6946766972811005,0.7123034094341038,0.4045426656897783,0.0,0.7921385898190718,49.99,49.99
38,21,G2,0.25722407481811216,0.2783317767046532,0.24592512274952294,0.0,0.020275320402664415,0.011397861157433143,0.7123034094341038,0.7095809897685359,0.6967418998829071,0.4045426656897783,0.0,0.7921385898190718,49.99,49.99
38,22,G2,0.24592512274952294,0.25722407481811216,0.2703521107774647,0.011397861157433143,0.0,0.020118675497081184,0.6967418998829071,0.7123034094341038,0.704867444674639,0.4045426656897783,0.0,0.7921385898190718,30.0,40.0
38,23,G2,0.2703521107774647,0.24592512274952294,0.2780428610004647,0.020118675497081184,0.011397861157433143,0.030233545114404466,0.704867444674639,0.6967418998829071,0.7017894605918847,0.4045426656897783,0.0,0.7921385898190718,49.99,49.99
39,0,G2,0.41420380015451486,0.40750429036894675,0.41456895850142805,0.363609300663322,0.37176757120430387,0.35627901433928444,0.5292815027636711,0.5189837114274897,0.535109238811054,0.6432619992259583,0.5138420222003743,0.566851613490822,30.0,40.0
39,1,G2,0.41456895850142805,0.41420380015451486,0.43884261730369284,0.35627901433928444,0.363609300663322,0.35470700876863503,0.535109238811054,0.5292815027636711,0.5510143556287984,0.6432619992259583,0.5138420222003743,0.566851613490822,30.0,40.0
39,2,G2,0.43884261730369284,0.41456895850142805,0.466951391861569,0.35470700876863503,0.35627901433928444,0.36172646619778537,0.5510143556287984,0.535109238811054,0.5626712710796096,0.6432619992259583,0.5138420222003743,0.566851613490822,30.0,40.0
39,3,G2,0.466951391861569,0.43884261730369284,0.5207941918862816,0.36172646619778537,0.35470700876863503,0.3742340482457351,0.5626712710796096,0.5510143556287984,0.5857179324835552,0.6432619992259583,0.5138420222003743,0.566851613490822,30.0,40.0
39,4,G2,0.5207941918862816,0.466951391861569,0.5787704020861412,0.3742340482457351,0.36172646619778537,0.38437584938872593,0.5857179324835552,0.5626712710796096,0.6130777005118923,0.6432619992259583,0.5138420222003743,0.566851613490822,30.0,40.0
39,5,G2,0.5787704020861412,0.5207941918862816,0.6360495797178474,0.38437584938872593,0.3742340482457351,0.3873017980935667,0.6130777005118923,0.5857179324835552,0.6455343015440425,0.6432619992259583,0.5138420222003743,0.566851613490822,30.0,40.0
39,6,G2,0.6360495797178474,0.5787704020861412,0.6591729643888711,0.3873017980935667,0.38437584938872593,0.40202172795520325,0.6455343015440425,0.6130777005118923,0.6482818294013517,0.6432619992259583,0.5138420222003743,0.566851613490822,30.0,40.0
39,7,G2,0.6591729643888711,0.6360495797178474,0.6396320523719674,0.40202172795520325,0.3873017980935667,0.4345170669981449,0.6482818294013517,0.6455343015440425,0.6115917231234752,0.6432619992259583,0.5138420222003743,0.566851613490822,30.0,40.0
39,8,G2,0.6396320523719674,0.6591729643888711,0.5938752922987126,0.4345170669981449,0.40202172795520325,0.4550939641815194,0.6115917231234752,0.6482818294013517,0.568138243304661,0.6432619992259583,0.5138420222003743,0.566851613490822,30.0,40.0
39,9,G2,0.5938752922987126,0.6396320523719674,0.5617611085210642,0.4550939641815194,0.4345170669981449,0.4933611105173291,0.568138243304661,0.6115917231234752,0.5194178379345284,0.6432619992259583,0.5138420222003743,0.566851613490822,30.0,40.0
39,10,G2,0.5617611085210642,0.5938752922987126,0.5625995625876982,0.4933611105173291,0.4550939641815194,0.5311586624756669,0.5194178379345284,0.568138243304661,0.49101630699962895,0.6432619992259583,0.5138420222003743,0.566851613490822,30.0,40.0
39,11,G2,0.5625995625876982,0.5617611085210642,0.6111549442229723,0.5311586624756669,0.4933611105173291,0.5665356566224584,0.49101630699962895,0.5194178379345284,0.49336870307957403,0.6432619992259583,0.5138420222003743,0.566851613490822,30.0,40.0
39,12,G2,0.6111549442229723,0.5625995625876982,0.6851906246167963,0.5665356566224584,0.5311586624756669,0.5772666205173678,0.49336870307957403,0.49101630699962895,0.5300052150537939,0.6432619992259583,0.5138420222003743,0.566851613490822,30.0,40.0
39,13,G2,0.6851906246167963,0.6111549442229723,0.7275558983599337,0.5772666205173678,0.5665356566224584,0.5716640408570902,0.5300052150537939,0.49336870307957403,0.5599513614385505,0.6432619992259583,0.5138420222003743,0.566851613490822,30.0,40.0
39,14,G2,0.7275558983599337,0.6851906246167963,0.7325748264146105,0.5716640408570902,0.5772666205173678,0.5702122198949009,0.5599513614385505,0.5300052150537939,0.5641017934956671,0.6432619992259583,0.5138420222003743,0.566851613490822,30.0,40.0
39,15,G2,0.7325748264146105,0.7275558983599337,0.6884483489030525,0.5702122198949009,0.5716640408570902,0.5536463836610979,0.5641017934956671,0.5599513614385505,0.5500443435686343,0.6432619992259583,0.5138420222003743,0.566851613490822,30.0,40.0
39,16,G2,0.6884483489030525,0.7325748264146105,0.6257528435176586,0.5536463836610979,0.5702122198949009,0.5286147287128953,0.5500443435686343,0.5641017934956671,0.531214534502113,0.6432619992259583,0.5138420222003743,0.566851613490822,30.0,40.0
39,17,G2,0.6257528435176586,0.6884483489030525,0.5635484261911339,0.5286147287128953,0.5536463836610979,0.498544454064495,0.531214534502113,0.5500443435686343,0.5165359611110099,0.6432619992259583,0.5138420222003743,0.566851613490822,30.0,40.0
39,18,G2,0.5635484261911339,0.6257528435176586,0.5046195353933961,0.498544454064495,0.5286147287128953,0.46726669529578924,0.5165359611110099,0.531214534502113,0.5047649453602162,0.6432619992259583,0.5138420222003743,0.566851613490822,30.0,40.0
39,19,G2,0.5046195353933961,0.5635484261911339,0.46313020050844256,0.46726669529578924,0.498544454064495,0.43286146414723164,0.5047649453602162,0.5165359611110099,0.5059492654921212,0.6432619992259583,0.5138420222003743,0.566851613490822,30.0,40.0
39,20,G2,0.46313020050844256,0.5046195353933961,0.43509496368577705,0.43286146414723164,0.46726669529578924,0.4000757872084002,0.5059492654921212,0.5047649453602162,0.5140441394184254,0.6432619992259583,0.5138420222003743,0.566851613490822,30.0,40.0
39,21,G2,0.43509496368577705,0.46313020050844256,0.42220196713571767,0.4000757872084002,0.43286146414723164,0.3719756044740539,0.5140441394184254,0.5059492654921212,0.5277271111776779,0.6432619992259583,0.5138420222003743,0.566851613490822,30.0,40.0
39,22,G2,0.42220196713571767,0.43509496368577705,0.40750429036894675,0.3719756044740539,0.4000757872084002,0.37176757120430387,0.5277271111776779,0.5140441394184254,0.5189837114274897,0.6432619992259583,0.5138420222003743,0.566851613490822,30.0,40.0
39,23,G2,0.40750429036894675,0.42220196713571767,0.41420380015451486,0.37176757120430387,0.3719756044740539,0.363609300663322,0.5189837114274897,0.5277271111776779,0.5292815027636711,0.6432619992259583,0.5138420222003743,0.566851613490822,30.0,40.0
40,0,G2,0.5820970829419242,0.588077597150605,0.601933088238732,0.18884407173739765,0.23409778796786254,0.17038603447827178,0.7646448311968028,0.7336550579431266,0.7907772729329693,0.871170631702617,0.22684000488809183,0.8724313879456335,49.99,49.99
40,1,G2,0.601933088238732,0.5820970829419242,0.6225879791016389,0.17038603447827178,0.18884407173739765,0.19994185801864583,0.7907772729329693,0.7646448311968028,0.7806824053711053,0.871170631702617,0.22684000488809183,0.8724313879456335,49.99,49.99
40,2,G2,0.6225879791016389,0.601933088238732,0.6037318917477352,0.19994185801864583,0.17038603447827178,0.20451962890665826,0.7806824053711053,0.7907772729329693,0.7657598055671029,0.871170631702617,0.22684000488809183,0.8724313879456335,49.99,49.99
40,3,G2,0.6037318917477352,0.6225879791016389,0.6461358386538404,0.20451962890665826,0.19994185801864583,0.20319143700707795,0.7657598055671029,0.7806824053711053,0.7924601187956112,0.871170631702617,0.22684000488809183,0.8724313879456335,49.99,49.99
40,4,G2,0.6461358386538404,0.6037318917477352,0.7048817391007928,0.20319143700707795,0.20451962890665826,0.20455599668738234,0.7924601187956112,0.7657598055671029,0.8269993524938652,0.871170631702617,0.22684000488809183,0.8724313879456335,49.99,49.99
40,5,G2,0.7048817391007928,0.6461358386538404,0.7692600099478832,0.20455599668738234,0.20319143700707795,0.20992868758373706,0.8269993524938652,0.7924601187956112,0.8618845510774633,0.871170631702617,0.22684000488809183,0.8724313879456335,49.99,49.99
40,6,G2,0.7692600099478832,0.7048817391007928,0.778493586829545,0.20992868758373706,0.20455599668738234,0.1998703319699915,0.8618845510774633,0.8269993524938652,0.8751705260766723,0.871170631702617,0.22684000488809183,0.8724313879456335,49.99,49.99
40,7,G2,0.778493586829545,0.7692600099478832,0.7804759567041448,0.1998703319699915,0.20992868758373706,0.2454433885756562,0.8751705260766723,0.8618845510774633,0.8415147943020915,0.871170631702617,0.22684000488809183,0.8724313879456335,49.99,49.99
40,8,G2,0.7804759567041448,0.778493586829545,0.7561375784491002,0.2454433885756562,0.1998703319699915,0.2592683745677844,0.8415147943020915,0.8751705260766723,0.8161988061714082,0.871170631702617,0.22684000488809183,0.8724313879456335,49.99,49.99
40,9,G2,0.7561375784491002,0.7804759567041448,0.7131279152161226,0.2592683745677844,0.2454433885756562,0.2835045609089092,0.8161988061714082,0.8415147943020915,0.7716104665887542,0.871170631702617,0.22684000488809183,0.8724313879456335,49.99,49.99
40,10,G2,0.7131279152161226,0.7561375784491002,0.7099667345155268,0.2835045609089092,0.2592683745677844,0.29387794958620156,0.7716104665887542,0.8161988061714082,0.7617616435244411,0.871170631702617,0.22684000488809183,0.8724313879456335,49.99,49.99
40,11,G2,0.7099667345155268,0.7131279152161226,0.7682911700433744,0.29387794958620156,0.2835045609089092,0.3111558418675355,0.7617616435244411,0.7716104665887542,0.7838743081867966,0.871170631702617,0.22684000488809183,0.8724313879456335,49.99,49.99
40,12,G2,0.7682911700433744,0.7099667345155268,0.8466813375972423,0.3111558418675355,0.29387794958620156,0.3087930686001084,0.7838743081867966,0.7617616435244411,0.8331630932422656,0.871170631702617,0.22684000488809183,0.8724313879456335,49.99,49.99
40,13,G2,0.8466813375972423,0.7682911700433744,0.9083098657869821,0.3087930686001084,0.3111558418675355,0.2863985277244894,0.8331630932422656,0.7838743081867966,0.8876204657930449,0.871170631702617,0.22684000488809183,0.8724313879456335,49.99,49.99
40,14,G2,0.9083098657869821,0.8466813375972423,0.8874889805728782,0.2863985277244894,0.3087930686001084,0.2943593529416914,0.8876204657930449,0.8331630932422656,0.8689202473846898,0.871170631702617,0.22684000488809183,0.8724313879456335,49.99,49.99
40,15,G2,0.8874889805728782,0.9083098657869821,0.8735959542705506,0.2943593529416914,0.2863985277244894,0.2733662991450646,0.8689202473846898,0.8876204657930449,0.8765616173639564,0.871170631702617,0.22684000488809183,0.8724313879456335,49.99,49.99
40,16,G2,0.8735959542705506,0.8874889805728782,0.7967585298521036,0.2733662991450646,0.2943593529416914,0.27068024134241175,0.8765616173639564,0.8689202473846898,0.8320749320603236,0.871170631702617,0.22684000488809183,0.8724313879456335,49.99,49.99
40,17,G2,0.7967585298521036,0.8735959542705506,0.7114981269652778,0.27068024134241175,0.2733662991450646,0.21615182249151535,0.8320749320603236,0.8765616173639564,0.8221379108776969,0.871170631702617,0.22684000488809183,0.8724313879456335,49.99,49.99
40,18,G2,0.7114981269652778,0.7967585298521036,0.6566979109670175,0.21615182249151535,0.27068024134241175,0.21903095525884025,0.8221379108776969,0.8320749320603236,0.7867428327860285,0.871170631702617,0.22684000488809183,0.8724313879456335,49.99,49.99
40,19,G2,0.6566979109670175,0.7114981269652778,0.590155471852431,0.21903095525884025,0.21615182249151535,0.2238618698172242,0.7867428327860285,0.8221379108776969,0.7427425688362544,0.871170631702617,0.22684000488809183,0.8724313879456335,49.99,49.99
40,20,G2,0.590155471852431,0.6566979109670175,0.5781980445274031,0.2238618698172242,0.21903095525884025,0.27730874821034923,0.7427425688362544,0.7867428327860285,0.6946210993218996,0.871170631702617,0.22684000488809183,0.8724313879456335,49.99,49.99
40,21,G2,0.5781980445274031,0.590155471852431,0.6008742677506523,0.27730874821034923,0.2238618698172242,0.23593587434010438,0.6946210993218996,0.7427425688362544,0.7400002581389324,0.871170631702617,0.22684000488809183,0.8724313879456335,30.0,40.0
40,22,G2,0.6008742677506523,0.5781980445274031,0.588077597150605,0.23593587434010438,0.27730874821034923,0.23409778796786254,0.7400002581389324,0.6946210993218996,0.7336550579431266,0.871170631702617,0.22684000488809183,0.8724313879456335,49.99,49.99
40,23,G2,0.588077597150605,0.6008742677506523,0.5820970829419242,0.23409778796786254,0.23593587434010438,0.18884407173739765,0.7336550579431266,0.7400002581389324,0.7646448311968028,0.871170631702617,0.22684000488809183,0.8724313879456335,49.99,49.99
41,0,G2,0.42754213956427817,0.3914462296568718,0.40260083154836873,0.6083755403298934,0.5738711219338721,0.5792927746025839,0.350151632939025,0.3546786617692833,0.3572883620605118,0.6339715815147592,0.8267931994118803,0.3526764681467371,30.0,40.0
41,1,G2,0.40260083154836873,0.42754213956427817,0.40104807482729043,0.5792927746025839,0.6083755403298934,0.6138636535157006,0.3572883620605118,0.350151632939025,0.32990636857876104,0.6339715815147592,0.8267931994118803,0.3526764681467371,30.0,40.0
41,2,G2,0.40104807482729043,0.40260083154836873,0.44817781136462903,0.6138636535157006,0.5792927746025839,0.5768113732022759,0.32990636857876104,0.3572883620605118,0.38679263978661854,0.6339715815147592,0.8267931994118803,0.3526764681467371,30.0,40.0
41,3,G2,0.44817781136462903,0.40104807482729043,0.4857884557392132,0.5768113732022759,0.6138636535157006,0.5715911461891123,0.38679263978661854,0.32990636857876104,0.4135664231090038,0.6339715815147592,0.8267931994118803,0.3526764681467371,30.0,40.0
41,4,G2,0.4857884557392132,0.44817781136462903,0.5743614523527605,0.5715911461891123,0.5768113732022759,0.5449170185136375,0.4135664231090038,0.38679263978661854,0.4876175342964837,0.6339715815147592,0.8267931994118803,0.3526764681467371,30.0,40.0
41,5,G2,0.5743614523527605,0.4857884557392132,0.6557334987029331,0.5449170185136375,0.5715911461891123,0.5673624623000989,0.4876175342964837,0.4135664231090038,0.5197379494258808,0.6339715815147592,0.8267931994118803,0.3526764681467371,30.0,40.0
41,6,G2,0.6557334987029331,0.5743614523527605,0.6709482936597055,0.5673624623000989,0.5449170185136375,0.6139241400550812,0.5197379494258808,0.4876175342964837,0.49334107017179923,0.6339715815147592,0.8267931994118803,0.3526764681467371,30.0,40.0
41,7,G2,0.6709482936597055,0.6557334987029331,0.6491922084743286,0.6139241400550812,0.5673624623000989,0.6236393767540755,0.49334107017179923,0.5197379494258808,0.47273253433313456,0.6339715815147592,0.8267931994118803,0.3526764681467371,30.0,40.0
41,8,G2,0.6491922084743286,0.6709482936597055,0.6008917534434415,0.6236393767540755,0.6139241400550812,0.7093686775186552,0.47273253433313456,0.49334107017179923,0.37790661646747226,0.6339715815147592,0.8267931994118803,0.3526764681467371,30.0,40.0
41,9,G2,0.6008917534434415,0.6491922084743286,0.5576483984102908,0.7093686775186552,0.6236393767540755,0.7492920741481586,0.37790661646747226,0.47273253433313456,0.32117839294468215,0.6339715815147592,0.8267931994118803,0.3526764681467371,30.0,40.0
41,10,G2,0.5576483984102908,0.6008917534434415,0.5632573812239253,0.7492920741481586,0.7093686775186552,0.7864199433799639,0.32117839294468215,0.37790661646747226,0.2961786193646163,0.6339715815147592,0.8267931994118803,0.3526764681467371,30.0,40.0
41,11,G2,0.5632573812239253,0.5576483984102908,0.6108658123810533,0.7864199433799639,0.7492920741481586,0.798451055649273,0.2961786193646163,0.32117839294468215,0.31581349511876705,0.6339715815147592,0.8267931994118803,0.3526764681467371,30.0,40.0
41,12,G2,0.6108658123810533,0.5632573812239253,0.6856289540382714,0.798451055649273,0.7864199433799639,0.8123812589299618,0.31581349511876705,0.2961786193646163,0.350443704331227,0.6339715815147592,0.8267931994118803,0.3526764681467371,30.0,40.0
41,13,G2,0.6856289540382714,0.6108658123810533,0.7242128192885936,0.8123812589299618,0.798451055649273,0.8112315604323483,0.350443704331227,0.31581349511876705,0.37469363974341724,0.6339715815147592,0.8267931994118803,0.3526764681467371,30.0,40.0
41,14,G2,0.7242128192885936,0.6856289540382714,0.7190326390572901,0.8112315604323483,0.8123812589299618,0.8286803368536149,0.37469363974341724,0.350443704331227,0.35821029303092944,0.6339715815147592,0.8267931994118803,0.3526764681467371,30.0,40.0
41,15,G2,0.7190326390572901,0.7242128192885936,0.6783983328272776,0.8286803368536149,0.8112315604323483,0.7800997724330239,0.35821029303092944,0.37469363974341724,0.37075448993331006,0.6339715815147592,0.8267931994118803,0.3526764681467371,30.0,40.0
41,16,G2,0.6783983328272776,0.7190326390572901,0.6078955947266942,0.7800997724330239,0.8286803368536149,0.7724883222145845,0.37075448993331006,0.35821029303092944,0.33387195809162845,0.6339715815147592,0.8267931994118803,0.3526764681467371,30.0,40.0
41,17,G2,0.6078955947266942,0.6783983328272776,0.5424083374114353,0.7724883222145845,0.7800997724330239,0.7544033765391124,0.33387195809162845,0.37075448993331006,0.30803798187001896,0.6339715815147592,0.8267931994118803,0.3526764681467371,30.0,40.0
41,18,G2,0.5424083374114353,0.6078955947266942,0.49612989381060724,0.7544033765391124,0.7724883222145845,0.6808484337238465,0.30803798187001896,0.33387195809162845,0.33626508319059345,0.6339715815147592,0.8267931994118803,0.3526764681467371,30.0,40.0
41,19,G2,0.49612989381060724,0.5424083374114353,0.48856151156552086,0.6808484337238465,0.7544033765391124,0.662059574557405,0.33626508319059345,0.30803798187001896,0.3460514720423048,0.6339715815147592,0.8267931994118803,0.3526764681467371,30.0,40.0
41,20,G2,0.48856151156552086,0.49612989381060724,0.4280186304412456,0.662059574557405,0.6808484337238465,0.6251443316679063,0.3460514720423048,0.33626508319059345,0.33761466763522957,0.6339715815147592,0.8267931994118803,0.3526764681467371,30.0,40.0
41,21,G2,0.4280186304412456,0.48856151156552086,0.39250904085411786,0.6251443316679063,0.662059574557405,0.6102058962424725,0.33761466763522957,0.3460514720423048,0.32753182881477716,0.6339715815147592,0.8267931994118803,0.3526764681467371,30.0,40.0
41,22,G2,0.39250904085411786,0.4280186304412456,0.3914462296568718,0.6102058962424725,0.6251443316679063,0.5738711219338721,0.32753182881477716,0.33761466763522957,0.3546786617692833,0.6339715815147592,0.8267931994118803,0.3526764681467371,30.0,40.0
41,23,G2,0.3914462296568718,0.39250904085411786,0.42754213956427817,0.5738711219338721,0.6102058962424725,0.6083755403298934,0.3546786617692833,0.32753182881477716,0.350151632939025,0.6339715815147592,0.8267931994118803,0.3526764681467371,30.0,40.0
42,0,G2,0.20635976665530742,0.22038615485141333,0.2019110346975079,0.5306811279364162,0.5387641674062776,0.5356241966402951,0.2756039335659742,0.27791754344460584,0.2691285997672601,0.30503927222146987,0.7618472873312495,0.23249393406156293,30.0,40.0
42,1,G2,0.2019110346975079,0.20635976665530742,0.22096963389544286,0.5356241966402951,0.5306811279364162,0.530868451296245,0.2691285997672601,0.2756039335659742,0.28430998624195836,0.30503927222146987,0.7618472873312495,0.23249393406156293,30.0,40.0
42,2,G2,0.22096963389544286,0.2019110346975079,0.24799742112419926,0.530868451296245,0.5356241966402951,0.5619785401916629,0.28430998624195836,0.2691285997672601,0.27688646164917935,0.30503927222146987,0.7618472873312495,0.23249393406156293,30.0,40.0
42,3,G2,0.24799742112419926,0.22096963389544286,0.26743894214007125,0.5619785401916629,0.530868451296245,0.5886693780127146,0.27688646164917935,0.28430998624195836,0.26824792437638517,0.30503927222146987,0.7618472873312495,0.23249393406156293,30.0,40.0
42,4,G2,0.26743894214007125,0.24799742112419926,0.3231256188634916,0.5886693780127146,0.5619785401916629,0.5872831577625939,0.26824792437638517,0.27688646164917935,0.3030380881495041,0.30503927222146987,0.7618472873312495,0.23249393406156293,30.0,40.0
42,5,G2,0.3231256188634916,0.26743894214007125,0.3888777931292466,0.5872831577625939,0.5886693780127146,0.5843146411889616,0.3030380881495041,0.26824792437638517,0.34513522987884504,0.30503927222146987,0.7618472873312495,0.23249393406156293,30.0,40.0
42,6,G2,0.3888777931292466,0.3231256188634916,0.3969658938158212,0.5843146411889616,0.5872831577625939,0.6062853441667219,0.34513522987884504,0.3030380881495041,0.33323001156328746,0.30503927222146987,0.7618472873312495,0.23249393406156293,30.0,40.0
42,7,G2,0.3969658938158212,0.3888777931292466,0.39956835021101533,0.6062853441667219,0.5843146411889616,0.6216681783561266,0.33323001156328746,0.34513522987884504,0.32304080934134954,0.30503927222146987,0.7618472873312495,0.23249393406156293,30.0,40.0
42,8,G2,0.39956835021101533,0.3969658938158212,0.36961591194072896,0.6216681783561266,0.6062853441667219,0.6633614812590422,0.32304080934134954,0.33323001156328746,0.2730093027405627,0.30503927222146987,0.7618472873312495,0.23249393406156293,30.0,40.0
42,9,G2,0.36961591194072896,0.39956835021101533,0.3386962442773422,0.6633614812590422,0.6216681783561266,0.6681735751308618,0.2730093027405627,0.32304080934134954,0.25060046346407294,0.30503927222146987,0.7618472873312495,0.23249393406156293,30.0,40.0
42,10,G2,0.3386962442773422,0.36961591194072896,0.34747460094704197,0.6681735751308618,0.6633614812590422,0.7071860102916852,0.25060046346407294,0.2730093027405627,0.2260790009547346,0.30503927222146987,0.7618472873312495,0.23249393406156293,30.0,40.0
42,11,G2,0.34747460094704197,0.3386962442773422,0.3763729243969291,0.7071860102916852,0.6681735751308618,0.7397725826559661,0.2260790009547346,0.25060046346407294,0.2186591910576711,0.30503927222146987,0.7618472873312495,0.23249393406156293,30.0,40.0
42,12,G2,0.3763729243969291,0.34747460094704197,0.44177702004875696,0.7397725826559661,0.7071860102916852,0.7646786173729712,0.2186591910576711,0.2260790009547346,0.2392256977637765,0.30503927222146987,0.7618472873312495,0.23249393406156293,30.0,40.0
42,13,G2,0.44177702004875696,0.3763729243969291,0.45832502686140225,0.7646786173729712,0.7397725826559661,0.7546800291243552,0.2392256977637765,0.2186591910576711,0.25689637510706786,0.30503927222146987,0.7618472873312495,0.23249393406156293,30.0,40.0
42,14,G2,0.45832502686140225,0.44177702004875696,0.4488202253106606,0.7546800291243552,0.7646786173729712,0.7661362603882766,0.25689637510706786,0.2392256977637765,0.24237695422060795,0.30503927222146987,0.7618472873312495,0.23249393406156293,30.0,40.0
42,15,G2,0.4488202253106606,0.45832502686140225,0.4301400289317625,0.7661362603882766,0.7546800291243552,0.7549484490959345,0.24237695422060795,0.25689637510706786,0.23961917048395168,0.30503927222146987,0.7618472873312495,0.23249393406156293,30.0,40.0
42,16,G2,0.4301400289317625,0.4488202253106606,0.36507397513357953,0.7549484490959345,0.7661362603882766,0.6949047727204548,0.23961917048395168,0.24237695422060795,0.2461323811259224,0.30503927222146987,0.7618472873312495,0.23249393406156293,30.0,40.0
42,17,G2,0.36507397513357953,0.4301400289317625,0.3399779132560889,0.6949047727204548,0.7549484490959345,0.6449735877767716,0.2461323811259224,0.23961917048395168,0.26912125061234093,0.30503927222146987,0.7618472873312495,0.23249393406156293,30.0,40.0
42,18,G2,0.3399779132560889,0.36507397513357953,0.2926886672655221,0.6449735877767716,0.6949047727204548,0.596405175759032,0.26912125061234093,0.2461323811259224,0.27762519653029066,0.30503927222146987,0.7618472873312495,0.23249393406156293,30.0,40.0
42,19,G2,0.2926886672655221,0.3399779132560889,0.2666012277016823,0.596405175759032,0.6449735877767716,0.5879331880704846,0.27762519653029066,0.26912125061234093,0.2683035868463801,0.30503927222146987,0.7618472873312495,0.23249393406156293,30.0,40.0
42,20,G2,0.2666012277016823,0.2926886672655221,0.25287352426691406,0.5879331880704846,0.596405175759032,0.5531699987607126,0.2683035868463801,0.27762519653029066,0.2865771578811321,0.30503927222146987,0.7618472873312495,0.23249393406156293,30.0,40.0
42,21,G2,0.25287352426691406,0.2666012277016823,0.2292142765619407,0.5531699987607126,0.5879331880704846,0.5420881600082845,0.2865771578811321,0.2683035868463801,0.28072246553587954,0.30503927222146987,0.7618472873312495,0.23249393406156293,30.0,40.0
42,22,G2,0.2292142765619407,0.25287352426691406,0.22038615485141333,0.5420881600082845,0.5531699987607126,0.5387641674062776,0.28072246553587954,0.2865771578811321,0.27791754344460584,0.30503927222146987,0.7618472873312495,0.23249393406156293,30.0,40.0
42,23,G2,0.22038615485141333,0.2292142765619407,0.20635976665530742,0.5387641674062776,0.5420881600082845,0.5306811279364162,0.27791754344460584,0.28072246553587954,0.2756039335659742,0.30503927222146987,0.7618472873312495,0.23249393406156293,30.0,40.0
43,0,G2,0.4299223580053708,0.42985242403278157,0.42663750577443205,0.5285419936111868,0.5390119432272394,0.5173498065010187,0.4126538978805601,0.404603616009651,0.4192245579468025,0.6621060179042747,0.7532719765559542,0.4159055039545169,30.0,40.0
43,1,G2,0.42663750577443205,0.4299223580053708,0.4325095024506336,0.5173498065010187,0.5285419936111868,0.5181225167301674,0.4192245579468025,0.4126538978805601,0.4221902725563943,0.6621060179042747,0.7532719765559542,0.4159055039545169,30.0,40.0
43,2,G2,0.4325095024506336,0.42663750577443205,0.4674325834426385,0.5181225167301674,0.5173498065010187,0.5251679388939109,0.4221902725563943,0.4192245579468025,0.43795481497974503,0.6621060179042747,0.7532719765559542,0.4159055039545169,30.0,40.0
43,3,G2,0.4674325834426385,0.4325095024506336,0.5158593800633469,0.5251679388939109,0.5181225167301674,0.5295374419318322,0.43795481497974503,0.4221902725563943,0.46394535009852295,0.6621060179042747,0.7532719765559542,0.4159055039545169,30.0,40.0
43,4,G2,0.5158593800633469,0.4674325834426385,0.5709797671839731,0.5295374419318322,0.5251679388939109,0.5409023599751469,0.46394535009852295,0.43795481497974503,0.4886398218973949,0.6621060179042747,0.7532719765559542,0.4159055039545169,30.0,40.0
43,5,G2,0.5709797671839731,0.5158593800633469,0.6388410515557043,0.5409023599751469,0.5295374419318322,0.5553918177751997,0.4886398218973949,0.46394535009852295,0.5186617699075685,0.6621060179042747,0.7532719765559542,0.4159055039545169,30.0,40.0
43,6,G2,0.6388410515557043,0.5709797671839731,0.6715158544708614,0.5553918177751997,0.5409023599751469,0.5767876402019461,0.5186617699075685,0.4886398218973949,0.5220886323109176,0.6621060179042747,0.7532719765559542,0.4159055039545169,30.0,40.0
43,7,G2,0.6715158544708614,0.6388410515557043,0.6562541641120003,0.5767876402019461,0.5553918177751997,0.6019686663901783,0.5220886323109176,0.5186617699075685,0.4935848277830455,0.6621060179042747,0.7532719765559542,0.4159055039545169,30.0,40.0
43,8,G2,0.6562541641120003,0.6715158544708614,0.6068637962392334,0.6019686663901783,0.5767876402019461,0.6381463005899158,0.4935848277830455,0.5220886323109176,0.43599824357206846,0.6621060179042747,0.7532719765559542,0.4159055039545169,30.0,40.0
43,9,G2,0.6068637962392334,0.6562541641120003,0.5704624397416268,0.6381463005899158,0.6019686663901783,0.6754150520013549,0.43599824357206846,0.4935848277830455,0.3854446801028819,0.6621060179042747,0.7532719765559542,0.4159055039545169,30.0,40.0
43,10,G2,0.5704624397416268,0.6068637962392334,0.5747445198745622,0.6754150520013549,0.6381463005899158,0.7105124955131836,0.3854446801028819,0.43599824357206846,0.36119415724098536,0.6621060179042747,0.7532719765559542,0.4159055039545169,30.0,40.0
43,11,G2,0.5747445198745622,0.5704624397416268,0.635759941500015,0.7105124955131836,0.6754150520013549,0.7434143611973519,0.36119415724098536,0.3854446801028819,0.3729868080138703,0.6621060179042747,0.7532719765559542,0.4159055039545169,30.0,40.0
43,12,G2,0.635759941500015,0.5747445198745622,0.6932892152095389,0.7434143611973519,0.7105124955131836,0.7641139304318465,0.3729868080138703,0.36119415724098536,0.3920007725871281,0.6621060179042747,0.7532719765559542,0.4159055039545169,30.0,40.0
43,13,G2,0.6932892152095389,0.635759941500015,0.7439300433199596,0.7641139304318465,0.7434143611973519,0.7740219239428818,0.3920007725871281,0.3729868080138703,0.41509626174939596,0.6621060179042747,0.7532719765559542,0.4159055039545169,30.0,40.0
43,14,G2,0.7439300433199596,0.6932892152095389,0.7485634997836774,0.7740219239428818,0.7641139304318465,0.763940452222694,0.41509626174939596,0.3920007725871281,0.4256135831838141,0.6621060179042747,0.7532719765559542,0.4159055039545169,30.0,40.0
43,15,G2,0.7485634997836774,0.7439300433199596,0.7026259123511543,0.763940452222694,0.7740219239428818,0.7381607966400546,0.4256135831838141,0.41509626174939596,0.41750630111173337,0.6621060179042747,0.7532719765559542,0.4159055039545169,30.0,40.0
43,16,G2,0.7026259123511543,0.7485634997836774,0.6455700885116222,0.7381607966400546,0.763940452222694,0.7039108382201732,0.41750630111173337,0.4256135831838141,0.40914310027578193,0.6621060179042747,0.7532719765559542,0.4159055039545169,30.0,40.0
43,17,G2,0.6455700885116222,0.7026259123511543,0.5740626093890315,0.7039108382201732,0.7381607966400546,0.6678126623682697,0.40914310027578193,0.41750630111173337,0.3934400090153886,0.6621060179042747,0.7532719765559542,0.4159055039545169,30.0,40.0
43,18,G2,0.5740626093890315,0.6455700885116222,0.5290872691788517,0.6678126623682697,0.7039108382201732,0.631006120387643,0.3934400090153886,0.40914310027578193,0.39434946299277435,0.6621060179042747,0.7532719765559542,0.4159055039545169,30.0,40.0
43,19,G2,0.5290872691788517,0.5740626093890315,0.4924101525999533,0.631006120387643,0.6678126623682697,0.601006212578684,0.39434946299277435,0.3934400090153886,0.3950791829019871,0.6621060179042747,0.7532719765559542,0.4159055039545169,30.0,40.0
43,20,G2,0.4924101525999533,0.5290872691788517,0.4619380381361169,0.601006212578684,0.631006120387643,0.5746666320109545,0.3950791829019871,0.39434946299277435,0.3967677330707951,0.6621060179042747,0.7532719765559542,0.4159055039545169,30.0,40.0
43,21,G2,0.4619380381361169,0.4924101525999533,0.4425855128954899,0.5746666320109545,0.601006212578684,0.5564135392157765,0.3967677330707951,0.3950791829019871,0.3990065816821705,0.6621060179042747,0.7532719765559542,0.4159055039545169,30.0,40.0
43,22,G2,0.4425855128954899,0.4619380381361169,0.42985242403278157,0.5564135392157765,0.5746666320109545,0.5390119432272394,0.3990065816821705,0.3967677330707951,0.404603616009651,0.6621060179042747,0.7532719765559542,0.4159055039545169,30.0,40.0
43,23,G2,0.42985242403278157,0.4425855128954899,0.4299223580053708,0.5390119432272394,0.5564135392157765,0.5285419936111868,0.404603616009651,0.3990065816821705,0.4126538978805601,0.6621060179042747,0.7532719765559542,0.4159055039545169,30.0,40.0
44,0,G2,0.42277877155102955,0.3871981746879698,0.41384020139103667,0.5040029945991394,0.5371099258360909,0.5086415903799381,0.42709557350176075,0.3802223121660708,0.4181335803159085,0.6877710731347557,0.7177538633721816,0.45245890409320283,30.0,40.0
44,1,G2,0.41384020139103667,0.42277877155102955,0.4562085049423438,0.5086415903799381,0.5040029945991394,0.5192816258180406,0.4181335803159085,0.42709557350176075,0.4356584267697395,0.6877710731347557,0.7177538633721816,0.45245890409320283,30.0,40.0
44,2,G2,0.4562085049423438,0.41384020139103667,0.47935722259750807,0.5192816258180406,0.5086415903799381,0.48278955639431753,0.4356584267697395,0.4181335803159085,0.47759070511631463,0.6877710731347557,0.7177538633721816,0.45245890409320283,30.0,40.0
44,3,G2,0.47935722259750807,0.4562085049423438,0.5409989417283995,0.48278955639431753,0.5192816258180406,0.49822421079066886,0.47759070511631463,0.4356584267697395,0.5031224751805363,0.6877710731347557,0.7177538633721816,0.45245890409320283,30.0,40.0
44,4,G2,0.5409989417283995,0.47935722259750807,0.6322300413124754,0.49822421079066886,0.48278955639431753,0.5083099963811498,0.5031224751805363,0.47759070511631463,0.5506678690671295,0.6877710731347557,0.7177538633721816,0.45245890409320283,30.0,40.0
44,5,G2,0.6322300413124754,0.5409989417283995,0.657386731423115,0.5083099963811498,0.49822421079066886,0.5313295798224281,0.5506678690671295,0.5031224751805363,0.5482990129264801,0.6877710731347557,0.7177538633721816,0.45245890409320283,30.0,40.0
44,6,G2,0.657386731423115,0.6322300413124754,0.7199986491305191,0.5313295798224281,0.5083099963811498,0.5380797499084399,0.5482990129264801,0.5506678690671295,0.5810607531981372,0.6877710731347557,0.7177538633721816,0.45245890409320283,30.0,40.0
44,7,G2,0.7199986491305191,0.657386731423115,0.6965040443107766,0.5380797499084399,0.5313295798224281,0.5661825973959875,0.5810607531981372,0.5482990129264801,0.5453354493137843,0.6877710731347557,0.7177538633721816,0.45245890409320283,30.0,40.0
44,8,G2,0.6965040443107766,0.7199986491305191,0.6412998419939261,0.5661825973959875,0.5380797499084399,0.5828103944985515,0.5453354493137843,0.5810607531981372,0.49918003178230186,0.6877710731347557,0.7177538633721816,0.45245890409320283,30.0,40.0
44,9,G2,0.6412998419939261,0.6965040443107766,0.6377107530218579,0.5828103944985515,0.5661825973959875,0.6223457828542033,0.49918003178230186,0.5453354493137843,0.46676751756359325,0.6877710731347557,0.7177538633721816,0.45245890409320283,30.0,40.0
44,10,G2,0.6377107530218579,0.6412998419939261,0.6448911340582264,0.6223457828542033,0.5828103944985515,0.6612966252794954,0.46676751756359325,0.49918003178230186,0.4413252560850548,0.6877710731347557,0.7177538633721816,0.45245890409320283,30.0,40.0
44,11,G2,0.6448911340582264,0.6377107530218579,0.6570355405024336,0.6612966252794954,0.6223457828542033,0.6802127163505026,0.4413252560850548,0.46676751756359325,0.43421329272192755,0.6877710731347557,0.7177538633721816,0.45245890409320283,30.0,40.0
44,12,G2,0.6570355405024336,0.6448911340582264,0.7242979019718356,0.6802127163505026,0.6612966252794954,0.7363931350320041,0.43421329272192755,0.4413252560850548,0.43198521092209435,0.6877710731347557,0.7177538633721816,0.45245890409320283,30.0,40.0
44,13,G2,0.7242979019718356,0.6570355405024336,0.7531225542366514,0.7363931350320041,0.6802127163505026,0.7383798789198475,0.43198521092209435,0.43421329272192755,0.447925001823685,0.6877710731347557,0.7177538633721816,0.45245890409320283,30.0,40.0
44,14,G2,0.7531225542366514,0.7242979019718356,0.7669395015141132,0.7383798789198475,0.7363931350320041,0.7209779791817996,0.447925001823685,0.43198521092209435,0.46960386165450835,0.6877710731347557,0.7177538633721816,0.45245890409320283,30.0,40.0
44,15,G2,0.7669395015141132,0.7531225542366514,0.7186333759420807,0.7209779791817996,0.7383798789198475,0.7102362817080009,0.46960386165450835,0.447925001823685,0.4485601795832895,0.6877710731347557,0.7177538633721816,0.45245890409320283,30.0,40.0
44,16,G2,0.7186333759420807,0.7669395015141132,0.6495714910741722,0.7102362817080009,0.7209779791817996,0.7032936492644944,0.4485601795832895,0.46960386165450835,0.4120388412888297,0.6877710731347557,0.7177538633721816,0.45245890409320283,30.0,40.0
44,17,G2,0.6495714910741722,0.7186333759420807,0.6059494133802726,0.7032936492644944,0.7102362817080009,0.6763408188492627,0.4120388412888297,0.4485601795832895,0.40623138474590925,0.6877710731347557,0.7177538633721816,0.45245890409320283,30.0,40.0
44,18,G2,0.6059494133802726,0.6495714910741722,0.5039756983841345,0.6763408188492627,0.7032936492644944,0.6152690247943045,0.40623138474590925,0.4120388412888297,0.39117565049679387,0.6877710731347557,0.7177538633721816,0.45245890409320283,30.0,40.0
44,19,G2,0.5039756983841345,0.6059494133802726,0.4755610756117416,0.6152690247943045,0.6763408188492627,0.5893077199622194,0.39117565049679387,0.40623138474590925,0.393821118174479,0.6877710731347557,0.7177538633721816,0.45245890409320283,30.0,40.0
44,20,G2,0.4755610756117416,0.5039756983841345,0.44839377322917706,0.5893077199622194,0.6152690247943045,0.5702411493713662,0.393821118174479,0.39117565049679387,0.3919486737580953,0.6877710731347557,0.7177538633721816,0.45245890409320283,30.0,40.0
44,21,G2,0.44839377322917706,0.4755610756117416,0.4468919751804303,0.5702411493713662,0.5893077199622194,0.5561882445069986,0.3919486737580953,0.393821118174479,0.40178736047010094,0.6877710731347557,0.7177538633721816,0.45245890409320283,30.0,40.0
44,22,G2,0.4468919751804303,0.44839377322917706,0.3871981746879698,0.5561882445069986,0.5702411493713662,0.5371099258360909,0.40178736047010094,0.3919486737580953,0.3802223121660708,0.6877710731347557,0.7177538633721816,0.45245890409320283,30.0,40.0
44,23,G2,0.3871981746879698,0.4468919751804303,0.42277877155102955,0.5371099258360909,0.5561882445069986,0.5040029945991394,0.3802223121660708,0.40178736047010094,0.42709557350176075,0.6877710731347557,0.7177538633721816,0.45245890409320283,30.0,40.0
45,0,G2,0.16343708662161652,0.17011014319513437,0.16864797156551598,0.21098017496970048,0.216885528592151,0.20518979008243768,0.49412798644711703,0.493653217044721,0.5017130313602257,0.23729351919056496,0.25516701358452576,0.5380585563735388,30.0,40.0
45,1,G2,0.16864797156551598,0.16343708662161652,0.18160320170799088,0.20518979008243768,0.21098017496970048,0.20022165484647386,0.5017130313602257,0.49412798644711703,0.5133599989080785,0.23729351919056496,0.25516701358452576,0.5380585563735388,30.0,40.0
45,2,G2,0.18160320170799088,0.16864797156551598,0.20713863908888397,0.20022165484647386,0.20518979008243768,0.1921699412372692,0.5133599989080785,0.5017130313602257,0.5349853793466949,0.23729351919056496,0.25516701358452576,0.5380585563735388,30.0,40.0
45,3,G2,0.20713863908888397,0.18160320170799088,0.2465867908986884,0.1921699412372692,0.20022165484647386,0.1952110498470505,0.5349853793466949,0.5133599989080785,0.5565534894979478,0.23729351919056496,0.25516701358452576,0.5380585563735388,30.0,40.0
45,4,G2,0.2465867908986884,0.20713863908888397,0.2948877382871525,0.1952110498470505,0.1921699412372692,0.20110415024797393,0.5565534894979478,0.5349853793466949,0.5813024758981462,0.23729351919056496,0.25516701358452576,0.5380585563735388,30.0,40.0
45,5,G2,0.2948877382871525,0.2465867908986884,0.33930369974368146,0.20110415024797393,0.1952110498470505,0.2093440318071701,0.5813024758981462,0.5565534894979478,0.6019033603712789,0.23729351919056496,0.25516701358452576,0.5380585563735388,30.0,40.0
45,6,G2,0.33930369974368146,0.2948877382871525,0.3583344438088909,0.2093440318071701,0.20110415024797393,0.22344811979819662,0.6019033603712789,0.5813024758981462,0.6026429649432936,0.23729351919056496,0.25516701358452576,0.5380585563735388,30.0,40.0
45,7,G2,0.3583344438088909,0.33930369974368146,0.342435678212649,0.22344811979819662,0.2093440318071701,0.2422069540727305,0.6026429649432936,0.6019033603712789,0.5786652802752034,0.23729351919056496,0.25516701358452576,0.5380585563735388,30.0,40.0
45,8,G2,0.342435678212649,0.3583344438088909,0.3050342715795512,0.2422069540727305,0.22344811979819662,0.2670749805300429,0.5786652802752034,0.6026429649432936,0.5369906498446617,0.23729351919056496,0.25516701358452576,0.5380585563735388,30.0,40.0
45,9,G2,0.3050342715795512,0.342435678212649,0.27875482326113843,0.2670749805300429,0.2422069540727305,0.28506129226802596,0.5369906498446617,0.5786652802752034,0.5073161557460212,0.23729351919056496,0.25516701358452576,0.5380585563735388,30.0,40.0
45,10,G2,0.27875482326113843,0.3050342715795512,0.2869014385537826,0.28506129226802596,0.2670749805300429,0.3130561311358817,0.5073161557460212,0.5369906498446617,0.49083883068504447,0.23729351919056496,0.25516701358452576,0.5380585563735388,30.0,40.0
45,11,G2,0.2869014385537826,0.27875482326113843,0.32843348681247664,0.3130561311358817,0.28506129226802596,0.3320034806010355,0.49083883068504447,0.5073161557460212,0.5015033155872828,0.23729351919056496,0.25516701358452576,0.5380585563735388,30.0,40.0
45,12,G2,0.32843348681247664,0.2869014385537826,0.3824925229395451,0.3320034806010355,0.3130561311358817,0.3543279235085083,0.5015033155872828,0.49083883068504447,0.5171725446491485,0.23729351919056496,0.25516701358452576,0.5380585563735388,30.0,40.0
45,13,G2,0.3824925229395451,0.32843348681247664,0.42066704046598175,0.3543279235085083,0.3320034806010355,0.36140989924827893,0.5171725446491485,0.5015033155872828,0.5348785531813983,0.23729351919056496,0.25516701358452576,0.5380585563735388,30.0,40.0
45,14,G2,0.42066704046598175,0.3824925229395451,0.4226545553056836,0.36140989924827893,0.3543279235085083,0.3517228358823732,0.5348785531813983,0.5171725446491485,0.5434915417012176,0.23729351919056496,0.25516701358452576,0.5380585563735388,30.0,40.0
45,15,G2,0.4226545553056836,0.42066704046598175,0.39923295451432217,0.3517228358823732,0.36140989924827893,0.33722362119408644,0.5434915417012176,0.5348785531813983,0.540394568080095,0.23729351919056496,0.25516701358452576,0.5380585563735388,30.0,40.0
45,16,G2,0.39923295451432217,0.4226545553056836,0.3464381309915307,0.33722362119408644,0.3517228358823732,0.32035439557387374,0.540394568080095,0.5434915417012176,0.5213186706568685,0.23729351919056496,0.25516701358452576,0.5380585563735388,30.0,40.0
45,17,G2,0.3464381309915307,0.39923295451432217,0.28805930025657406,0.32035439557387374,0.33722362119408644,0.30674521708720254,0.5213186706568685,0.540394568080095,0.4963670491480622,0.23729351919056496,0.25516701358452576,0.5380585563735388,30.0,40.0
45,18,G2,0.28805930025657406,0.3464381309915307,0.23527606282503172,0.30674521708720254,0.32035439557387374,0.2765526720871276,0.4963670491480622,0.5213186706568685,0.4874884865261401,0.23729351919056496,0.25516701358452576,0.5380585563735388,30.0,40.0
45,19,G2,0.23527606282503172,0.28805930025657406,0.20213728291337027,0.2765526720871276,0.30674521708720254,0.24827235709925474,0.4874884865261401,0.4963670491480622,0.48904618095110985,0.23729351919056496,0.25516701358452576,0.5380585563735388,30.0,40.0
45,20,G2,0.20213728291337027,0.23527606282503172,0.18399120976270858,0.24827235709925474,0.2765526720871276,0.23485889335135743,0.48904618095110985,0.4874884865261401,0.4883142067080906,0.23729351919056496,0.25516701358452576,0.5380585563735388,30.0,40.0
45,21,G2,0.18399120976270858,0.20213728291337027,0.17249178825634467,0.23485889335135743,0.24827235709925474,0.22198784691224227,0.4883142067080906,0.48904618095110985,0.4911933016114702,0.23729351919056496,0.25516701358452576,0.5380585563735388,30.0,40.0
45,22,G2,0.17249178825634467,0.18399120976270858,0.17011014319513437,0.22198784691224227,0.23485889335135743,0.216885528592151,0.4911933016114702,0.4883142067080906,0.493653217044721,0.23729351919056496,0.25516701358452576,0.5380585563735388,30.0,40.0
45,23,G2,0.17011014319513437,0.17249178825634467,0.16343708662161652,0.216885528592151,0.22198784691224227,0.21098017496970048,0.493653217044721,0.4911933016114702,0.49412798644711703,0.23729351919056496,0.25516701358452576,0.5380585563735388,30.0,40.0
46,0,G2,0.17457446264905463,0.17887856230205887,0.16136274863328245,0.39992521069313525,0.4100895753316585,0.40236116971569097,0.3563597215291447,0.3511925568770517,0.3464941298653195,0.21893919840641626,0.547019178313744,0.3335013067523949,30.0,40.0
46,1,G2,0.16136274863328245,0.17457446264905463,0.1425730614353258,0.40236116971569097,0.39992521069313525,0.4040034173994386,0.3464941298653195,0.3563597215291447,0.33385697890015814,0.21893919840641626,0.547019178313744,0.3335013067523949,30.0,40.0
46,2,G2,0.1425730614353258,0.16136274863328245,0.18121892776715007,0.4040034173994386,0.40236116971569097,0.37388777718266686,0.33385697890015814,0.3464941298653195,0.3802990176457636,0.21893919840641626,0.547019178313744,0.3335013067523949,30.0,40.0
46,3,G2,0.18121892776715007,0.1425730614353258,0.2567284450828083,0.37388777718266686,0.4040034173994386,0.40129891810272583,0.3802990176457636,0.33385697890015814,0.4050704421905123,0.21893919840641626,0.547019178313744,0.3335013067523949,30.0,40.0
46,4,G2,0.2567284450828083,0.18121892776715007,0.2943685397671939,0.40129891810272583,0.37388777718266686,0.38514027808636236,0.4050704421905123,0.3802990176457636,0.4402282894529042,0.21893919840641626,0.547019178313744,0.3335013067523949,30.0,40.0
46,5,G2,0.2943685397671939,0.2567284450828083,0.3315082318961247,0.38514027808636236,0.40129891810272583,0.3988793073808959,0.4402282894529042,0.4050704421905123,0.4522158595249947,0.21893919840641626,0.547019178313744,0.3335013067523949,30.0,40.0
46,6,G2,0.3315082318961247,0.2943685397671939,0.2918252048172961,0.3988793073808959,0.38514027808636236,0.42506401956549067,0.4522158595249947,0.4402282894529042,0.4081521665604318,0.21893919840641626,0.547019178313744,0.3335013067523949,30.0,40.0
46,7,G2,0.2918252048172961,0.3315082318961247,0.32461237177134206,0.42506401956549067,0.3988793073808959,0.4571249844077972,0.4081521665604318,0.4522158595249947,0.4034898737571899,0.21893919840641626,0.547019178313744,0.3335013067523949,30.0,40.0
46,8,G2,0.32461237177134206,0.2918252048172961,0.288215120892378,0.4571249844077972,0.42506401956549067,0.46248247894373523,0.4034898737571899,0.4081521665604318,0.37734606485477495,0.21893919840641626,0.547019178313744,0.3335013067523949,30.0,40.0
46,9,G2,0.288215120892378,0.32461237177134206,0.23124370521094892,0.46248247894373523,0.4571249844077972,0.5187877376428334,0.37734606485477495,0.4034898737571899,0.29977299491020337,0.21893919840641626,0.547019178313744,0.3335013067523949,30.0,40.0
46,10,G2,0.23124370521094892,0.288215120892378,0.24646241816973852,0.5187877376428334,0.46248247894373523,0.5634987830377817,0.29977299491020337,0.37734606485477495,0.2747939416760557,0.21893919840641626,0.547019178313744,0.3335013067523949,30.0,40.0
46,11,G2,0.24646241816973852,0.23124370521094892,0.28541993150010286,0.5634987830377817,0.5187877376428334,0.597555156270388,0.2747939416760557,0.29977299491020337,0.27234289804892114,0.21893919840641626,0.547019178313744,0.3335013067523949,30.0,40.0
46,12,G2,0.28541993150010286,0.24646241816973852,0.35962631432251035,0.597555156270388,0.5634987830377817,0.621993194850627,0.27234289804892114,0.2747939416760557,0.2985989744414878,0.21893919840641626,0.547019178313744,0.3335013067523949,30.0,40.0
46,13,G2,0.35962631432251035,0.28541993150010286,0.43929041803210833,0.621993194850627,0.597555156270388,0.6191974616225612,0.2985989744414878,0.27234289804892114,0.3489905426159745,0.21893919840641626,0.547019178313744,0.3335013067523949,30.0,40.0
46,14,G2,0.43929041803210833,0.35962631432251035,0.41995070713841437,0.6191974616225612,0.621993194850627,0.6165700203127379,0.3489905426159745,0.2985989744414878,0.33928590139479264,0.21893919840641626,0.547019178313744,0.3335013067523949,30.0,40.0
46,15,G2,0.41995070713841437,0.43929041803210833,0.3906692733931597,0.6165700203127379,0.6191974616225612,0.5911747350445148,0.33928590139479264,0.3489905426159745,0.34097341490048483,0.21893919840641626,0.547019178313744,0.3335013067523949,30.0,40.0
46,16,G2,0.3906692733931597,0.41995070713841437,0.33084830221628764,0.5911747350445148,0.6165700203127379,0.5219036822771325,0.34097341490048483,0.33928590139479264,0.357721161099368,0.21893919840641626,0.547019178313744,0.3335013067523949,30.0,40.0
46,17,G2,0.33084830221628764,0.3906692733931597,0.26371641583953254,0.5219036822771325,0.5911747350445148,0.48529752468961135,0.357721161099368,0.34097341490048483,0.3450569342292922,0.21893919840641626,0.547019178313744,0.3335013067523949,30.0,40.0
46,18,G2,0.26371641583953254,0.33084830221628764,0.22805349939584144,0.48529752468961135,0.5219036822771325,0.4817341873285728,0.3450569342292922,0.357721161099368,0.32618100055381016,0.21893919840641626,0.547019178313744,0.3335013067523949,30.0,40.0
46,19,G2,0.22805349939584144,0.26371641583953254,0.22292395418336833,0.4817341873285728,0.48529752468961135,0.4353565041441471,0.32618100055381016,0.3450569342292922,0.3585458774168158,0.21893919840641626,0.547019178313744,0.3335013067523949,30.0,40.0
46,20,G2,0.22292395418336833,0.22805349939584144,0.20354031799943706,0.4353565041441471,0.4817341873285728,0.40213580531448745,0.3585458774168158,0.32618100055381016,0.37221382856311663,0.21893919840641626,0.547019178313744,0.3335013067523949,30.0,40.0
46,21,G2,0.20354031799943706,0.22292395418336833,0.17773663161306502,0.40213580531448745,0.4353565041441471,0.4106967215352982,0.37221382856311663,0.3585458774168158,0.3500365046075866,0.21893919840641626,0.547019178313744,0.3335013067523949,30.0,40.0
46,22,G2,0.17773663161306502,0.20354031799943706,0.17887856230205887,0.4106967215352982,0.40213580531448745,0.4100895753316585,0.3500365046075866,0.37221382856311663,0.3511925568770517,0.21893919840641626,0.547019178313744,0.3335013067523949,30.0,40.0
46,23,G2,0.17887856230205887,0.17773663161306502,0.17457446264905463,0.4100895753316585,0.4106967215352982,0.39992521069313525,0.3511925568770517,0.3500365046075866,0.3563597215291447,0.21893919840641626,0.547019178313744,0.3335013067523949,30.0,40.0
47,0,G2,0.27090521899209397,0.32079727281228265,0.3215916266137945,0.592792480543561,0.5952906217272924,0.5991361505119803,0.26719393151722964,0.2955032937300606,0.2930431950829209,0.43869894994218606,0.8563223405535421,0.23573982715349517,30.0,40.0
47,1,G2,0.3215916266137945,0.27090521899209397,0.34805836172438176,0.5991361505119803,0.592792480543561,0.5994376435523084,0.2930431950829209,0.26719393151722964,0.3088437356762494,0.43869894994218606,0.8563223405535421,0.23573982715349517,30.0,40.0
47,2,G2,0.34805836172438176,0.3215916266137945,0.3682377341052449,0.5994376435523084,0.5991361505119803,0.5881398774095103,0.3088437356762494,0.2930431950829209,0.3297076373519238,0.43869894994218606,0.8563223405535421,0.23573982715349517,30.0,40.0
47,3,G2,0.3682377341052449,0.34805836172438176,0.3616548380235598,0.5881398774095103,0.5994376435523084,0.6025872034530236,0.3297076373519238,0.3088437356762494,0.31467030711910293,0.43869894994218606,0.8563223405535421,0.23573982715349517,30.0,40.0
47,4,G2,0.3616548380235598,0.3682377341052449,0.4250261782259003,0.6025872034530236,0.5881398774095103,0.6126156478781761,0.31467030711910293,0.3297076373519238,0.34538465408864816,0.43869894994218606,0.8563223405535421,0.23573982715349517,30.0,40.0
47,5,G2,0.4250261782259003,0.3616548380235598,0.47635704807825013,0.6126156478781761,0.6025872034530236,0.6111764187291441,0.34538465408864816,0.31467030711910293,0.3775770106355332,0.43869894994218606,0.8563223405535421,0.23573982715349517,30.0,40.0
47,6,G2,0.47635704807825013,0.4250261782259003,0.4995720302071524,0.6111764187291441,0.6126156478781761,0.6246994045382019,0.3775770106355332,0.34538465408864816,0.38129550040650256,0.43869894994218606,0.8563223405535421,0.23573982715349517,30.0,40.0
47,7,G2,0.4995720302071524,0.47635704807825013,0.4814964220784538,0.6246994045382019,0.6111764187291441,0.6692499249357134,0.38129550040650256,0.3775770106355332,0.3362725578328967,0.43869894994218606,0.8563223405535421,0.23573982715349517,30.0,40.0
47,8,G2,0.4814964220784538,0.4995720302071524,0.4713091849412117,0.6692499249357134,0.6246994045382019,0.7183716545372586,0.3362725578328967,0.38129550040650256,0.292531390588628,0.43869894994218606,0.8563223405535421,0.23573982715349517,30.0,40.0
47,9,G2,0.4713091849412117,0.4814964220784538,0.429310492273621,0.7183716545372586,0.6692499249357134,0.7720027626149384,0.292531390588628,0.3362725578328967,0.22607275154915393,0.43869894994218606,0.8563223405535421,0.23573982715349517,30.0,40.0
47,10,G2,0.429310492273621,0.4713091849412117,0.44913696142719417,0.7720027626149384,0.7183716545372586,0.7928710350188023,0.22607275154915393,0.292531390588628,0.22212075953667473,0.43869894994218606,0.8563223405535421,0.23573982715349517,30.0,40.0
47,11,G2,0.44913696142719417,0.429310492273621,0.4515678724719684,0.7928710350188023,0.7720027626149384,0.8192858748508378,0.22212075953667473,0.22607275154915393,0.20338984098110013,0.43869894994218606,0.8563223405535421,0.23573982715349517,30.0,40.0
47,12,G2,0.4515678724719684,0.44913696142719417,0.5010322747955036,0.8192858748508378,0.7928710350188023,0.8521067596676202,0.20338984098110013,0.22212075953667473,0.2082478746322432,0.43869894994218606,0.8563223405535421,0.23573982715349517,30.0,40.0
47,13,G2,0.5010322747955036,0.4515678724719684,0.5568334455487782,0.8521067596676202,0.8192858748508378,0.8689591449086712,0.2082478746322432,0.20338984098110013,0.22915762366285863,0.43869894994218606,0.8563223405535421,0.23573982715349517,30.0,40.0
47,14,G2,0.5568334455487782,0.5010322747955036,0.5492003483145258,0.8689591449086712,0.8521067596676202,0.8492065562690039,0.22915762366285863,0.2082478746322432,0.23964192083392008,0.43869894994218606,0.8563223405535421,0.23573982715349517,30.0,40.0
47,15,G2,0.5492003483145258,0.5568334455487782,0.5283122563149766,0.8492065562690039,0.8689591449086712,0.8278448654024196,0.23964192083392008,0.22915762366285863,0.2433282686691953,0.43869894994218606,0.8563223405535421,0.23573982715349517,30.0,40.0
47,16,G2,0.5283122563149766,0.5492003483145258,0.4784758312615731,0.8278448654024196,0.8492065562690039,0.788091199535469,0.2433282686691953,0.23964192083392008,0.24354742272854388,0.43869894994218606,0.8563223405535421,0.23573982715349517,30.0,40.0
47,17,G2,0.4784758312615731,0.5283122563149766,0.4270800430207511,0.788091199535469,0.8278448654024196,0.7525668741784161,0.24354742272854388,0.2433282686691953,0.23958725310117343,0.43869894994218606,0.8563223405535421,0.23573982715349517,30.0,40.0
47,18,G2,0.4270800430207511,0.4784758312615731,0.3694450663611939,0.7525668741784161,0.788091199535469,0.7113368043166471,0.23958725310117343,0.24354742272854388,0.23621198000215132,0.43869894994218606,0.8563223405535421,0.23573982715349517,30.0,40.0
47,19,G2,0.3694450663611939,0.4270800430207511,0.35109145572322265,0.7113368043166471,0.7525668741784161,0.6695633914691156,0.23621198000215132,0.23958725310117343,0.25704535481117163,0.43869894994218606,0.8563223405535421,0.23573982715349517,30.0,40.0
47,20,G2,0.35109145572322265,0.3694450663611939,0.29545064296194706,0.6695633914691156,0.7113368043166471,0.6410365704260375,0.25704535481117163,0.23621198000215132,0.24516190739024227,0.43869894994218606,0.8563223405535421,0.23573982715349517,30.0,40.0
47,21,G2,0.29545064296194706,0.35109145572322265,0.2818019743268946,0.6410365704260375,0.6695633914691156,0.6102138258107684,0.24516190739024227,0.25704535481117163,0.26046950842835287,0.43869894994218606,0.8563223405535421,0.23573982715349517,30.0,40.0
47,22,G2,0.2818019743268946,0.29545064296194706,0.32079727281228265,0.6102138258107684,0.6410365704260375,0.5952906217272924,0.26046950842835287,0.24516190739024227,0.2955032937300606,0.43869894994218606,0.8563223405535421,0.23573982715349517,30.0,40.0
47,23,G2,0.32079727281228265,0.2818019743268946,0.27090521899209397,0.5952906217272924,0.6102138258107684,0.592792480543561,0.2955032937300606,0.26046950842835287,0.26719393151722964,0.43869894994218606,0.8563223405535421,0.23573982715349517,30.0,40.0
48,0,G2,0.31033293045916127,0.2867687508528677,0.3375301393030325,0.0832210189322546,0.08327249126320795,0.0808602615238943,0.6808204684427882,0.6665080666176324,0.6990996809724649,0.505325032393058,0.06535374278172044,0.7985250241373116,30.0,40.0
48,1,G2,0.3375301393030325,0.31033293045916127,0.34838692938428273,0.0808602615238943,0.0832210189322546,0.07826062940104213,0.6990996809724649,0.6808204684427882,0.7076640593287918,0.505325032393058,0.06535374278172044,0.7985250241373116,30.0,40.0
48,2,G2,0.34838692938428273,0.3375301393030325,0.3655473622063677,0.07826062940104213,0.0808602615238943,0.07761482169310668,0.7076640593287918,0.6990996809724649,0.7185522310847403,0.505325032393058,0.06535374278172044,0.7985250241373116,49.99,49.99
48,3,G2,0.3655473622063677,0.34838692938428273,0.4268508081393168,0.07761482169310668,0.07826062940104213,0.07873253343411381,0.7185522310847403,0.7076640593287918,0.7548293940505526,0.505325032393058,0.06535374278172044,0.7985250241373116,49.99,49.99
48,4,G2,0.4268508081393168,0.3655473622063677,0.49160811841680085,0.07873253343411381,0.07761482169310668,0.0807130818924785,0.7548293940505526,0.7185522310847403,0.7925386542683436,0.505325032393058,0.06535374278172044,0.7985250241373116,49.99,49.99
48,5,G2,0.49160811841680085,0.4268508081393168,0.5550443507215024,0.0807130818924785,0.07873253343411381,0.0863202699279176,0.7925386542683436,0.7548293940505526,0.8266738970053307,0.505325032393058,0.06535374278172044,0.7985250241373116,49.99,49.99
48,6,G2,0.5550443507215024,0.49160811841680085,0.588646271647341,0.0863202699279176,0.0807130818924785,0.0987897309502311,0.8266738970053307,0.7925386542683436,0.8374896345968698,0.505325032393058,0.06535374278172044,0.7985250241373116,49.99,49.99
48,7,G2,0.588646271647341,0.5550443507215024,0.5752015309901458,0.0987897309502311,0.0863202699279176,0.10858449565522331,0.8374896345968698,0.8266738970053307,0.8218545272553552,0.505325032393058,0.06535374278172044,0.7985250241373116,49.99,49.99
48,8,G2,0.5752015309901458,0.588646271647341,0.5129215162025865,0.10858449565522331,0.0987897309502311,0.12625973546371427,0.8218545272553552,0.8374896345968698,0.7706120924562178,0.505325032393058,0.06535374278172044,0.7985250241373116,49.99,49.99
48,9,G2,0.5129215162025865,0.5752015309901458,0.4791419532653819,0.12625973546371427,0.10858449565522331,0.14489391871103074,0.7706120924562178,0.8218545272553552,0.7358991888178039,0.505325032393058,0.06535374278172044,0.7985250241373116,49.99,49.99
48,10,G2,0.4791419532653819,0.5129215162025865,0.4852961839400687,0.14489391871103074,0.12625973546371427,0.1638062892386789,0.7358991888178039,0.7706120924562178,0.7251617683304303,0.505325032393058,0.06535374278172044,0.7985250241373116,49.99,49.99
48,11,G2,0.4852961839400687,0.4791419532653819,0.5344268696216382,0.1638062892386789,0.14489391871103074,0.18354036746946692,0.7251617683304303,0.7358991888178039,0.7398270874567777,0.505325032393058,0.06535374278172044,0.7985250241373116,49.99,49.99
48,12,G2,0.5344268696216382,0.4852961839400687,0.5971128993650919,0.18354036746946692,0.1638062892386789,0.19489588920146114,0.7398270874567777,0.7251617683304303,0.7691113230771869,0.505325032393058,0.06535374278172044,0.7985250241373116,49.99,49.99
48,13,G2,0.5971128993650919,0.5344268696216382,0.6354311057702152,0.19489588920146114,0.18354036746946692,0.19677485494691666,0.7691113230771869,0.7398270874567777,0.790883878132113,0.505325032393058,0.06535374278172044,0.7985250241373116,49.99,49.99
48,14,G2,0.6354311057702152,0.5971128993650919,0.6267132431618796,0.19677485494691666,0.19489588920146114,0.19039152512361496,0.790883878132113,0.7691113230771869,0.7904856695632778,0.505325032393058,0.06535374278172044,0.7985250241373116,49.99,49.99
48,15,G2,0.6267132431618796,0.6354311057702152,0.5883447548637427,0.19039152512361496,0.19677485494691666,0.18121270720049124,0.7904856695632778,0.790883878132113,0.7742659372026328,0.505325032393058,0.06535374278172044,0.7985250241373116,49.99,49.99
48,16,G2,0.5883447548637427,0.6267132431618796,0.511852187309864,0.18121270720049124,0.19039152512361496,0.167991027250083,0.7742659372026328,0.7904856695632778,0.7380462865307857,0.505325032393058,0.06535374278172044,0.7985250241373116,49.99,49.99
48,17,G2,0.511852187309864,0.5883447548637427,0.43596261548380577,0.167991027250083,0.18121270720049124,0.15354735100471512,0.7380462865307857,0.7742659372026328,0.7031265174188496,0.505325032393058,0.06535374278172044,0.7985250241373116,49.99,49.99
48,18,G2,0.43596261548380577,0.511852187309864,0.39930372846833584,0.15354735100471512,0.167991027250083,0.13220399313304207,0.7031265174188496,0.7380462865307857,0.6972463323971154,0.505325032393058,0.06535374278172044,0.7985250241373116,49.99,49.99
48,19,G2,0.39930372846833584,0.43596261548380577,0.3563112284491601,0.13220399313304207,0.15354735100471512,0.1175386883382996,0.6972463323971154,0.7031265174188496,0.6824221246568268,0.505325032393058,0.06535374278172044,0.7985250241373116,30.0,40.0
48,20,G2,0.3563112284491601,0.39930372846833584,0.3364921946341277,0.1175386883382996,0.13220399313304207,0.10241873681463202,0.6824221246568268,0.6972463323971154,0.6819820273740523,0.505325032393058,0.06535374278172044,0.7985250241373116,30.0,40.0
48,21,G2,0.3364921946341277,0.3563112284491601,0.3164360272988079,0.10241873681463202,0.1175386883382996,0.09248068962207329,0.6819820273740523,0.6824221246568268,0.6774349259463035,0.505325032393058,0.06535374278172044,0.7985250241373116,30.0,40.0
48,22,G2,0.3164360272988079,0.3364921946341277,0.2867687508528677,0.09248068962207329,0.10241873681463202,0.08327249126320795,0.6774349259463035,0.6819820273740523,0.6665080666176324,0.505325032393058,0.06535374278172044,0.7985250241373116,30.0,40.0
48,23,G2,0.2867687508528677,0.3164360272988079,0.31033293045916127,0.08327249126320795,0.09248068962207329,0.0832210189322546,0.6665080666176324,0.6774349259463035,0.6808204684427882,0.505325032393058,0.06535374278172044,0.7985250241373116,30.0,40.0
49,0,G2,0.28732194241315046,0.25008530101836796,0.3032789726909827,0.1144251337550886,0.10110064334013981,0.10949919776623139,0.6430160967667355,0.6306527443407206,0.6564490053534155,0.4825156907938288,0.10959348767703646,0.7575525590115294,30.0,40.0
49,1,G2,0.3032789726909827,0.28732194241315046,0.28807760633817564,0.10949919776623139,0.1144251337550886,0.10258654464391988,0.6564490053534155,0.6430160967667355,0.6525285328431364,0.4825156907938288,0.10959348767703646,0.7575525590115294,30.0,40.0
49,2,G2,0.28807760633817564,0.3032789726909827,0.3342161324071592,0.10258654464391988,0.10949919776623139,0.11063508210474379,0.6525285328431364,0.6564490053534155,0.6743191392240511,0.4825156907938288,0.10959348767703646,0.7575525590115294,30.0,40.0
49,3,G2,0.3342161324071592,0.28807760633817564,0.3769122710005619,0.11063508210474379,0.10258654464391988,0.11724356726022483,0.6743191392240511,0.6525285328431364,0.6951260823049397,0.4825156907938288,0.10959348767703646,0.7575525590115294,30.0,40.0
49,4,G2,0.3769122710005619,0.3342161324071592,0.4664410999164515,0.11724356726022483,0.11063508210474379,0.13359681989290997,0.6951260823049397,0.6743191392240511,0.7368467347382346,0.4825156907938288,0.10959348767703646,0.7575525590115294,30.0,40.0
49,5,G2,0.4664410999164515,0.3769122710005619,0.4979139504786667,0.13359681989290997,0.11724356726022483,0.11879674067522306,0.7368467347382346,0.6951260823049397,0.7672299345508975,0.4825156907938288,0.10959348767703646,0.7575525590115294,49.99,49.99
49,6,G2,0.4979139504786667,0.4664410999164515,0.49202407913090057,0.11879674067522306,0.13359681989290997,0.13103181392965957,0.7672299345508975,0.7368467347382346,0.7543044131569584,0.4825156907938288,0.10959348767703646,0.7575525590115294,49.99,49.99
49,7,G2,0.49202407913090057,0.4979139504786667,0.4529875803280094,0.13103181392965957,0.11879674067522306,0.14665805112973437,0.7543044131569584,0.7672299345508975,0.718707958834207,0.4825156907938288,0.10959348767703646,0.7575525590115294,49.99,49.99
49,8,G2,0.4529875803280094,0.49202407913090057,0.4364154959989169,0.14665805112973437,0.13103181392965957,0.16867795581576564,0.718707958834207,0.7543044131569584,0.6918282151444659,0.4825156907938288,0.10959348767703646,0.7575525590115294,49.99,49.99
49,9,G2,0.4364154959989169,0.4529875803280094,0.5155829326604793,0.16867795581576564,0.14665805112973437,0.1876570043547886,0.6918282151444659,0.718707958834207,0.7252645447711481,0.4825156907938288,0.10959348767703646,0.7575525590115294,30.0,40.0
49,10,G2,0.5155829326604793,0.4364154959989169,0.47135340056086217,0.1876570043547886,0.16867795581576564,0.1923081563016141,0.7252645447711481,0.6918282151444659,0.6949168982935539,0.4825156907938288,0.10959348767703646,0.7575525590115294,49.99,49.99
49,11,G2,0.47135340056086217,0.5155829326604793,0.5005869247943069,0.1923081563016141,0.1876570043547886,0.22100910496201326,0.6949168982935539,0.7252645447711481,0.6906720348359044,0.4825156907938288,0.10959348767703646,0.7575525590115294,30.0,40.0
49,12,G2,0.5005869247943069,0.47135340056086217,0.6035919788012131,0.22100910496201326,0.1923081563016141,0.2396780671005345,0.6906720348359044,0.6949168982935539,0.7387841904684725,0.4825156907938288,0.10959348767703646,0.7575525590115294,30.0,40.0
49,13,G2,0.6035919788012131,0.5005869247943069,0.6537183203120668,0.2396780671005345,0.22100910496201326,0.24907757016912607,0.7387841904684725,0.6906720348359044,0.7619569685241488,0.4825156907938288,0.10959348767703646,0.7575525590115294,49.99,49.99
49,14,G2,0.6537183203120668,0.6035919788012131,0.6781119357980173,0.24907757016912607,0.2396780671005345,0.2263772841346333,0.7619569685241488,0.7387841904684725,0.794094671703647,0.4825156907938288,0.10959348767703646,0.7575525590115294,49.99,49.99
49,15,G2,0.6781119357980173,0.6537183203120668,0.6343686668174775,0.2263772841346333,0.24907757016912607,0.2225753918505955,0.794094671703647,0.7619569685241488,0.7705068548890504,0.4825156907938288,0.10959348767703646,0.7575525590115294,49.99,49.99
49,16,G2,0.6343686668174775,0.6781119357980173,0.5736317666314565,0.2225753918505955,0.2263772841346333,0.1976276826399274,0.7705068548890504,0.794094671703647,0.7527991846758143,0.4825156907938288,0.10959348767703646,0.7575525590115294,49.99,49.99
49,17,G2,0.5736317666314565,0.6343686668174775,0.49717853495833253,0.1976276826399274,0.2225753918505955,0.17694858179464432,0.7527991846758143,0.7705068548890504,0.722307155132992,0.4825156907938288,0.10959348767703646,0.7575525590115294,49.99,49.99
49,18,G2,0.49717853495833253,0.5736317666314565,0.40337859426243355,0.17694858179464432,0.1976276826399274,0.14531416998151725,0.722307155132992,0.7527991846758143,0.6896872195555045,0.4825156907938288,0.10959348767703646,0.7575525590115294,49.99,49.99
49,19,G2,0.40337859426243355,0.49717853495833253,0.3685526011263123,0.14531416998151725,0.17694858179464432,0.12892461721707046,0.6896872195555045,0.722307155132992,0.6811283256911566,0.4825156907938288,0.10959348767703646,0.7575525590115294,30.0,40.0
49,20,G2,0.3685526011263123,0.40337859426243355,0.31780868761090864,0.12892461721707046,0.14531416998151725,0.11581326844743535,0.6811283256911566,0.6896872195555045,0.6604204773228975,0.4825156907938288,0.10959348767703646,0.7575525590115294,30.0,40.0
49,21,G2,0.31780868761090864,0.3685526011263123,0.3256774091614959,0.11581326844743535,0.12892461721707046,0.11661274641064043,0.6604204773228975,0.6811283256911566,0.6645751527059024,0.4825156907938288,0.10959348767703646,0.7575525590115294,30.0,40.0
49,22,G2,0.3256774091614959,0.31780868761090864,0.25008530101836796,0.11661274641064043,0.11581326844743535,0.10110064334013981,0.6645751527059024,0.6604204773228975,0.6306527443407206,0.4825156907938288,0.10959348767703646,0.7575525590115294,30.0,40.0
49,23,G2,0.25008530101836796,0.3256774091614959,0.28732194241315046,0.10110064334013981,0.11661274641064043,0.1144251337550886,0.6306527443407206,0.6645751527059024,0.6430160967667355,0.4825156907938288,0.10959348767703646,0.7575525590115294,30.0,40.0
