{
  "per_generator": true,
  "stats": {
    "G2": {
      "feature_min": {
        "demand": 88.54878474153927,
        "total_wind_generation_capacity": 64.53126171269652,
        "total_generation_capacity": 164.53126171269653,
        "residual_demand": -41.29408182694736,
        "next_generation_capacity": 164.53126171269653,
        "next_demand": 88.54878474153927,
        "own_generation_capacity": 50.0,
        "next_own_generation_capacity": 50.0
      },
      "feature_max": {
        "demand": 156.42651758690673,
        "total_wind_generation_capacity": 142.06552288130337,
        "total_generation_capacity": 242.06552288130337,
        "residual_demand": 49.99129699058797,
        "next_generation_capacity": 242.06552288130337,
        "next_demand": 156.42651758690673,
        "own_generation_capacity": 50.0,
        "next_own_generation_capacity": 50.0
      }
    },
    "G1": {
      "feature_min": {
        "demand": 88.54878474153927,
        "total_wind_generation_capacity": 64.53126171269652,
        "total_generation_capacity": 164.53126171269653,
        "residual_demand": -41.29408182694736,
        "next_generation_capacity": 164.53126171269653,
        "next_demand": 88.54878474153927,
        "own_generation_capacity": 50.0,
        "next_own_generation_capacity": 50.0
      },
      "feature_max": {
        "demand": 156.42651758690673,
        "total_wind_generation_capacity": 142.06552288130337,
        "total_generation_capacity": 242.06552288130337,
        "residual_demand": 49.99129699058797,
        "next_generation_capacity": 242.06552288130337,
        "next_demand": 156.42651758690673,
        "own_generation_capacity": 50.0,
        "next_own_generation_capacity": 50.0
      }
    },
    "W3": {
      "feature_min": {
        "demand": 88.54878474153927,
        "total_wind_generation_capacity": 64.53126171269652,
        "total_generation_capacity": 164.53126171269653,
        "residual_demand": -41.29408182694736,
        "next_generation_capacity": 164.53126171269653,
        "next_demand": 88.54878474153927,
        "own_generation_capacity": 15.373541598977392,
        "next_own_generation_capacity": 15.373541598977392
      },
      "feature_max": {
        "demand": 156.42651758690673,
        "total_wind_generation_capacity": 142.06552288130337,
        "total_generation_capacity": 242.06552288130337,
        "residual_demand": 49.99129699058797,
        "next_generation_capacity": 242.06552288130337,
        "next_demand": 156.42651758690673,
        "own_generation_capacity": 50.0,
        "next_own_generation_capacity": 50.0
      }
    },
    "W2": {
      "feature_min": {
        "demand": 88.54878474153927,
        "total_wind_generation_capacity": 64.53126171269652,
        "total_generation_capacity": 164.53126171269653,
        "residual_demand": -41.29408182694736,
        "next_generation_capacity": 164.53126171269653,
        "next_demand": 88.54878474153927,
        "own_generation_capacity": 14.64368519395447,
        "next_own_generation_capacity": 14.64368519395447
      },
      "feature_max": {
        "demand": 156.42651758690673,
        "total_wind_generation_capacity": 142.06552288130337,
        "total_generation_capacity": 242.06552288130337,
        "residual_demand": 49.99129699058797,
        "next_generation_capacity": 242.06552288130337,
        "next_demand": 156.42651758690673,
        "own_generation_capacity": 50.0,
        "next_own_generation_capacity": 50.0
      }
    },
    "W1": {
      "feature_min": {
        "demand": 88.54878474153927,
        "total_wind_generation_capacity": 64.53126171269652,
        "total_generation_capacity": 164.53126171269653,
        "residual_demand": -41.29408182694736,
        "next_generation_capacity": 164.53126171269653,
        "next_demand": 88.54878474153927,
        "own_generation_capacity": 17.48468815387558,
        "next_own_generation_capacity": 17.48468815387558
      },
      "feature_max": {
        "demand": 156.42651758690673,
        "total_wind_generation_capacity": 142.06552288130337,
        "total_generation_capacity": 242.06552288130337,
        "residual_demand": 49.99129699058797,
        "next_generation_capacity": 242.06552288130337,
        "next_demand": 156.42651758690673,
        "own_generation_capacity": 50.0,
        "next_own_generation_capacity": 50.0
      }
    }
  }
}