{
  "feature_names": [
    "demand",
    "player_cost",
    "wind_forecast",
    "total_capacity"
  ],
  "min": [
    92.152740384838,
    10.0,
    69.27031284582642,
    169.27031284582642
  ],
  "max": [
    149.7914337129259,
    50.0,
    150.0,
    250.0
  ],
  "private_feature_names": [
    "player_cost"
  ],
  "player_private_min_max": {
    "0": {
      "min": [
        50.0
      ],
      "max": [
        50.0
      ]
    },
    "1": {
      "min": [
        40.0
      ],
      "max": [
        40.0
      ]
    },
    "2": {
      "min": [
        30.0
      ],
      "max": [
        30.0
      ]
    },
    "3": {
      "min": [
        20.0
      ],
      "max": [
        20.0
      ]
    },
    "4": {
      "min": [
        10.0
      ],
      "max": [
        10.0
      ]
    }
  }
}