{
  "feature_names": [
    "demand",
    "player_cost",
    "wind_forecast",
    "total_capacity"
  ],
  "min": [
    94.74384126958944,
    10.0,
    75.15050602150411,
    175.1505060215041
  ],
  "max": [
    149.5163064823518,
    50.0,
    148.3387821200772,
    248.3387821200772
  ],
  "private_feature_names": [
    "player_cost"
  ],
  "player_private_min_max": {
    "0": {
      "min": [
        50.0
      ],
      "max": [
        50.0
      ]
    },
    "1": {
      "min": [
        40.0
      ],
      "max": [
        40.0
      ]
    },
    "2": {
      "min": [
        30.0
      ],
      "max": [
        30.0
      ]
    },
    "3": {
      "min": [
        20.0
      ],
      "max": [
        20.0
      ]
    },
    "4": {
      "min": [
        10.0
      ],
      "max": [
        10.0
      ]
    }
  }
}