{
  "feature_names": [
    "demand",
    "player_cost",
    "wind_forecast",
    "total_capacity"
  ],
  "min": [
    92.79759080763196,
    10.0,
    70.24552066103351,
    170.2455206610335
  ],
  "max": [
    149.44712727527096,
    50.0,
    145.69418828275877,
    245.69418828275877
  ],
  "private_feature_names": [
    "player_cost"
  ],
  "player_private_min_max": {
    "0": {
      "min": [
        50.0
      ],
      "max": [
        50.0
      ]
    },
    "1": {
      "min": [
        40.0
      ],
      "max": [
        40.0
      ]
    },
    "2": {
      "min": [
        30.0
      ],
      "max": [
        30.0
      ]
    },
    "3": {
      "min": [
        20.0
      ],
      "max": [
        20.0
      ]
    },
    "4": {
      "min": [
        10.0
      ],
      "max": [
        10.0
      ]
    }
  }
}