{
  "feature_names": [
    "demand",
    "demand_sq",
    "player_cost",
    "wind_forecast",
    "player_capacity",
    "total_capacity"
  ],
  "min": [
    117.05962456978011,
    13702.955704417867,
    10.0,
    96.43104937754646,
    32.088288998746705,
    196.43104937754646
  ],
  "max": [
    157.61898735437853,
    24843.74517461974,
    50.0,
    150.0,
    50.0,
    250.0
  ],
  "private_feature_names": [
    "player_cost",
    "player_capacity"
  ],
  "player_private_min_max": {
    "0": {
      "min": [
        50.0,
        50.0
      ],
      "max": [
        50.0,
        50.0
      ]
    },
    "1": {
      "min": [
        40.0,
        50.0
      ],
      "max": [
        40.0,
        50.0
      ]
    },
    "2": {
      "min": [
        30.0,
        32.13496906799191
      ],
      "max": [
        30.0,
        50.0
      ]
    },
    "3": {
      "min": [
        20.0,
        32.143273410880354
      ],
      "max": [
        20.0,
        50.0
      ]
    },
    "4": {
      "min": [
        10.0,
        32.088288998746705
      ],
      "max": [
        10.0,
        50.0
      ]
    }
  }
}