{
  "feature_names": [
    "demand",
    "demand_sq",
    "player_cost",
    "wind_forecast",
    "total_capacity"
  ],
  "min": [
    118.98538621956658,
    14157.522133819424,
    10.0,
    91.23082544795972,
    191.23082544795972
  ],
  "max": [
    155.44750094084804,
    24163.925548754953,
    50.0,
    150.0,
    250.0
  ],
  "private_feature_names": [
    "player_cost"
  ],
  "player_private_min_max": {
    "0": {
      "min": [
        50.0
      ],
      "max": [
        50.0
      ]
    },
    "1": {
      "min": [
        40.0
      ],
      "max": [
        40.0
      ]
    },
    "2": {
      "min": [
        30.0
      ],
      "max": [
        30.0
      ]
    },
    "3": {
      "min": [
        20.0
      ],
      "max": [
        20.0
      ]
    },
    "4": {
      "min": [
        10.0
      ],
      "max": [
        10.0
      ]
    }
  }
}