{
  "metadata": {
    "description": "Exact alpha bounds from support-set optimization with embedded ReLU policy constraints.",
    "reference_case": "test_case_bidding_blocks",
    "num_time_steps": 4,
    "nn_policy_generators": [
      "G1",
      "W3"
    ],
    "num_optimization_programs": 80
  },
  "alpha_bounds": {
    "0,0,0": {
      "lower": 30.0,
      "upper": 30.0
    },
    "0,0,1": {
      "lower": 30.0,
      "upper": 30.0
    },
    "0,0,2": {
      "lower": 30.0,
      "upper": 30.0
    },
    "0,0,3": {
      "lower": 30.0,
      "upper": 30.0
    },
    "0,1,0": {
      "lower": 40.0,
      "upper": 40.0
    },
    "0,1,1": {
      "lower": 40.0,
      "upper": 40.0
    },
    "0,1,2": {
      "lower": 40.0,
      "upper": 40.0
    },
    "0,1,3": {
      "lower": 40.0,
      "upper": 40.0
    },
    "1,0,0": {
      "lower": 5.007911842765523,
      "upper": 29.487521943995127
    },
    "1,0,1": {
      "lower": 7.147586349898312,
      "upper": 29.427769462210023
    },
    "1,0,2": {
      "lower": 7.147586349898301,
      "upper": 29.427769462210023
    },
    "1,0,3": {
      "lower": 6.076721247391422,
      "upper": 29.4322339799557
    },
    "1,1,0": {
      "lower": 17.484958113123007,
      "upper": 30.46067313979654
    },
    "1,1,1": {
      "lower": 18.613118964002126,
      "upper": 30.404937983631914
    },
    "1,1,2": {
      "lower": 18.61311896400211,
      "upper": 30.404937983631907
    },
    "1,1,3": {
      "lower": 18.14000549334628,
      "upper": 30.481785607212935
    },
    "2,0,0": {
      "lower": 1.3878443209744862,
      "upper": 9.409656548001411
    },
    "2,0,1": {
      "lower": 1.557844824418124,
      "upper": 9.224208299911902
    },
    "2,0,2": {
      "lower": 1.5578448244181238,
      "upper": 9.224208299911902
    },
    "2,0,3": {
      "lower": 1.4322863197060571,
      "upper": 9.304566469908185
    },
    "2,1,0": {
      "lower": 1.44323726209233,
      "upper": 9.396491682574903
    },
    "2,1,1": {
      "lower": 1.6073599601609345,
      "upper": 9.212425652192643
    },
    "2,1,2": {
      "lower": 1.607359960160934,
      "upper": 9.212425652192643
    },
    "2,1,3": {
      "lower": 1.4851138002453235,
      "upper": 9.292184881586167
    },
    "3,0,0": {
      "lower": 5.0,
      "upper": 5.0
    },
    "3,0,1": {
      "lower": 5.0,
      "upper": 5.0
    },
    "3,0,2": {
      "lower": 5.0,
      "upper": 5.0
    },
    "3,0,3": {
      "lower": 5.0,
      "upper": 5.0
    },
    "3,1,0": {
      "lower": 5.01,
      "upper": 5.01
    },
    "3,1,1": {
      "lower": 5.01,
      "upper": 5.01
    },
    "3,1,2": {
      "lower": 5.01,
      "upper": 5.01
    },
    "3,1,3": {
      "lower": 5.01,
      "upper": 5.01
    },
    "4,0,0": {
      "lower": 4.5,
      "upper": 4.5
    },
    "4,0,1": {
      "lower": 4.5,
      "upper": 4.5
    },
    "4,0,2": {
      "lower": 4.5,
      "upper": 4.5
    },
    "4,0,3": {
      "lower": 4.5,
      "upper": 4.5
    },
    "4,1,0": {
      "lower": 4.51,
      "upper": 4.51
    },
    "4,1,1": {
      "lower": 4.51,
      "upper": 4.51
    },
    "4,1,2": {
      "lower": 4.51,
      "upper": 4.51
    },
    "4,1,3": {
      "lower": 4.51,
      "upper": 4.51
    }
  },
  "alpha_optimization_results": {
    "0,0,0:lower": {
      "value": 30.0,
      "termination_condition": "optimal"
    },
    "0,0,0:upper": {
      "value": 30.0,
      "termination_condition": "optimal"
    },
    "0,0,1:lower": {
      "value": 30.0,
      "termination_condition": "optimal"
    },
    "0,0,1:upper": {
      "value": 30.0,
      "termination_condition": "optimal"
    },
    "0,0,2:lower": {
      "value": 30.0,
      "termination_condition": "optimal"
    },
    "0,0,2:upper": {
      "value": 30.0,
      "termination_condition": "optimal"
    },
    "0,0,3:lower": {
      "value": 30.0,
      "termination_condition": "optimal"
    },
    "0,0,3:upper": {
      "value": 30.0,
      "termination_condition": "optimal"
    },
    "0,1,0:lower": {
      "value": 40.0,
      "termination_condition": "optimal"
    },
    "0,1,0:upper": {
      "value": 40.0,
      "termination_condition": "optimal"
    },
    "0,1,1:lower": {
      "value": 40.0,
      "termination_condition": "optimal"
    },
    "0,1,1:upper": {
      "value": 40.0,
      "termination_condition": "optimal"
    },
    "0,1,2:lower": {
      "value": 40.0,
      "termination_condition": "optimal"
    },
    "0,1,2:upper": {
      "value": 40.0,
      "termination_condition": "optimal"
    },
    "0,1,3:lower": {
      "value": 40.0,
      "termination_condition": "optimal"
    },
    "0,1,3:upper": {
      "value": 40.0,
      "termination_condition": "optimal"
    },
    "1,0,0:lower": {
      "value": 5.007911842765523,
      "termination_condition": "optimal"
    },
    "1,0,0:upper": {
      "value": 29.487521943995127,
      "termination_condition": "optimal"
    },
    "1,0,1:lower": {
      "value": 7.147586349898312,
      "termination_condition": "optimal"
    },
    "1,0,1:upper": {
      "value": 29.427769462210023,
      "termination_condition": "optimal"
    },
    "1,0,2:lower": {
      "value": 7.147586349898301,
      "termination_condition": "optimal"
    },
    "1,0,2:upper": {
      "value": 29.427769462210023,
      "termination_condition": "optimal"
    },
    "1,0,3:lower": {
      "value": 6.076721247391422,
      "termination_condition": "optimal"
    },
    "1,0,3:upper": {
      "value": 29.4322339799557,
      "termination_condition": "optimal"
    },
    "1,1,0:lower": {
      "value": 17.484958113123007,
      "termination_condition": "optimal"
    },
    "1,1,0:upper": {
      "value": 30.46067313979654,
      "termination_condition": "optimal"
    },
    "1,1,1:lower": {
      "value": 18.613118964002126,
      "termination_condition": "optimal"
    },
    "1,1,1:upper": {
      "value": 30.404937983631914,
      "termination_condition": "optimal"
    },
    "1,1,2:lower": {
      "value": 18.61311896400211,
      "termination_condition": "optimal"
    },
    "1,1,2:upper": {
      "value": 30.404937983631907,
      "termination_condition": "optimal"
    },
    "1,1,3:lower": {
      "value": 18.14000549334628,
      "termination_condition": "optimal"
    },
    "1,1,3:upper": {
      "value": 30.481785607212935,
      "termination_condition": "optimal"
    },
    "2,0,0:lower": {
      "value": 1.3878443209744862,
      "termination_condition": "optimal"
    },
    "2,0,0:upper": {
      "value": 9.409656548001411,
      "termination_condition": "optimal"
    },
    "2,0,1:lower": {
      "value": 1.557844824418124,
      "termination_condition": "optimal"
    },
    "2,0,1:upper": {
      "value": 9.224208299911902,
      "termination_condition": "optimal"
    },
    "2,0,2:lower": {
      "value": 1.5578448244181238,
      "termination_condition": "optimal"
    },
    "2,0,2:upper": {
      "value": 9.224208299911902,
      "termination_condition": "optimal"
    },
    "2,0,3:lower": {
      "value": 1.4322863197060571,
      "termination_condition": "optimal"
    },
    "2,0,3:upper": {
      "value": 9.304566469908185,
      "termination_condition": "optimal"
    },
    "2,1,0:lower": {
      "value": 1.44323726209233,
      "termination_condition": "optimal"
    },
    "2,1,0:upper": {
      "value": 9.396491682574903,
      "termination_condition": "optimal"
    },
    "2,1,1:lower": {
      "value": 1.6073599601609345,
      "termination_condition": "optimal"
    },
    "2,1,1:upper": {
      "value": 9.212425652192643,
      "termination_condition": "optimal"
    },
    "2,1,2:lower": {
      "value": 1.607359960160934,
      "termination_condition": "optimal"
    },
    "2,1,2:upper": {
      "value": 9.212425652192643,
      "termination_condition": "optimal"
    },
    "2,1,3:lower": {
      "value": 1.4851138002453235,
      "termination_condition": "optimal"
    },
    "2,1,3:upper": {
      "value": 9.292184881586167,