{
  "reference_case": "test_case_bidding_blocks",
  "num_time_steps": 4,
  "objective": {
    "PoA_difference": 1528.0698653407171,
    "C_eq": 6242.5455468078835,
    "C_opt": 4714.475681467166,
    "PoA_ratio": 1.324122971160427
  },
  "demand_profile": [
    138.86644548129036,
    142.34777733354554,
    141.68695870845042,
    153.88149084252638
  ],
  "block_names": [
    "G2_B1",
    "G2_B2",
    "G1_B1",
    "G1_B2",
    "W3_B1",
    "W3_B2",
    "W2_B1",
    "W2_B2",
    "W1_B1",
    "W1_B2"
  ],
  "physical_generator_names": [
    "G2",
    "G1",
    "W3",
    "W2",
    "W1"
  ],
  "block_to_physical": {
    "G2_B1": "G2",
    "G2_B2": "G2",
    "G1_B1": "G1",
    "G1_B2": "G1",
    "W3_B1": "W3",
    "W3_B2": "W3",
    "W2_B1": "W2",
    "W2_B2": "W2",
    "W1_B1": "W1",
    "W1_B2": "W1"
  },
  "physical_to_block_indices": {
    "0": [
      0,
      1
    ],
    "1": [
      2,
      3
    ],
    "2": [
      4,
      5
    ],
    "3": [
      6,
      7
    ],
    "4": [
      8,
      9
    ]
  },
  "generators": {
    "G2": {
      "physical_generator_index": 0,
      "is_wind": false,
      "physical_capacity_profile": [
        50.0,
        50.0,
        50.0,
        50.0
      ],
      "equilibrium_physical_dispatch": [
        15.0,
        25.0,
        15.0,
        25.0
      ],
      "optimal_physical_dispatch": [
        15.0,
        10.0,
        0.0,
        2.1945321340759563
      ],
      "blocks": [
        {
          "local_block_index": 0,
          "global_block_index": 0,
          "block_name": "G2_B1",
          "capacity_profile": [
            25.0,
            25.0,
            25.0,
            25.0
          ],
          "alpha_profile": [
            30.0,
            30.0,
            30.0,
            30.0
          ],
          "equilibrium_dispatch": [
            15.0,
            25.0,
            15.0,
            25.0
          ],
          "optimal_dispatch": [
            15.0,
            10.0,
            0.0,
            2.1945321340759563
          ],
          "true_cost": 30.0
        },
        {
          "local_block_index": 1,
          "global_block_index": 1,
          "block_name": "G2_B2",
          "capacity_profile": [
            25.0,
            25.0,
            25.0,
            25.0
          ],
          "alpha_profile": [
            40.0,
            40.0,
            40.0,
            40.0
          ],
          "equilibrium_dispatch": [
            0.0,
            0.0,
            0.0,
            0.0
          ],
          "optimal_dispatch": [
            0.0,
            0.0,
            0.0,
            0.0
          ],
          "true_cost": 40.0
        }
      ]
    },
    "G1": {
      "physical_generator_index": 1,
      "is_wind": false,
      "physical_capacity_profile": [
        50.0,
        50.0,
        50.0,
        50.0
      ],
      "equilibrium_physical_dispatch": [
        25.0,
        20.000000000000007,
        21.68695870845042,
        23.881490842526375
      ],
      "optimal_physical_dispatch": [
        25.0,
        35.0,
        36.68695870845042,
        46.68695870845042
      ],
      "blocks": [
        {
          "local_block_index": 0,
          "global_block_index": 2,
          "block_name": "G1_B1",
          "capacity_profile": [
            25.0,
            25.0,
            25.0,
            25.0
          ],
          "alpha_profile": [
            29.671052651319563,
            30.0,
            29.76731609679187,
            30.336311136856647
          ],
          "equilibrium_dispatch": [
            0.0,
            0.0,
            0.0,
            0.0
          ],
          "optimal_dispatch": [
            25.0,
            25.0,
            25.0,
            25.0
          ],
          "true_cost": 10.0
        },
        {
          "local_block_index": 1,
          "global_block_index": 3,
          "block_name": "G1_B2",
          "capacity_profile": [
            25.0,
            25.0,
            25.0,
            25.0
          ],
          "alpha_profile": [
            29.671052651319563,
            30.0,
            29.749933505846897,
            30.250066494153103
          ],
          "equilibrium_dispatch": [
            25.0,
            20.000000000000007,
            21.68695870845042,
            23.881490842526375
          ],
          "optimal_dispatch": [
            0.0,
            10.0,
            11.686958708450419,
            21.68695870845042
          ],
          "true_cost": 20.0
        }
      ]
    },
    "W3": {
      "physical_generator_index": 2,
      "is_wind": true,
      "physical_capacity_profile": [
        36.51866814774485,
        25.0,
        35.0,
        35.0
      ],
      "equilibrium_physical_dispatch": [
        35.0,
        25.0,
        35.0,
        35.0
      ],
      "optimal_physical_dispatch": [
        35.0,
        25.0,
        35.0,
        35.0
      ],
      "blocks": [
        {
          "local_block_index": 0,
          "global_block_index": 4,
          "block_name": "W3_B1",
          "capacity_profile": [
            18.259334073872424,
            12.5,
            17.5,
            17.5
          ],
          "alpha_profile": [
            4.091496581045762,
            3.7806391360125935,
            4.487044500743886,
            4.344649969874342
          ],
          "equilibrium_dispatch": [
            16.740665926127576,
            12.5,
            17.5,
            17.5
          ],
          "optimal_dispatch": [
            18.259334073872424,
            12.5,
            17.5,
            17.5
          ],
          "true_cost": 5.5
        },
        {
          "local_block_index": 1,
          "global_block_index": 5,
          "block_name": "W3_B2",
          "capacity_profile": [
            18.259334073872424,
            12.5,
            17.5,
            17.5
          ],
          "alpha_profile": [
            4.088762111125654,
            3.7938833022075564,
            4.5242033271971085,
            4.359612344206538
          ],
          "equilibrium_dispatch": [
            18.259334073872424,
            12.5,
            17.5,
            17.5
          ],
          "optimal_dispatch": [
            16.740665926127576,
            12.5,
            17.5,
            17.5
          ],
          "true_cost": 5.51
        }
      ]
    },
    "W2": {
      "physical_generator_index": 3,
      "is_wind": true,
      "physical_capacity_profile": [
        35.0,
        37.34777733354552,
        35.0,
        35.0
      ],
      "equilibrium_physical_dispatch": [
        35.0,
        37.34777733354552,
        35.0,
        35.0
      ],
      "optimal_physical_dispatch": [
        35.0,
        37.34777733354552,
        35.0,
        35.0
      ],
      "blocks": [
        {
          "local_block_index": 0,
          "global_block_index": 6,
          "block_name": "W2_B1",
          "capacity_profile": [
            17.5,
            18.67388866677276,
            17.5,
            17.5
          ],
          "alpha_profile": [
            5.0,
            5.0,
            5.0,
            5.0
          ],
          "equilibrium_dispatch": [
            17.5,
            18.67388866677276,
            17.5,
            17.5
          ],
          "optimal_dispatch": [
            17.5,
            18.67388866677276,
            17.5,
            17.5
          ],
          "true_cost": 5.0
        },
        {
          "local_block_index": 1,
          "global_block_index": 7,
          "block_name": "W2_B2",
          "capacity_profile": [
            17.5,
            18.67388866677276,
            17.5,
            17.5
          ],
          "alpha_profile": [
            5.01,
            5.01,
            5.01,
            5.01
          ],
          "equilibrium_dispatch": [
            17.5,
            18.67388866677276,
            17.5,
            17.5
          ],