{
  "metadata": {
    "description": "Exact alpha bounds from support-set optimization with embedded ReLU policy constraints.",
    "reference_case": "test_case_bidding_blocks",
    "num_time_steps": 6,
    "nn_policy_generators": [
      "G1",
      "W3"
    ],
    "num_optimization_programs": 84
  },
  "alpha_bounds": {
    "0,0,0": {
      "lower": 30.0,
      "upper": 30.0
    },
    "0,0,1": {
      "lower": 30.0,
      "upper": 30.0
    },
    "0,0,2": {
      "lower": 30.0,
      "upper": 30.0
    },
    "0,0,3": {
      "lower": 30.0,
      "upper": 30.0
    },
    "0,0,4": {
      "lower": 30.0,
      "upper": 30.0
    },
    "0,0,5": {
      "lower": 30.0,
      "upper": 30.0
    },
    "0,1,0": {
      "lower": 40.0,
      "upper": 40.0
    },
    "0,1,1": {
      "lower": 40.0,
      "upper": 40.0
    },
    "0,1,2": {
      "lower": 40.0,
      "upper": 40.0
    },
    "0,1,3": {
      "lower": 40.0,
      "upper": 40.0
    },
    "0,1,4": {
      "lower": 40.0,
      "upper": 40.0
    },
    "0,1,5": {
      "lower": 40.0,
      "upper": 40.0
    },
    "1,0,0": {
      "lower": -13.172336616179848,
      "upper": 30.081328007823288
    },
    "1,0,1": {
      "lower": -13.908529911864647,
      "upper": 30.077589182167138
    },
    "1,0,2": {
      "lower": -12.328159541802748,
      "upper": 30.078646996908482
    },
    "1,0,3": {
      "lower": -12.477482524502335,
      "upper": 30.073635261059373
    },
    "1,0,4": {
      "lower": -10.376315114417796,
      "upper": 30.073943691621285
    },
    "1,0,5": {
      "lower": -8.004671095244241,
      "upper": 30.089153389405233
    },
    "1,1,0": {
      "lower": 8.451123223184027,
      "upper": 30.122738690429195
    },
    "1,1,1": {
      "lower": 8.085265687888748,
      "upper": 30.117007331984126
    },
    "1,1,2": {
      "lower": 8.87471904813463,
      "upper": 30.11928014296925
    },
    "1,1,3": {
      "lower": 8.802733273329705,
      "upper": 30.11231508586631
    },
    "1,1,4": {
      "lower": 9.8556699917801,
      "upper": 30.110125662975058
    },
    "1,1,5": {
      "lower": 11.034195548657665,
      "upper": 30.131413651800464
    },
    "2,0,0": {
      "lower": 5.466455608397731,
      "upper": 10.0644457789698
    },
    "2,0,1": {
      "lower": 5.4655656018358165,
      "upper": 10.047032057300662
    },
    "2,0,2": {
      "lower": 5.461371844907886,
      "upper": 10.071644047049336
    },
    "2,0,3": {
      "lower": 5.460312959284979,
      "upper": 10.059319373021404
    },
    "2,0,4": {
      "lower": 5.457822009492699,
      "upper": 10.070474519060593
    },
    "2,0,5": {
      "lower": 5.45718835729725,
      "upper": 10.01883838704632
    },
    "3,0,0": {
      "lower": 5.0,
      "upper": 5.0
    },
    "3,0,1": {
      "lower": 5.0,
      "upper": 5.0
    },
    "3,0,2": {
      "lower": 5.0,
      "upper": 5.0
    },
    "3,0,3": {
      "lower": 5.0,
      "upper": 5.0
    },
    "3,0,4": {
      "lower": 5.0,
      "upper": 5.0
    },
    "3,0,5": {
      "lower": 5.0,
      "upper": 5.0
    },
    "4,0,0": {
      "lower": 4.5,
      "upper": 4.5
    },
    "4,0,1": {
      "lower": 4.5,
      "upper": 4.5
    },
    "4,0,2": {
      "lower": 4.5,
      "upper": 4.5
    },
    "4,0,3": {
      "lower": 4.5,
      "upper": 4.5
    },
    "4,0,4": {
      "lower": 4.5,
      "upper": 4.5
    },
    "4,0,5": {
      "lower": 4.5,
      "upper": 4.5
    }
  },
  "alpha_optimization_results": {
    "0,0,0:lower": {
      "value": 30.0,
      "termination_condition": "optimal"
    },
    "0,0,0:upper": {
      "value": 30.0,
      "termination_condition": "optimal"
    },
    "0,0,1:lower": {
      "value": 30.0,
      "termination_condition": "optimal"
    },
    "0,0,1:upper": {
      "value": 30.0,
      "termination_condition": "optimal"
    },
    "0,0,2:lower": {
      "value": 30.0,
      "termination_condition": "optimal"
    },
    "0,0,2:upper": {
      "value": 30.0,
      "termination_condition": "optimal"
    },
    "0,0,3:lower": {
      "value": 30.0,
      "termination_condition": "optimal"
    },
    "0,0,3:upper": {
      "value": 30.0,
      "termination_condition": "optimal"
    },
    "0,0,4:lower": {
      "value": 30.0,
      "termination_condition": "optimal"
    },
    "0,0,4:upper": {
      "value": 30.0,
      "termination_condition": "optimal"
    },
    "0,0,5:lower": {
      "value": 30.0,
      "termination_condition": "optimal"
    },
    "0,0,5:upper": {
      "value": 30.0,
      "termination_condition": "optimal"
    },
    "0,1,0:lower": {
      "value": 40.0,
      "termination_condition": "optimal"
    },
    "0,1,0:upper": {
      "value": 40.0,
      "termination_condition": "optimal"
    },
    "0,1,1:lower": {
      "value": 40.0,
      "termination_condition": "optimal"
    },
    "0,1,1:upper": {
      "value": 40.0,
      "termination_condition": "optimal"
    },
    "0,1,2:lower": {
      "value": 40.0,
      "termination_condition": "optimal"
    },
    "0,1,2:upper": {
      "value": 40.0,
      "termination_condition": "optimal"
    },
    "0,1,3:lower": {
      "value": 40.0,
      "termination_condition": "optimal"
    },
    "0,1,3:upper": {
      "value": 40.0,
      "termination_condition": "optimal"
    },
    "0,1,4:lower": {
      "value": 40.0,
      "termination_condition": "optimal"
    },
    "0,1,4:upper": {
      "value": 40.0,
      "termination_condition": "optimal"
    },
    "0,1,5:lower": {
      "value": 40.0,
      "termination_condition": "optimal"
    },
    "0,1,5:upper": {
      "value": 40.0,
      "termination_condition": "optimal"
    },
    "1,0,0:lower": {
      "value": -13.172336616179848,
      "termination_condition": "optimal"
    },
    "1,0,0:upper": {
      "value": 30.081328007823288,
      "termination_condition": "optimal"
    },
    "1,0,1:lower": {
      "value": -13.908529911864647,
      "termination_condition": "optimal"
    },
    "1,0,1:upper": {
      "value": 30.077589182167138,
      "termination_condition": "optimal"
    },
    "1,0,2:lower": {
      "value": -12.328159541802748,
      "termination_condition": "optimal"
    },
    "1,0,2:upper": {
      "value": 30.078646996908482,
      "termination_condition": "optimal"
    },
    "1,0,3:lower": {
      "value": -12.477482524502335,
      "termination_condition": "optimal"
    },
    "1,0,3:upper": {
      "value": 30.073635261059373,
      "termination_condition": "optimal"
    },
    "1,0,4:lower": {
      "value": -10.376315114417796,
      "termination_condition": "optimal"
    },
    "1,0,4:upper": {
      "value": 30.073943691621285,
      "termination_condition": "optimal"
    },
    "1,0,5:lower": {
      "value": -8.004671095244241,
      "termination_condition": "optimal"
    },
    "1,0,5:upper": {
      "value": 30.089153389405233,
      "termination_condition": "optimal"
    },
    "1,1,0:lower": {
      "value": 8.451123223184027,
      "termination_condition": "optimal"
    },
    "1,1,0:upper": {
      "value": 30.122738690429195,
      "termination_condition": "optimal"
    },
    "1,1,1:lower": {
      "value": 8.085265687888748,
      "termination_condition": "optimal"
    },
    "1,1,1:upper": {
      "value": 30.117007331984126,
      "termination_condition": "optimal"
    },
    "1,1,2:lower": {
      "value": 8.87471904813463,
      "termination_condition": "optimal"
    },
    "1,1,2:upper": {
      "value": 30.11928014296925,
      "termination_condition": "optimal"
    },
    "1,1,3:lower": {
      "value": 8.802733273329705,
      "termination_condition": "optimal"
    },
    "1,1,3:upper": {
      "value": 30.11231508586631,
      "termination_condition": "optimal"
    },
    "1,1,4:lower": {
      "value": 9.8556699917801,
      "termination_condition": "optimal"
    },
    "1,1,4:upper": {
      "value": 30.110125662975058,
      "termination_condition": "optimal"
    },
    "1,1,5:lower": {
      "value": 11.034195548657665,