{
  "metadata": {
    "description": "Exact alpha bounds from support-set optimization with embedded ReLU policy constraints.",
    "reference_case": "test_case_bidding_blocks",
    "num_time_steps": 4,
    "nn_policy_generators": [
      "G1",
      "W3"
    ],
    "num_optimization_programs": 80
  },
  "alpha_bounds": {
    "0,0,0": {
      "lower": 30.0,
      "upper": 30.0
    },
    "0,0,1": {
      "lower": 30.0,
      "upper": 30.0
    },
    "0,0,2": {
      "lower": 30.0,
      "upper": 30.0
    },
    "0,0,3": {
      "lower": 30.0,
      "upper": 30.0
    },
    "0,1,0": {
      "lower": 40.0,
      "upper": 40.0
    },
    "0,1,1": {
      "lower": 40.0,
      "upper": 40.0
    },
    "0,1,2": {
      "lower": 40.0,
      "upper": 40.0
    },
    "0,1,3": {
      "lower": 40.0,
      "upper": 40.0
    },
    "1,0,0": {
      "lower": 15.314112764049522,
      "upper": 30.45753679467374
    },
    "1,0,1": {
      "lower": 15.314112764049625,
      "upper": 30.457536794673846
    },
    "1,0,2": {
      "lower": 15.314112764049664,
      "upper": 30.457536794673796
    },
    "1,0,3": {
      "lower": 15.314112764049703,
      "upper": 30.457536794673803
    },
    "1,1,0": {
      "lower": 22.298214434563583,
      "upper": 30.457679525121875
    },
    "1,1,1": {
      "lower": 22.298214434563683,
      "upper": 30.457679525121986
    },
    "1,1,2": {
      "lower": 22.298214434563683,
      "upper": 30.457679525121964
    },
    "1,1,3": {
      "lower": 22.298214434563683,
      "upper": 30.457679525121943
    },
    "2,0,0": {
      "lower": 3.2777070897650464,
      "upper": 6.715688659669919
    },
    "2,0,1": {
      "lower": 3.277707089765462,
      "upper": 6.715688659669805
    },
    "2,0,2": {
      "lower": 3.27770708976544,
      "upper": 6.7156886596701355
    },
    "2,0,3": {
      "lower": 3.2777070897667744,
      "upper": 6.71568865966992
    },
    "2,1,0": {
      "lower": 3.2850123277979724,
      "upper": 6.740737933271397
    },
    "2,1,1": {
      "lower": 3.2850123277983836,
      "upper": 6.740737933271289
    },
    "2,1,2": {
      "lower": 3.2850123277983614,
      "upper": 6.740737933271602
    },
    "2,1,3": {
      "lower": 3.285012327798873,
      "upper": 6.740737933271395
    },
    "3,0,0": {
      "lower": 5.0,
      "upper": 5.0
    },
    "3,0,1": {
      "lower": 5.0,
      "upper": 5.0
    },
    "3,0,2": {
      "lower": 5.0,
      "upper": 5.0
    },
    "3,0,3": {
      "lower": 5.0,
      "upper": 5.0
    },
    "3,1,0": {
      "lower": 5.01,
      "upper": 5.01
    },
    "3,1,1": {
      "lower": 5.01,
      "upper": 5.01
    },
    "3,1,2": {
      "lower": 5.01,
      "upper": 5.01
    },
    "3,1,3": {
      "lower": 5.01,
      "upper": 5.01
    },
    "4,0,0": {
      "lower": 4.5,
      "upper": 4.5
    },
    "4,0,1": {
      "lower": 4.5,
      "upper": 4.5
    },
    "4,0,2": {
      "lower": 4.5,
      "upper": 4.5
    },
    "4,0,3": {
      "lower": 4.5,
      "upper": 4.5
    },
    "4,1,0": {
      "lower": 4.51,
      "upper": 4.51
    },
    "4,1,1": {
      "lower": 4.51,
      "upper": 4.51
    },
    "4,1,2": {
      "lower": 4.51,
      "upper": 4.51
    },
    "4,1,3": {
      "lower": 4.51,
      "upper": 4.51
    }
  },
  "alpha_optimization_results": {
    "0,0,0:lower": {
      "value": 30.0,
      "termination_condition": "optimal"
    },
    "0,0,0:upper": {
      "value": 30.0,
      "termination_condition": "optimal"
    },
    "0,0,1:lower": {
      "value": 30.0,
      "termination_condition": "optimal"
    },
    "0,0,1:upper": {
      "value": 30.0,
      "termination_condition": "optimal"
    },
    "0,0,2:lower": {
      "value": 30.0,
      "termination_condition": "optimal"
    },
    "0,0,2:upper": {
      "value": 30.0,
      "termination_condition": "optimal"
    },
    "0,0,3:lower": {
      "value": 30.0,
      "termination_condition": "optimal"
    },
    "0,0,3:upper": {
      "value": 30.0,
      "termination_condition": "optimal"
    },
    "0,1,0:lower": {
      "value": 40.0,
      "termination_condition": "optimal"
    },
    "0,1,0:upper": {
      "value": 40.0,
      "termination_condition": "optimal"
    },
    "0,1,1:lower": {
      "value": 40.0,
      "termination_condition": "optimal"
    },
    "0,1,1:upper": {
      "value": 40.0,
      "termination_condition": "optimal"
    },
    "0,1,2:lower": {
      "value": 40.0,
      "termination_condition": "optimal"
    },
    "0,1,2:upper": {
      "value": 40.0,
      "termination_condition": "optimal"
    },
    "0,1,3:lower": {
      "value": 40.0,
      "termination_condition": "optimal"
    },
    "0,1,3:upper": {
      "value": 40.0,
      "termination_condition": "optimal"
    },
    "1,0,0:lower": {
      "value": 15.314112764049522,
      "termination_condition": "optimal"
    },
    "1,0,0:upper": {
      "value": 30.45753679467374,
      "termination_condition": "optimal"
    },
    "1,0,1:lower": {
      "value": 15.314112764049625,
      "termination_condition": "optimal"
    },
    "1,0,1:upper": {
      "value": 30.457536794673846,
      "termination_condition": "optimal"
    },
    "1,0,2:lower": {
      "value": 15.314112764049664,
      "termination_condition": "optimal"
    },
    "1,0,2:upper": {
      "value": 30.457536794673796,
      "termination_condition": "optimal"
    },
    "1,0,3:lower": {
      "value": 15.314112764049703,
      "termination_condition": "optimal"
    },
    "1,0,3:upper": {
      "value": 30.457536794673803,
      "termination_condition": "optimal"
    },
    "1,1,0:lower": {
      "value": 22.298214434563583,
      "termination_condition": "optimal"
    },
    "1,1,0:upper": {
      "value": 30.457679525121875,
      "termination_condition": "optimal"
    },
    "1,1,1:lower": {
      "value": 22.298214434563683,
      "termination_condition": "optimal"
    },
    "1,1,1:upper": {
      "value": 30.457679525121986,
      "termination_condition": "optimal"
    },
    "1,1,2:lower": {
      "value": 22.298214434563683,
      "termination_condition": "optimal"
    },
    "1,1,2:upper": {
      "value": 30.457679525121964,
      "termination_condition": "optimal"
    },
    "1,1,3:lower": {
      "value": 22.298214434563683,
      "termination_condition": "optimal"
    },
    "1,1,3:upper": {
      "value": 30.457679525121943,
      "termination_condition": "optimal"
    },
    "2,0,0:lower": {
      "value": 3.2777070897650464,
      "termination_condition": "optimal"
    },
    "2,0,0:upper": {
      "value": 6.715688659669919,
      "termination_condition": "optimal"
    },
    "2,0,1:lower": {
      "value": 3.277707089765462,
      "termination_condition": "optimal"
    },
    "2,0,1:upper": {
      "value": 6.715688659669805,
      "termination_condition": "optimal"
    },
    "2,0,2:lower": {
      "value": 3.27770708976544,
      "termination_condition": "optimal"
    },
    "2,0,2:upper": {
      "value": 6.7156886596701355,
      "termination_condition": "optimal"
    },
    "2,0,3:lower": {
      "value": 3.2777070897667744,
      "termination_condition": "optimal"
    },
    "2,0,3:upper": {
      "value": 6.71568865966992,
      "termination_condition": "optimal"
    },
    "2,1,0:lower": {
      "value": 3.2850123277979724,
      "termination_condition": "optimal"
    },
    "2,1,0:upper": {
      "value": 6.740737933271397,
      "termination_condition": "optimal"
    },
    "2,1,1:lower": {
      "value": 3.2850123277983836,
      "termination_condition": "optimal"
    },
    "2,1,1:upper": {
      "value": 6.740737933271289,
      "termination_condition": "optimal"
    },
    "2,1,2:lower": {
      "value": 3.2850123277983614,
      "termination_condition": "optimal"
    },
    "2,1,2:upper": {
      "value": 6.740737933271602,
      "termination_condition": "optimal"
    },
    "2,1,3:lower": {
      "value": 3.285012327798873,
      "termination_condition": "optimal"
    },