{
  "metadata": {
    "description": "Exact alpha bounds from support-set optimization with embedded ReLU policy constraints.",
    "reference_case": "test_case_bidding_blocks",
    "num_time_steps": 6,
    "nn_policy_generators": [
      "G1",
      "W3"
    ],
    "num_optimization_programs": 120
  },
  "alpha_bounds": {
    "0,0,0": {
      "lower": 30.0,
      "upper": 30.0
    },
    "0,0,1": {
      "lower": 30.0,
      "upper": 30.0
    },
    "0,0,2": {
      "lower": 30.0,
      "upper": 30.0
    },
    "0,0,3": {
      "lower": 30.0,
      "upper": 30.0
    },
    "0,0,4": {
      "lower": 30.0,
      "upper": 30.0
    },
    "0,0,5": {
      "lower": 30.0,
      "upper": 30.0
    },
    "0,1,0": {
      "lower": 40.0,
      "upper": 40.0
    },
    "0,1,1": {
      "lower": 40.0,
      "upper": 40.0
    },
    "0,1,2": {
      "lower": 40.0,
      "upper": 40.0
    },
    "0,1,3": {
      "lower": 40.0,
      "upper": 40.0
    },
    "0,1,4": {
      "lower": 40.0,
      "upper": 40.0
    },
    "0,1,5": {
      "lower": 40.0,
      "upper": 40.0
    },
    "1,0,0": {
      "lower": 8.750151933570947,
      "upper": 29.496816069458504
    },
    "1,0,1": {
      "lower": 8.750151933570912,
      "upper": 29.498718207311217
    },
    "1,0,2": {
      "lower": 8.750151933570962,
      "upper": 29.498718207311224
    },
    "1,0,3": {
      "lower": 8.750151933570962,
      "upper": 29.498718207311224
    },
    "1,0,4": {
      "lower": 8.750151933570962,
      "upper": 29.498718207311224
    },
    "1,0,5": {
      "lower": 8.35658926422857,
      "upper": 29.49871820731122
    },
    "1,1,0": {
      "lower": 19.800643775315475,
      "upper": 30.524874553815017
    },
    "1,1,1": {
      "lower": 19.800643775315457,
      "upper": 30.524874553815003
    },
    "1,1,2": {
      "lower": 19.800643775315457,
      "upper": 30.524874553815007
    },
    "1,1,3": {
      "lower": 19.800643775315457,
      "upper": 30.524874553815007
    },
    "1,1,4": {
      "lower": 19.800643775315457,
      "upper": 30.52487455381501
    },
    "1,1,5": {
      "lower": 19.80064377531547,
      "upper": 30.535430787523218
    },
    "2,0,0": {
      "lower": 1.7753797748494369,
      "upper": 8.954688610587986
    },
    "2,0,1": {
      "lower": 1.775379774849429,
      "upper": 8.954688610587988
    },
    "2,0,2": {
      "lower": 1.7753797748494413,
      "upper": 8.954688610587988
    },
    "2,0,3": {
      "lower": 1.7753797748494413,
      "upper": 8.954688610587988
    },
    "2,0,4": {
      "lower": 1.7753797748494413,
      "upper": 8.954688610587988
    },
    "2,0,5": {
      "lower": 1.7753797748494353,
      "upper": 8.954688610587986
    },
    "2,1,0": {
      "lower": 1.819116134679035,
      "upper": 8.944914797629224
    },
    "2,1,1": {
      "lower": 1.8191161346790272,
      "upper": 8.944914797629226
    },
    "2,1,2": {
      "lower": 1.8191161346790392,
      "upper": 8.944914797629226
    },
    "2,1,3": {
      "lower": 1.8191161346790392,
      "upper": 8.944914797629226
    },
    "2,1,4": {
      "lower": 1.8191161346790392,
      "upper": 8.944914797629226
    },
    "2,1,5": {
      "lower": 1.819116134679038,
      "upper": 8.944914797629224
    },
    "3,0,0": {
      "lower": 5.0,
      "upper": 5.0
    },
    "3,0,1": {
      "lower": 5.0,
      "upper": 5.0
    },
    "3,0,2": {
      "lower": 5.0,
      "upper": 5.0
    },
    "3,0,3": {
      "lower": 5.0,
      "upper": 5.0
    },
    "3,0,4": {
      "lower": 5.0,
      "upper": 5.0
    },
    "3,0,5": {
      "lower": 5.0,
      "upper": 5.0
    },
    "3,1,0": {
      "lower": 5.01,
      "upper": 5.01
    },
    "3,1,1": {
      "lower": 5.01,
      "upper": 5.01
    },
    "3,1,2": {
      "lower": 5.01,
      "upper": 5.01
    },
    "3,1,3": {
      "lower": 5.01,
      "upper": 5.01
    },
    "3,1,4": {
      "lower": 5.01,
      "upper": 5.01
    },
    "3,1,5": {
      "lower": 5.01,
      "upper": 5.01
    },
    "4,0,0": {
      "lower": 4.5,
      "upper": 4.5
    },
    "4,0,1": {
      "lower": 4.5,
      "upper": 4.5
    },
    "4,0,2": {
      "lower": 4.5,
      "upper": 4.5
    },
    "4,0,3": {
      "lower": 4.5,
      "upper": 4.5
    },
    "4,0,4": {
      "lower": 4.5,
      "upper": 4.5
    },
    "4,0,5": {
      "lower": 4.5,
      "upper": 4.5
    },
    "4,1,0": {
      "lower": 4.51,
      "upper": 4.51
    },
    "4,1,1": {
      "lower": 4.51,
      "upper": 4.51
    },
    "4,1,2": {
      "lower": 4.51,
      "upper": 4.51
    },
    "4,1,3": {
      "lower": 4.51,
      "upper": 4.51
    },
    "4,1,4": {
      "lower": 4.51,
      "upper": 4.51
    },
    "4,1,5": {
      "lower": 4.51,
      "upper": 4.51
    }
  },
  "alpha_optimization_results": {
    "0,0,0:lower": {
      "value": 30.0,
      "termination_condition": "optimal"
    },
    "0,0,0:upper": {
      "value": 30.0,
      "termination_condition": "optimal"
    },
    "0,0,1:lower": {
      "value": 30.0,
      "termination_condition": "optimal"
    },
    "0,0,1:upper": {
      "value": 30.0,
      "termination_condition": "optimal"
    },
    "0,0,2:lower": {
      "value": 30.0,
      "termination_condition": "optimal"
    },
    "0,0,2:upper": {
      "value": 30.0,
      "termination_condition": "optimal"
    },
    "0,0,3:lower": {
      "value": 30.0,
      "termination_condition": "optimal"
    },
    "0,0,3:upper": {
      "value": 30.0,
      "termination_condition": "optimal"
    },
    "0,0,4:lower": {
      "value": 30.0,
      "termination_condition": "optimal"
    },
    "0,0,4:upper": {
      "value": 30.0,
      "termination_condition": "optimal"
    },
    "0,0,5:lower": {
      "value": 30.0,
      "termination_condition": "optimal"
    },
    "0,0,5:upper": {
      "value": 30.0,
      "termination_condition": "optimal"
    },
    "0,1,0:lower": {
      "value": 40.0,
      "termination_condition": "optimal"
    },
    "0,1,0:upper": {
      "value": 40.0,
      "termination_condition": "optimal"
    },
    "0,1,1:lower": {
      "value": 40.0,
      "termination_condition": "optimal"
    },
    "0,1,1:upper": {
      "value": 40.0,
      "termination_condition": "optimal"
    },
    "0,1,2:lower": {
      "value": 40.0,
      "termination_condition": "optimal"
    },
    "0,1,2:upper": {
      "value": 40.0,
      "termination_condition": "optimal"
    },
    "0,1,3:lower": {
      "value": 40.0,
      "termination_condition": "optimal"
    },
    "0,1,3:upper": {
      "value": 40.0,
      "termination_condition": "optimal"
    },
    "0,1,4:lower": {
      "value": 40.0,
      "termination_condition": "optimal"
    },
    "0,1,4:upper": {
      "value": 40.0,
      "termination_condition": "optimal"
    },
    "0,1,5:lower": {
      "value": 40.0,
      "termination_condition": "optimal"
    },
    "0,1,5:upper": {
      "value": 40.0,
      "termination_condition": "optimal"
    },
    "1,0,0:lower": {
      "value": 8.750151933570947,
      "termination_condition": "optimal"
    },
    "1,0,0:upper": {
      "value": 29.496816069458504,
      "termination_condition": "optimal"
    },
    "1,0,1:lower": {
      "value": 8.750151933570912,
      "termination_condition": "optimal"
    },
    "1,0,1:upper": {
      "value": 29.498718207311217,
      "termination_condition": "optimal"
    },
    "1,0,2:lower": {
      "value": 8.750151933570962,
      "termination_condition": "optimal"
    },
    "1,0,2:upper": {
      "value": 29.498718207311224,
      "termination_condition": "optimal"
    },
    "1,0,3:lower": {
      "value": 8.750151933570962,
      "termination_condition": "optimal"
    },
    "1,0,3:upper": {
      "value": 29.498718207311224,
      "termination_condition": "optimal"
    },
    "1,0,4:lower": {
      "value": 8.750151933570962,
      "termination_condition": "optimal"
    },
    "1,0,4:upper": {
      "value": 29.498718207311224,
      "termination_condition": "optimal"
    },