{
  "train_loss": [
    369.00171420375506,
    14.662274431685606,
    6.335674452781677,
    1.1698259122048815,
    0.22261546909964333,
    0.10173754605542247,
    0.03856916191968291,
    0.012758062483044341,
    0.003926098595547956,
    0.0009412603139026032,
    0.00032365113905446683,
    0.00023575205437585586,
    0.0001834276324871098,
    0.00012866666634939368,
    8.388905010103069e-05,
    6.115213938642227e-05,
    4.8585655121276736e-05,
    3.7154692572016755e-05,
    2.867586850641146e-05,
    2.8413093923755164e-05,
    2.386664335200332e-05,
    1.9820201348845027e-05,
    2.142481731854199e-05,
    2.260907515629166e-05,
    2.1988250569944984e-05,
    1.8651293249050126e-05,
    2.26812878516706e-05,
    1.973063854882421e-05,
    2.1728363348039183e-05,
    1.8586207575192286e-05,
    2.5884854419248408e-05,
    1.9991460744665326e-05,
    1.9215023752513125e-05,
    1.8882461491109836e-05,
    1.936242888938011e-05,
    2.085909005338967e-05,
    2.7269606838527714e-05,
    1.355291748084871e-05,
    2.0303093183334416e-05,
    2.070126083957291e-05,
    1.9353462750852183e-05,
    2.014164892868801e-05,
    2.1380078522999686e-05,
    2.1445063900730568e-05,
    2.022126558204699e-05,
    2.0952688657812266e-05,
    1.9985455344162518e-05,
    1.841776251877055e-05,
    1.9399163985234224e-05,
    2.0075040642453246e-05,
    1.9680724880425753e-05,
    2.1683783849960985e-05,
    1.789951994920121e-05,
    1.9888433408077334e-05,
    2.191269077170451e-05,
    2.0821423906684324e-05,
    2.316728118234579e-05,
    1.9537802830231026e-05,
    1.5342914855350404e-05,
    1.958753568261547e-05,
    2.285583227420081e-05,
    1.781000131468128e-05,
    2.0160468766524296e-05,
    1.8075234548990218e-05,
    2.056662142102539e-05,
    2.080258522963637e-05,
    2.3116100316222797e-05,
    1.821861213991601e-05,
    1.698645000516308e-05,
    1.9577773390011544e-05,
    2.0325493296091678e-05,
    3.224905775578435e-05,
    7.558551402849408e-06,
    2.4225639878376152e-05,
    1.7448458910488775e-05,
    1.6645025353293857e-05,
    2.2262640358642707e-05,
    1.7718676815429526e-05,
    2.0229723255127398e-05,
    1.8241834126205465e-05,
    1.9488245158605365e-05,
    2.126300827078135e-05
  ],
  "test_loss": [
    19.143961204091706,
    10.643856898943584,
    2.9093616414815187,
    0.3554976802629729,
    0.1511012503877282,
    0.06331955421095094,
    0.021102124832880993,
    0.0067669126923040794,
    0.001762794340659942,
    0.0004586600668820514,
    0.000262185291452018,
    0.00021658311488863545,
    0.00014910213603798185,
    9.851148076904792e-05,
    5.8203271381292626e-05,
    3.5362723889420525e-05,
    2.8053052835730342e-05,
    1.2410929854430226e-05,
    1.4814272640251147e-05,
    3.2247563710067576e-05,
    1.1930400362795506e-05,
    5.913582255440512e-05,
    9.531863075077732e-06,
    1.6917619973355613e-05,
    2.2847656602209554e-06,
    1.5620708768437908e-05,
    1.504588936285245e-06,
    5.6080515093981376e-06,
    1.8504773488340713e-06,
    4.446609196880521e-06,
    1.2936981846678463e-06,
    1.239726030159242e-06,
    1.2749964819628682e-06,
    2.074070292223951e-06,
    6.273585669684204e-06,
    1.719691528023759e-06,
    1.0653411559739349e-06,
    2.792616574491073e-06,
    2.557557602737385e-06,
    2.1333104479973977e-06,
    9.160800135532555e-06,
    1.0387061214108446e-06,
    8.349297095264774e-05,
    1.4059750329901515e-06,
    9.651918243018068e-07,
    8.532052357660784e-07,
    8.352391150860209e-07,
    8.347873321194281e-07,
    2.4870488982742244e-05,
    9.332118229584315e-07,
    1.0497047902902067e-06,
    9.633082458530377e-07,
    1.0466936463634132e-06,
    9.501366271535971e-07,
    7.800115066440109e-07,
    4.346388700469106e-05,
    8.071835824334054e-07,
    8.7582128405946e-07,
    3.0609590425001444e-06,
    0.00012249952472605705,
    3.2888959012211673e-06,
    6.57663043549898e-07,
    1.677993459973474e-06,
    6.774797509952653e-07,
    6.029033566316382e-07,
    6.656445577846171e-07,
    6.580293096192235e-07,
    6.251072754537291e-07,
    8.090301875540717e-07,
    2.736058342141708e-06,
    8.369881210986326e-06,
    5.326089784318811e-07,
    2.4619158665473153e-06,
    2.928500071182801e-06,
    7.867242710328052e-07,
    7.312250824990466e-07,
    5.817423693580774e-07,
    7.319818211707722e-07,
    7.016267474568849e-07,
    1.0092163177451616e-06,
    0.00012003249345677129,
    7.612839885003571e-07
  ],
  "best_test_loss": 1.239726030159242e-06,
  "best_epoch": 32
}