{
  "train_loss": [
    442.43993457158405,
    19.796698518594106,
    12.13532046576341,
    4.97927318289876,
    0.9943599225332339,
    0.23601193116046487,
    0.1540879211272113,
    0.09131071266795819,
    0.042411121904539564,
    0.014142186934138105,
    0.002886644479682824,
    0.0002782842854325433,
    8.687263798338544e-06,
    1.1597626641564792e-06,
    1.0670464916392082e-06,
    9.952911104467906e-07,
    6.856305067811282e-06,
    1.1061005026746785e-05,
    1.2440957839802517e-05,
    1.2566378382790806e-05,
    1.6166517149211283e-05,
    7.355041470328653e-06,
    1.683962388803195e-05,
    1.1002234445752397e-05,
    8.23602300007072e-06,
    1.565914688039053e-05,
    8.240279930168034e-06,
    1.199042316759602e-05,
    1.3425059891029415e-05,
    9.401787132172027e-06,
    1.2097531451734274e-05,
    1.2187477444906373e-05,
    1.2344098829331074e-05,
    1.1139540531246439e-05,
    1.2275326187409045e-05,
    1.0673056538657022e-05,
    1.037285667434181e-05,
    1.1275570799540446e-05,
    1.2039308396438742e-05,
    1.1027919364714478e-05,
    1.1414008355181692e-05,
    1.0719122252744739e-05,
    1.1402277754039385e-05,
    1.0583013887040711e-05,
    1.284462071294475e-05,
    1.0416002916890931e-05,
    1.3752126297639222e-05,
    9.78204263955007e-06,
    1.3446614077139429e-05,
    1.3347498270318188e-05,
    1.4079683382917097e-05,
    7.340752012356215e-06,
    1.172709056476151e-05,
    1.2630031992995802e-05,
    1.4846015803963534e-05,
    7.502516247666809e-06,
    1.3868810964901001e-05,
    9.558510137826678e-06,
    1.3897980689255482e-05,
    9.890065987150365e-06,
    1.0788772995991754e-05,
    1.0406662192311937e-05,
    1.2288298982987556e-05,
    1.2673248731805604e-05,
    1.1640904696896825e-05,
    1.144427719618572e-05,
    1.0398942405961028e-05,
    1.0703653019975927e-05,
    1.1672607681489922e-05,
    1.3908313394258205e-05,
    1.1293818356665023e-05
  ],
  "test_loss": [
    25.110785763462385,
    17.349680727720262,
    8.935403450081745,
    2.4409818265587093,
    0.3437582694614927,
    0.18103804796313247,
    0.11706481849153837,
    0.061099137831479314,
    0.02376657221078252,
    0.00608053584001027,
    0.0007839380204435049,
    3.428709651416284e-05,
    1.34833500927319e-06,
    1.0999705795692686e-06,
    1.017707860739847e-06,
    8.856648605615192e-07,
    2.282750635155632e-05,
    1.1957445688418982e-06,
    0.00015055309550007223,
    3.5191463017743746e-07,
    3.138015403673459e-07,
    2.710846774315693e-07,
    4.39304872846454e-05,
    1.6477207651632852e-07,
    2.508231047689454e-06,
    9.517725061414239e-08,
    2.6024527879068652e-06,
    7.380192101891225e-08,
    3.2976566309628196e-06,
    5.8016501232790084e-08,
    1.2346883953758455e-07,
    6.49677405666201e-05,
    7.095373225259513e-07,
    6.915386900156288e-08,
    1.7343785496374646e-06,
    5.8724508752068987e-08,
    1.11673479352703e-08,
    3.826506045356837e-08,
    6.33809947885311e-05,
    1.5494589950056556e-06,
    1.6766580467712326e-07,
    1.0622410210695913e-08,
    8.36373293585287e-09,
    1.259490484054974e-07,
    1.218660924469835e-07,
    9.936737865245959e-06,
    9.072578421864818e-09,
    1.3587085826808713e-09,
    6.95417412543975e-10,
    3.410853821605997e-10,
    1.032719354772856e-06,
    1.2747129479369809e-07,
    9.652489202001865e-08,
    8.218314917485259e-10,
    3.17960362039571e-06,
    7.937083973767282e-08,
    5.160970178034555e-07,
    6.970376868290865e-11,
    4.8961841988178395e-11,
    2.155742770071356e-07,
    1.4863573483125948e-09,
    1.6347340941062309e-06,
    1.580401847907827e-08,
    1.8674687870164536e-09,
    1.6592130215542512e-06,
    2.546294079290116e-09,
    1.1588272978239426e-08,
    1.42089863061301e-05,
    3.5043555233945276e-07,
    2.0719435648667667e-09,
    1.6747386633634656e-06
  ],
  "best_test_loss": 3.138015403673459e-07,
  "best_epoch": 21
}