{
  "train_loss": [
    1.8391228548668248,
    0.001876140243014864,
    0.0004156945900376741,
    0.00014274793849911778,
    3.1251751561001126e-05,
    4.031023151866246e-06,
    7.143777874289252e-07,
    3.3677947067397206e-07,
    1.5066365758690617e-07,
    7.554399931534543e-08,
    2.4283818660375546e-07,
    8.064405436399488e-07,
    1.3413223373707575e-06,
    1.7018102641689718e-06,
    1.756712773744636e-06,
    2.4248915064658166e-06,
    1.1805327429318762e-06,
    2.2600582106087804e-06,
    1.5738111533991628e-06,
    2.5356931854310833e-06,
    1.2303031892294906e-06,
    1.7299268633289936e-06,
    1.979714120844041e-06,
    1.6801006376132577e-06,
    2.0377605012722457e-06,
    2.297312843824173e-06,
    1.722389296721083e-06,
    1.515449662943998e-06,
    1.3897949748079934e-06,
    2.066783270933866e-06,
    1.8901419901758605e-06,
    1.6029256835784858e-06,
    1.55570808497707e-06,
    2.2369845716907477e-06,
    1.5370018974669719e-06,
    1.8912582875193114e-06,
    1.9420240834714755e-06,
    1.6924284284384565e-06,
    1.769000384643782e-06,
    2.0739385898934278e-06,
    1.7001851626267476e-06,
    1.5201660318912383e-06,
    1.772462660295145e-06,
    2.020902626909127e-06,
    1.8081086754347572e-06,
    1.594274454978321e-06,
    2.2115582526331206e-06,
    1.7441682848895467e-06,
    1.5282214663810598e-06,
    2.147425264061494e-06,
    1.6326076916299097e-06,
    1.9706652166847267e-06,
    1.8082780809910068e-06,
    2.0893179917565637e-06,
    1.971866671908925e-06,
    1.6928653717866264e-06,
    2.3803141828852387e-06,
    1.758170697963024e-06,
    1.7508629103879514e-06,
    1.8693166956277689e-06,
    1.6818307664386487e-06,
    1.8482502393594539e-06,
    1.7195427155058951e-06
  ],
  "test_loss": [
    0.010541411033773328,
    0.0007186590316753912,
    0.00028199054750075445,
    8.356845079712608e-05,
    1.7625757795750966e-05,
    4.721348878256037e-06,
    2.2568595973974463e-06,
    1.1578060697144584e-06,
    4.991782195003699e-07,
    2.66323825096985e-07,
    2.426317596852338e-06,
    4.781565767567978e-06,
    1.2885915904684944e-07,
    2.5709247945352822e-06,
    1.1405380817564037e-07,
    1.1338955273979915e-07,
    2.2932581410136283e-07,
    3.4553223677846744e-07,
    1.0288404779975242e-07,
    9.023432777273873e-08,
    8.915235287787482e-08,
    5.452480226135018e-07,
    8.1596828049868e-08,
    3.138559835254758e-05,
    8.473269401676475e-08,
    8.034178454371007e-08,
    2.362983569289175e-06,
    5.118968694262094e-07,
    2.0712375539133632e-07,
    9.95883208787518e-07,
    4.357794670895032e-07,
    6.004859155102812e-08,
    2.925799895100075e-07,
    4.8414446525886966e-08,
    7.447645524886563e-06,
    4.317438273560015e-08,
    6.100464832551703e-08,
    8.126509404367729e-06,
    6.535811208626304e-06,
    7.768052500504533e-08,
    5.407943219400598e-06,
    3.138569484306686e-08,
    3.668558896663399e-08,
    4.019878353271148e-05,
    2.4179387410801687e-08,
    3.015355967879903e-08,
    2.020148916296686e-08,
    1.763636561236126e-08,
    1.587788827824473e-08,
    1.4329251148600027e-08,
    1.1841038701732032e-05,
    1.6602304191870587e-06,
    1.0137789422752045e-08,
    9.066072810999988e-09,
    7.886731268058611e-09,
    6.971936494792885e-08,
    2.905040428989499e-05,
    1.563053452097544e-05,
    3.61263374770715e-09,
    1.3929988752655238e-05,
    1.007665749360361e-06,
    1.0066358851664366e-07,
    5.787209162614696e-05
  ],
  "best_test_loss": 1.2885915904684944e-07,
  "best_epoch": 13
}