{
  "train_loss": [
    2.760918839665828,
    0.008182220242906624,
    0.0005238092869944922,
    0.0002055197538425091,
    0.00011153876545790808,
    6.379766667426641e-05,
    3.83649785334228e-05,
    2.593970880203263e-05,
    1.8609046711996295e-05,
    1.4954592513068595e-05,
    1.3832063291374653e-05,
    1.1491192213952673e-05,
    1.2310210143577175e-05,
    9.576700864026103e-06,
    9.240794813081266e-06,
    8.078895810588922e-06,
    9.377910292466632e-06,
    7.732943636540313e-06,
    6.891557987150539e-06,
    6.708509900832382e-06,
    5.4203227974743605e-06,
    6.3517903015212575e-06,
    6.0211715126712305e-06,
    5.172526591164702e-06,
    5.901564457152139e-06,
    5.170294835258697e-06,
    4.687642533548105e-06,
    5.250829710057303e-06,
    4.643562105484852e-06,
    5.718422920993523e-06,
    4.270686296485119e-06,
    4.891178879828928e-06,
    6.871165202800474e-06,
    4.010137321349324e-06,
    4.1515559193442775e-06,
    4.063438499020873e-06,
    3.77366885105553e-06,
    4.719164014070169e-06,
    4.440627601927834e-06,
    4.13078209375121e-06,
    4.610915845041733e-06,
    3.837332361171045e-06,
    4.705425734533956e-06,
    3.627894595781278e-06,
    4.220127954176108e-06,
    4.932410892140767e-06,
    3.562728548992903e-06,
    4.7090993605336525e-06,
    3.852151721480309e-06,
    4.118890326935502e-06,
    3.7162780790652348e-06,
    4.554902833657041e-06,
    4.124251504974049e-06,
    4.181140960979323e-06,
    4.379462475012641e-06,
    4.657571438267579e-06,
    2.913765122588193e-06,
    4.864868137003745e-06,
    4.1704305683435784e-06,
    4.42889233913298e-06,
    3.216579320427145e-06,
    3.94502936756543e-06,
    5.047144281389304e-06,
    3.2935024526318615e-06,
    4.317365082084912e-06,
    3.554474952601379e-06,
    4.608309515389634e-06,
    3.0940355836543236e-06,
    4.322979200691949e-06,
    3.946230223443129e-06,
    3.382994756158849e-06,
    3.976797119364939e-06,
    3.6173043700330847e-06,
    4.42113237381081e-06,
    3.046392608541115e-06,
    4.203206999064957e-06,
    4.076166379603692e-06,
    3.657807608810811e-06
  ],
  "test_loss": [
    0.03973840395919979,
    0.0010027530201720462,
    0.00016546264247760216,
    6.879434266314396e-05,
    3.9709871255884836e-05,
    2.5807509473452228e-05,
    1.6524661108026826e-05,
    1.242785256181378e-05,
    8.926907044800221e-06,
    6.984931656006666e-06,
    4.928553410839716e-06,
    1.0681045724444023e-05,
    5.813819533765733e-06,
    2.713706270090673e-05,
    4.864664557165573e-06,
    5.336697020652536e-06,
    2.5913188759811115e-06,
    1.811605529174661e-06,
    2.492078220465525e-06,
    4.39295162190471e-06,
    2.9571923914772923e-05,
    3.7661237901905527e-06,
    1.4483032423129315e-06,
    4.5986508278398714e-06,
    1.4593352960427333e-06,
    1.302106081624288e-06,
    1.0963877215885986e-06,
    3.9833620834410037e-07,
    3.7489355282360747e-07,
    1.6673557453827926e-06,
    7.920068577268088e-07,
    2.327865659405385e-06,
    2.7511236780242145e-06,
    6.401136006436067e-07,
    6.06086438755445e-07,
    1.849826479277302e-05,
    3.879665271711019e-06,
    2.437527727749966e-06,
    9.54524538580396e-06,
    3.3599021776353767e-06,
    4.291272315271044e-07,
    3.181713076116921e-07,
    5.065101991400903e-06,
    8.234863680437836e-07,
    7.139103489114026e-07,
    7.423767892570747e-07,
    1.0865260328785098e-06,
    3.190877228812875e-07,
    3.023988167664508e-06,
    1.6900274613362853e-05,
    1.7355383317152472e-07,
    5.172158239474811e-08,
    4.406042404525579e-06,
    1.2649894430675583e-05,
    2.9664356944181235e-07,
    4.5267045929146354e-06,
    1.0228352341397814e-07,
    7.004678807357816e-08,
    1.4277792930291374e-05,
    3.481237325075881e-08,
    3.509593031007322e-08,
    1.4311261997690394e-07,
    2.739636924727525e-08,
    3.3529961598333102e-06,
    4.4938332092551527e-08,
    1.1871306826449768e-08,
    2.2214408668119744e-08,
    7.804881232308011e-05,
    2.8931640712788937e-08,
    5.182189033448026e-09,
    3.031808609913848e-06,
    2.908509443955154e-07,
    5.435702630229855e-08,
    5.072432325429569e-07,
    1.6277150338694924e-08,
    6.742239679150922e-08,
    2.733398171509786e-07,
    5.660950842904337e-08
  ],
  "best_test_loss": 3.9833620834410037e-07,
  "best_epoch": 28
}