{
  "train_loss": [
    5.926961716873726,
    0.006615315641662771,
    0.0003166632590724324,
    9.506457316075986e-05,
    4.264136734934976e-05,
    2.128875511193673e-05,
    1.734510216408284e-05,
    1.741350090769996e-05,
    1.3530774853642847e-05,
    1.397597351306216e-05,
    1.5405438156871712e-05,
    1.4507682005563776e-05,
    2.054259947101844e-05,
    1.590059950318986e-05,
    1.2420124465147471e-05,
    2.4484199374004886e-05,
    1.5802207023426124e-05,
    1.4854504889375934e-05,
    1.4361866535842852e-05,
    2.5831061045974066e-05,
    1.1437219868456101e-05,
    1.4197857562240717e-05,
    1.988949743156147e-05,
    1.361490471905776e-05,
    1.825246675738838e-05,
    1.441883299474848e-05,
    1.7880750018880083e-05,
    1.6181982958437166e-05,
    1.8629252884257616e-05,
    1.4699139977307022e-05,
    1.5418658267803605e-05,
    1.9280502055241122e-05,
    1.4151314925969772e-05,
    1.6158855219957264e-05,
    1.673500650662222e-05,
    1.9884079555717213e-05,
    1.9687017557849332e-05,
    1.1982171572455514e-05,
    1.586212252104128e-05,
    1.8468062699272813e-05,
    1.409658859805596e-05,
    1.636680666329641e-05,
    1.9787959106798426e-05,
    1.4749909326217115e-05,
    1.3141488801352945e-05,
    2.3832272301708517e-05,
    1.3168169419467782e-05,
    1.4544526256591676e-05,
    1.4640086226062425e-05,
    1.6992595331085288e-05,
    1.3549544129309866e-05,
    1.9666700014098205e-05,
    1.573934637607947e-05,
    1.3912424698710642e-05,
    1.3804108980367916e-05,
    2.3416735825776413e-05,
    1.078214825261566e-05,
    1.419481762742573e-05,
    1.722189958976994e-05
  ],
  "test_loss": [
    0.0534652015970399,
    0.0006459015362149027,
    0.00011997627353063459,
    3.2908644237750194e-05,
    4.4113657033051364e-06,
    1.1954174076696708e-06,
    4.102646872006233e-07,
    6.848385786876557e-06,
    6.82293769038722e-08,
    2.4127265459602162e-08,
    2.0949359284353855e-09,
    2.1231626827026654e-10,
    3.913717659287386e-07,
    7.049328824374849e-10,
    3.511360091579263e-11,
    2.473652630878102e-09,
    1.9587740114938393e-06,
    2.71283416471609e-09,
    3.762936628959324e-11,
    5.5467952601399397e-08,
    4.5565773376665675e-11,
    1.6594272622683092e-10,
    4.87044446254951e-09,
    8.925186515777265e-12,
    1.1544318686181517e-09,
    3.2941039525743086e-10,
    1.049397457819623e-09,
    1.5866568000196442e-08,
    4.299715238668493e-08,
    1.1017505426499004e-09,
    2.013841378101233e-08,
    1.1083194510301079e-09,
    2.7718822792621723e-10,
    7.554218287945484e-10,
    2.536277203072738e-09,
    5.8113331924403155e-09,
    8.566248418754678e-08,
    4.269827262130358e-08,
    4.816887916684702e-08,
    7.084761778723229e-08,
    2.246059093084322e-07,
    3.5378504511148394e-08,
    1.5309953056430458e-07,
    5.9317689604654336e-08,
    5.402230571031434e-08,
    1.8720760577295437e-07,
    1.785485359266185e-07,
    1.7849637797458703e-07,
    8.956140374512719e-08,
    2.1646925236022222e-07,
    4.194241555547743e-08,
    1.4166860395903313e-07,
    7.162022832574167e-08,
    8.213510713043585e-08,
    2.408305501688801e-08,
    2.940613071208039e-06,
    4.333366510067549e-08,
    2.5948205776652835e-08,
    8.413061474144001e-08
  ],
  "best_test_loss": 6.82293769038722e-08,
  "best_epoch": 9
}